S02B00002F55736572732F6D697961626C6F6E2F53696D706C696369747953747564696F2F76365F776F726B3E
S3150800000000080020490A0008FBEB0008FBEB000883
S3150800001077FB0008FBEB0008FBEB0008FBEB00088E
S31508000020FBEB0008FBEB0008FBEB0008FBEB00080A
S31508000030FBEB0008FBEB0008FBEB00083D6D000836
S31508000040FBEB0008FBEB0008FBEB0008FBEB0008EA
S31508000050FBEB0008FBEB0008FBEB0008FBEB0008DA
S31508000060FBEB0008E95A0008FBEB0008ED50000816
S31508000070DD500008FBEB0008FBEB0008FBEB000873
S31508000080FBEB0008FBEB0008FBEB0008FBEB0008AA
S31508000090FBEB000829120008FBEB0008FBEB000845
S315080000A0FBEB0008010E0008D90D0008FBEB000861
S315080000B0FBEB0008BDDF000869EA0008A910010883
S315080000C0A5100108F9E10008BF100108AD100108E4
S315080000D039EA0008B1100108A9EA000811EB00087E
S315080000E0FBEB0008FBEB0008B1740008FBEB00080B
S315080000F0FBEB0008FBEB0008FBEB0008FBEB00083A
S31508000100FBEB0008FBEB0008FBEB0008FBEB000829
S31508000110FBEB0008FBEB0008FBEB0008FBEB000819
S31508000120FBEB0008FBEB0008FBEB0008FBEB000809
S31508000130FBEB0008FBEB0008FBEB0008FBEB0008F9
S31508000140FBEB0008FBEB0008FBEB0008FBEB0008E9
S3150800015071CF0008FBEB00089310010899100108FD
S31508000160FBEB0008FBEB0008FBEB0008FBEB0008C9
S315080001702DE9F04F2DED028B93B082460C4693463F
S315080001801D4657EC106B8DED080B32463B46304644
S31508000190394608F0A9FC002800F009814FF0FF3223
S315080001A0B14B3046394608F0C7FC002840F0FF80BE
S315080001B04FF0FF326FF480133046394608F09EFC44
S315080001C0002840F0F48000220023DDE90867304665
S315080001D0394608F093FC002840F0FC809DED087B2A
S315080001E08DED067B209B13F48063119301D10623C2
S315080001F01E93DDE906010246C1F30A50C1F3130353
S31508000200904643F07F5949F44019A0F2FF3008F0B0
S3150800021099F983A3D3E9002308F0FEF982A3D3E969
S31508000220002308F043F806460F4600228F4B404647
S31508000230494608F039F87EA3D3E9002308F0ECF91B
S3150800024002460B463046394608F030F808F07EFC80
S31508000250064608F077F98046894677A3D3E900234E
S3150800026008F0DAF90022824B08F020F808F06EFC54
S31508000270074673A3D3E900234046494608F0CCF95C
S3150800028080468946384608F05DF96FA3D3E900230E
S3150800029008F0C2F902460B464046494608F004F8FB
S315080002A08046894602460B4608F0B6F9CDE90C01A8
S315080002B007F2FF3700210022CDE90A123B050B930E
S315080002C000230A9342464B464046494607F0EEFF4E
S315080002D0CDE90E0142464B4600204FF0804107F01B
S315080002E0E3FF804689460022624BDDE90C0108F0EF
S315080002F0BDFA0022604B07F0D9FF02460B46DDE93E
S315080003000C0108F0B3FA00225C4B07F0CFFF024657
S315080003100B46DDE90C0108F0A9FA02460B464046F1
S31508000320494607F0C3FF02460B46DDE90E0108F011
S315080003309DFA0022524B07F0B9FFDDE90A2308F0BF
S315080003406BF98046894649EC188BDDE9062308F0E7
S31508000350F3FB40B1013E0022474B4046494608F0B0
S3150800036085FA41EC180B06F16303C62B3BD8042724
S31508000370209B13F4006F40D035A3D3E90023DDE9B1
S3150800038006894046494608F0CDFB00283BD032A3F3
S31508000390D3E900234046494608F0B0FB002832D08E
S315080003A01E9BB34221DD9E1B731E1E931FE0209BDE
S315080003B002931F9B01931E9B00939DED080B2B46F2
S315080003C05A462146504600F0CBF813B0BDEC028BD6
S315080003D0BDE8F08F9FED227B8DED067B069607F133
S315080003E000430793FEE60527C2E700231E93209BDA
S315080003F043F48063209300273E461F9B9F4241D2C9
S31508000400A3EB070840E01E9B002BF6D0119B002BA0
S31508000410F3D01E9B013B1E93EFE700BFAFF30080AE
S31508000420FB799F501344D33FB3C8608B288AC63FD5
S3150800043061436F63A787D23F71A379094F930A4037
S315080004401655B5BBB16B0240EF39FAFE422EE63FB0
S315080004502D431CEBE2361A3F0000000080842E4133
S315080004600000000000000000FFFFEF7F0000F83FDB
S315080004700000E03F00002C40000024400000184027
S315080004800000F03F4FF00008209B13F0020902D04D
S315080004900FB14FF000083EB153EC182BDDE9060109
S315080004A008F0E4F9CDE9060100220023DDE9080198
S315080004B008F024FB00283BD1209B23F40063029319
S315080004C0CDF804801E9B00939DED060B2B465A46DD
S315080004D02146504600F044F8002F3FF476AF209BA3
S315080004E013F0200F2CD04FF0450C00F101082B46D5
S315080004F0024621466046D04786EAE672A2EBE672D5
S3150800050005230593013F0497002303930A230293C7
S31508000510F30F019300922B464246214650460FF0B0
S315080005205DFCB9F1000F3FF450AF02461F9F10E083
S31508000530DDE90601024601F10043CDE90623BBE7E2
S315080005404FF0650CD1E7561C2B4621462020D04794
S315080005503246A2EB0B03BB42F5D3104635E700BF84
S315080005602DE9F04F2DED028B93B005900891924638
S315080005709B4659EC108B1E9D42464B4640464946C3
S3150800058008F0B2FA002840D04FF0FF326FF480131B
S315080005904046494608F0B2FA002845D14FF0FF32E6
S315080005A0B14B4046494608F0C7FA00284BD1AAA3E2
S315080005B0D3E900234046494608F0BEFA00285AD136
S315080005C0A7A3D3E900234046494608F097FA00282E
S315080005D051D1002200234046494608F08FFA0028E8
S315080005E057D100230993209B13F4806F5CD0002415
S315080005F01F2C5BD8092D59D904F148036B443022C6
S3150800060003F8202C013D0134F2E7209B03931F9B3E
S31508000610029303230193954B00935B465246089930
S3150800062005980FF001FB10E1209B03931F9B029393
S31508000630042301938E4B00935B465246089905980E
S315080006400FF0F2FA01E1209B13F004030FD0894A58
S315080006507BB10423209903911F990291019300927B
S315080006605B465246089905980FF0DEFAEDE0824A95
S31508000670EEE70323EEE7209B02931F9B0193009569
S3150800068049EC108B5B46524608990598FFF770FDB2
S31508000690DBE042464B460020002107F005FE804677
S315080006A08946012309939EE70625A0E74046494661
S315080006B008F04CFA064607F045FF02460B46404648
S315080006C0494607F0F1FD6D4B03EBC50393ED008B2F
S315080006D053EC182B07F0A0FF02460B46CDE906237C
S315080006E008F05CFA074607F01DFF02460B46DDE9EF
S315080006F0060107F0D9FD02460B46CDE9062300227E
S315080007005F4B08F019FA50B30137384607F00AFF6D
S3150800071002460B4651EC180B08F0FAF908B10136F7
S31508000720002755BB304607F00DFF02460B464046EC
S31508000730494607F0B9FD804689460022504B08F025
S31508000740DDF938B100224E4B4046494608F0F4F927
S31508000750002842D016F0010F3FD001363DE00022B6
S31508000760474BDDE9060108F0C9F90028D9D117B1C8
S3150800077017F0010FD5D00137D3E71F2C17D8013D45
S31508000780404BA3FB0723DB08194603EB8303A7EBC0
S315080007904303621C303304F148000DEB000404F8EF
S315080007A0203C092F02D90F461446E6E714461F2CAB
S315080007B00AD86B1E45B104F148026A44302102F892
S315080007C0201C1D460134F2E71F2C06D804F1480305
S315080007D06B442E2203F8202C01341F2C17D82A4AE2
S315080007E082FB0632F317C3EBA2031A4603EB830315
S315080007F0A6EB4303611C303304F148000DEB0004FB
S3150800080004F8203C16460AB10C46E6E70C46209B3F
S3150800081003F00303012B39D01F2C09D8099B002BA1
S3150800082051D004F148036B442D2203F8202C0134DF
S31508000830209B03931F9B029301940AAB00935B468C
S315080008405246089905980FF0EFF913B0BDEC028BE4
S31508000850BDE8F08FAFF300800000000065CDCD4104
S315080008600000000065CDCDC1FFFFEF7F5C160108D3
S31508000870601601085016010858160108681601087E
S315080008800000E03FCDCCCCCC676666661F9BB3B153
S31508000890099B1BB9209B13F00C0F12D01F9B013B21
S315080008A01F93194606E004F148036B44302203F807
S315080008B0202C01348C42AFD21F2CF4D9ACE71F99F7
S315080008C0F8E71F99F6E7209B13F0040F07D004F109
S315080008D048036B442B2203F8202C0134A8E7209BFD
S315080008E013F0080FA4D004F148036B44202203F840
S315080008F0202C01349CE700BF0348044B834202D0F6
S31508000900034B03B11847704770810020708100209F
S3150800091000000000064B0749C91A891048BF013173
S31508000920491003D0044B0BB101481847704700BF64
S3150800093070810020708100200000000010B5064C70
S31508000940237843B9FFF7D8FF044B13B10448AFF334
S3150800095000800123237010BD987F0020000000004E
S315080009608C77010808B5054B1BB105490548AFF357
S315080009700080BDE80840FFF7CDBF00BF00000000BB
S31508000980400A00208C770108A3F5803A704700BF1B
S31508000990174B002B08BF134B9D46FFF7F5FF0021A9
S315080009A08B460F461348144A121A0FF048FD0E4B91
S315080009B0002B00D098470D4B002B00D098470020FD
S315080009C0002104000D000D48002802D00C48AFF3A2
S315080009D0008008F079FB200029000FF01BFB08F0C7
S315080009E0ABFA00BF0000080000000000000000008D
S315080009F00008002000080020E07F0020000000001A
S31508000A0000000000BFF34F8F0549CA6802F4E06290
S31508000A10044B1343CB60BFF34F8F00BFFDE700BF06
S31508000A2000ED00E00400FA0508B50448044A121A65
S31508000A30921004490EF0E2F808BD00BF80010008D4
S31508000A4080010008E07F002008B5154B83F30A886B
S31508000A5000F030F8FFF7E8FF124A0AE0106851681C
S31508000A6050F8230041F82300013391688B42F5D3EF
S31508000A700C320D4B9A4201D20023F6E70B4A08E0E6
S31508000A801168002041F82300013351688B42F7D3DF
S31508000A900832074B9A4201D20023F6E7FFF778FFA0
S31508000AA00000002094770108A0770108A0770108C4
S31508000AB0A077010870B5134B134A9A60D3F88820BB
S31508000AC042F47002C3F88820104A4FF480419166B8
S31508000AD00F4D05F500544FF0FF3222660D4A626647
S31508000AE00222C3F8D020BFF34F8FBFF36F8F0020C9
S31508000AF003F022F94FF44036E66000200EF04BFD75
S31508000B002E6170BD00ED00E0000000080090005066
S31508000B1000800044F7FF3700014B1860704700BF9C
S31508000B20F07F002008B5064B1860064B1B6F03F0D4
S31508000B300703032B00D008BD10F0F6FAFBE700BF49
S31508000B40F87F00200080005010B504460FE001230E
S31508000B50834024EA03040F2814D800EB40020E4B06
S31508000B6003EB82035A6812B19968C0B2904794B1F0
S31508000B70234600201F28EAD813F0010FE7D10130D9
S31508000B805B08F7E7103800EB40039B00B033024AD6
S31508000B9013440433E6E710BD580A002008B50D488B
S31508000BA010F0DAFB192003F0B7F828B91A2003F079
S31508000BB0B3F840B9002008BD192003F0BDF8192084
S31508000BC00EF0E9FCF2E71A2003F0B6F81A200EF048
S31508000BD0E2FCEFE7F815010840B310B504460378C0
S31508000BE04BB1022B1DD0032B1ED0012B01D00023A5
S31508000BF003E03F2301E040F2FF336278D34013F06D
S31508000C00010F15D010F09CFB2378627801219140E2
S31508000C1003EB43031B01074AD15010F08CFB00205D
S31508000C2010BD40F2FF33E8E73F23E6E7222070478E
S31508000C302120F5E740D0035040B310B504460378A9
S31508000C404BB1022B1DD0032B1ED0012B01D0002344
S31508000C5003E03F2301E040F2FF336278D34013F00C
S31508000C60010F15D010F06CFB2378627801219140B2
S31508000C7003EB43031B01074AD15010F05CFB00202D
S31508000C8010BD40F2FF33E8E73F23E6E7222070472E
S31508000C902120F5E740E00350002866D02DE9F04111
S31508000CA00C4615461F460646002960D002784AB10A
S31508000CB0022A3ED0032A3FD0012A01D0002303E0AE
S31508000CC03F2301E040F2FF337178CB4013F0010F68
S31508000CD001D1FF2A4DD1022D01D9042D4BD110F097
S31508000CE02FFB80463378FF2B28D12368B3F1FF3FCB
S31508000CF02BD02268B2F1FF3F32D0204B02EB4202E2
S31508000D0003EB82025760226802EB420203EB82037E
S31508000D10069A9A603378FF2B05D022680123934000
S31508000D20174AC2F82434404610F005FB0020BDE8F7
S31508000D30F08140F2FF33C7E73F23C5E72A4621681B
S31508000D40304602F029FC2060CFE73378FF2BD0D15C
S31508000D500C4BD3F8241470780EF0DFFB2060C8E73C
S31508000D60404610F0E8FA2D20E1E7222070472220BD
S31508000D70DDE72120DBE72120D9E700BF580A00205C
S31508000D8000D0035000C00350B0F1FF3F1AD038B569
S31508000D9004460F2818DC002818DB10F0D1FA0123C6
S31508000DA0A3400B4AC2F82034C2F82434094B04EB9A
S31508000DB0440203EB820200255560956010F0BBFAE9
S31508000DC0284638BD212070472120FAE72120F8E778
S31508000DD000E00350580A002008B5084BD3F824044D
S31508000DE0D3F82024104000F0553020F0502003F5A9
S31508000DF00053C3F82004FFF7A7FE08BD00C0035040
S31508000E0008B5084BD3F82404D3F82024104000F082
S31508000E10AA3020F0A02003F50053C3F82004FFF7FA
S31508000E2093FE08BD00C00350F0B585B00C46944645
S31508000E309DF83410664A1278002A00F0BD800546EF
S31508000E40BCF1070F00F2BA800A9A002A00F0B880AF
S31508000E500B9A002A00F0B6800E9AB2F5006F00F3DE
S31508000E60B38001285BD05B4A02EB0C12127B002A86
S31508000E7000F0AC8000220092019202920392564A38
S31508000E8002EB4C1E002C4FD14FEA4C160020905115
S31508000E90CEF80400CEF80800CEF80C009EF8020042
S31508000EA040F010008EF802009EF8030040F0300073
S31508000EB08EF8030021B9C1B241F003018EF8031080
S31508000EC000930E9B013B444A4FEA4C1002EB4C112F
S31508000ED0165A63F30E1616520A9B8B600B9B4B60D1
S31508000EE0CB789DF83C2062F38303CB70012D36D076
S31508000EF0109B002B56D0374A4FEA0C1102EB0C1305
S31508000F0010985050119A5A6000249C605D7372467E
S31508000F106946604602F0E4F9204605B0F0BD0C9A31
S31508000F20002AA0D12D48F8E72B4F4FEA4C1607EBBD
S31508000F304C120020B85150609060D060907840F014
S31508000F4010009070D07840F00300D0700029B7D117
S31508000F5007EB4C12C1B241F03001D170B0E70E4632
S31508000F600A7B42F001020A73D2B242F002020A7305
S31508000F70CA68042161F39F02F26006F1100796E839
S31508000F800F0087E80F00F2696FF0030161F39F0213
S31508000F90F2610C9B7361012CAAD10B9AB2610C9A6F
S31508000FA07260A5E7002DA6D10B4B03EB4C139A787C
S31508000FB06FF304129A709EE70948AEE70748ACE754
S31508000FC00648AAE70548A8E70448A6E70548A4E7A7
S31508000FD0997F0020C00C0020C00B0020018000F083
S31508000FE0028000F0078000F0134B1B78FBB110B5A8
S31508000FF00446F0B110F0A4F90023072B13D80F4AC2
S3150800100002EB0312127B0AB10133F6E723600B4A9F
S31508001010190102EB031301241C730024545010F029
S315080010208AF9204602E010F086F9054810BD054801
S3150800103070470548FAE700BF997F0020C00C0020DA
S31508001040048000F0028000F0018000F038B510F04E
S3150800105077F904460023072B06DC0C4A02EB031239
S31508001060127B12B90133F6E7002222B1204610F0AE
S3150800107062F9074838BD02F0DFF80025054B1D70F8
S31508001080204610F058F92846F4E700BFC00C0020A7
S31508001090058000F0997F00200F4B1B78BBB110B577
S315080010A00446072815D810F04BF90C4B03EB04132C
S315080010B01B7B1BB910F03FF909480BE0074B03EB04
S315080010C0041300241C7310F036F9204602E0054884
S315080010D07047054810BD00BF997F0020C00C00204E
S315080010E0068000F0028000F0018000F000B583B0B1
S315080010F0134B1B68019300238DF8043010F020F978
S31508001100104B1B7833B90F4B01221A7010F013F9E4
S31508001110002309E010F00FF90B480EE00B4A02EB2A
S315080011200312002111730133072BF7DD08238DF80D
S31508001130073001A802F0A4F8002003B05DF804FB0C
S3150800114098130108997F0020038000F0C00C002046
S3150800115010B5104C2478BCB1072817DC0E4C04EBEC
S315080011600014247BA4B10C4C4FEA001E04EB001CAF
S3150800117044F80E30029BCCF804300024CCF8084022
S3150800118002F0AEF8204610BD0448FCE70448FAE72A
S315080011900448F8E7997F0020C00C0020028000F080
S315080011A0018000F0078000F008B50A4B1B785BB198
S315080011B007280BD8084B03EB00131B7B43B1002110
S315080011C002F050F8002008BD0448FCE70448FAE796
S315080011D00448F8E7997F0020C00C0020028000F040
S315080011E0018000F0078000F008B50A4B1B785BB158
S315080011F007280BD8084B03EB00131B7B43B10121CF
S3150800120002F030F8002008BD0448FCE70448FAE775
S315080012100448F8E7997F0020C00C0020028000F0FF
S31508001220018000F0078000F0F8B5194B1F6D5B6D63
S315080012301F4002D40125002402E0FEE701346D00B8
S31508001240072C24D83D42F9D0124B1D652301124ABA
S31508001250D358002BF2D002EB0416B1680131B16005
S3150800126072682046984780F00100C0B2737B012B54
S31508001270E4D10028E2D0094B03EB44131A7B6FF341
S3150800128041021A731A7F6FF341021A77D6E7F8BD3F
S315080012900000045000200450C00C0020C00B0020A1
S315080012A038B505460C46164BD3F8283103F0070324
S315080012B0013B052B20D8DFE803F003131B0F0B17A0
S315080012C00FF00CFF052305B1286004B1236038BD73
S315080012D00FF004FF0623F6E70FF04AFF0723F2E7AD
S315080012E00FF03CFF0323EEE70FF038FF0423EAE78D
S315080012F00FF030FF0223E6E700231846E3E700BFB6
S315080013000080005030B583B005460C460023019393
S31508001310154BD3F8203203F00703042B21D8DFE856
S3150800132003F0030B11161B0001230DB1019A2A6065
S3150800133004B1236003B030BD002101A8FFF7B0FF58
S315080013401223F2E70FF014FF01900723EDE70FF0E1
S31508001350FDFF01900A23E8E70FF054FF01900923E7
S31508001360E3E70023E1E700BF00800050024B4FF49B
S3150800137080321A67704700BF00900050204B984291
S3150800138036D009D91F4B984236D01F4B984222D1E6
S315080013901E4BD3F8D0007047A3F5B703A3F55863DF
S315080013A0984221D006D91A4B984212D1174BD3F836
S315080013B0BC007047174B984202D0174B984203D18E
S315080013C0124BD3F8A0007047144B9842F8D000206F
S315080013D0704700207047124B984203D10B4BD3F845
S315080013E0C800704700207047084BD3F8B80070470C
S315080013F0064BD3F8C0007047044BD3F8CC007047AF
S31508001400C0EA21010048E801005A62020080E00FA4
S315080014100024F40080841E0000093D0040420F00AD
S3150800142080BA8C0138B505460C460F4BD3F8803088
S3150800143003F00303022B0ED0032B10D0012B06D08A
S315080014400023184605B1286004B1236038BD0FF0A3
S315080014504BFE0E23F6E70FF08BFE0723F2E70FF09D
S315080014603DFE0623EEE700BF0080005038B505466E
S315080014700C46104BD3F8000100F00300032815D8DA
S31508001480DFE800F002080C10012305B1286004B15A
S31508001490236038BD0FF062FE0323F6E70FF0B2FEB5
S315080014A00923F2E70FF060FE0823EEE7002318464B
S315080014B0EBE700BF0080005038B505460C46174BD1
S315080014C0D3F8200100F00700062823D8DFE800F04B
S315080014D0040A0E16121A1E00012305B1286004B16B
S315080014E0236038BD0FF0FAFD0523F6E70FF036FE48
S315080014F00323F2E70FF03CFE0723EEE70FF02AFE80
S315080015000223EAE70FF0EAFD0623E6E70FF026FED8
S315080015100423E2E700231846DFE700BF00800050F7
S3150800152038B505460C46104BD3F8400100F00300C9
S31508001530032815D8DFE800F002080C10012305B1CE
S31508001540286004B1236038BD0FF000FF0A23F6E7D0
S315080015500FF058FE0923F2E70FF0FBFE0C23EEE727
S3150800156000231846EBE700BF0080005030B583B073
S3150800157005460C4600230193144BD3F8603203F05A
S315080015800703013B032B1FD8DFE803F0020E1914EB
S31508001590002101A8FFF790FF10230DB1019A2A60D8
S315080015A004B1236003B030BD002101A8FFF7B8FFDE
S315080015B01123F2E70FF0DCFD01900723EDE70FF0AA
S315080015C0C9FD01900223E8E70023E6E70080005002
S315080015D030B583B005460C4600230193144BD3F867
S315080015E0943203F00703013B032B1FD8DFE803F00F
S315080015F0020E1914002101A8FFF75EFF10230DB192
S31508001600019A2A6004B1236003B030BD002101A805
S31508001610FFF786FF1123F2E70FF0AAFD01900723D3
S31508001620EDE70FF097FD01900223E8E70023E6E7D0
S315080016300080005030B583B005460C460023019360
S315080016400C4BD3F8703203F00303012B09D0022B9D
S315080016500DD115230DB1019A2A6004B1236003B098
S3150800166030BD002101A8FFF75BFF1123F2E7002335
S31508001670F0E700BF0080005038B505460C46104B11
S31508001680D3F8600100F00300032815D8DFE800F05E
S3150800169002080C10012305B1286004B1236038BD87
S315080016A00FF054FE0A23F6E70FF0ACFD0923F2E724
S315080016B00FF04FFE0C23EEE700231846EBE700BFBA
S315080016C000800050324B984252D029D8314B98426C
S315080016D048D009D9304B984247D0304B98421DD153
S315080016E02F4BD3F8800070472E4B984237D005D938
S315080016F02D4B984210D12A4B186F70472B4B9842A6
S3150800170002D02B4B984202D1254B986D7047294B36
S315080017109842F9D000207047002070470020704793
S31508001720254B98422CD00CD9244B98422CD003F543
S31508001730740303F5105398420FD1194BD3F8980048
S3150800174070471F4B984217D01E4B984203D1144B33
S31508001750D3F88C0070470020704700207047104B64
S31508001760586E70470E4B586F70470D4B986F704701
S315080017700B4BD3F884007047094BD3F888007047A1
S31508001780074BD3F890007047054BD3F89400704781
S315080017900048E8010024F400C0EA210180BA8C015F
S315080017A00080E00FC0CF6A00405DC60080841E003E
S315080017B000093D0040420F00007E56030090D0030A
S315080017C080D54302006CDC0270B582B006460D4631
S315080017D000230193104BD3F8804104F00304022C34
S315080017E016D0032C0FD0012C07D000240EB1019B74
S315080017F0336005B12C6002B070BD002101A8FFF767
S315080018005BFE1024F2E70FF0B3FC01900724EDE726
S315080018100FF0A0FC0190E9E70080005038B50546B6
S315080018200C46104BD3F8400200F00300032815D8E5
S31508001830DFE800F002080C10012305B1286004B1A6
S31508001840236038BD0FF082FD0A23F6E70FF0DAFCB5
S315080018500923F2E70FF07DFD0C23EEE70023184677
S31508001860EBE700BF0080005038B505460C46134B21
S31508001870D3F8000200F0070004281BD8DFE800F0C0
S3150800188003090D111500012305B1286004B1236071
S3150800189038BD0FF05BFD0A23F6E70FF0B3FC09230A
S315080018A0F2E70FF056FD0C23EEE70FF03DFC800A39
S315080018B00F23E9E700231846E6E700BF008000503B
S315080018C038B505460C46134BD3F8080200F0070056
S315080018D004281BD8DFE800F003090D1115000123C1
S315080018E005B1286004B1236038BD0FF02FFD0A2327
S315080018F0F6E70FF087FC0923F2E70FF02AFD0C2321
S31508001900EEE70FF011FC800A0F23E9E700231846DB
S31508001910E6E700BF00800050B0F5207F20D00ED843
S31508001920B0F5007F16D020D810B1B0F5C07F04D12D
S315080019300F4B186FC0F3033018E0002016E0B0F51F
S31508001940607F05D10A4BD3F88000C0F301100DE083
S3150800195000200BE0064BD3F89000C0F3046005E0C6
S31508001960034B186FC0F3802000E000200130704759
S315080019700080005038B505460C46174B4FF48032A8
S315080019809A660020FFF7C8FF05FB00F0134BDA69DB
S3150800199002F4803241F67131D9635B6823F440134F
S315080019A06CB90F49884207D800210B430B494B6095
S315080019B00AB10022CA6338BD4FF48011F5E7002C3E
S315080019C007DD0849884201D80021EEE74FF4801167
S315080019D0EBE74FF44011E8E7009000500000035091
S315080019E0005A6202002D3101430905D0012B0DD0A2
S315080019F0022B0DD0002200E0002200F01F0049B1A2
S31508001A0002F580520123834013607047034AF4E7C6
S31508001A10034AF2E702F50052F4E700BF648000507B
S31508001A206880005008B580200DF040F9034B9842B5
S31508001A3003D8034B4FF480321A6708BD005A620276
S31508001A4000A0005000B583B000230193B0F5807F55
S31508001A5000F04A8118D9B0F5F06F00F04A8140F2DB
S31508001A60DB80B0F5206F00F0538140F20481B0F5B9
S31508001A70406F00F04881B0F5486F40F00C8101A92D
S31508001A800020FFF7A5FDDFE0802800F2DD8024288E
S31508001A90C0F0DA8024385C2800F2D68001A353F817
S31508001AA020F000BFDF1C0008DF1C0008DF1C000850
S31508001AB0DF1C0008DF1C0008491C0008D51C0008AC
S31508001AC0491C00086D1C0008FD1C0008491C00087C
S31508001AD0491C0008491C0008491C0008491C000844
S31508001AE0491C0008491C0008491C0008491C000834
S31508001AF0491C0008491C0008491C0008491C000824
S31508001B00491C0008491C0008F31C00082D1C000885
S31508001B10491C0008491C0008491C0008491C000803
S31508001B20491C0008491C0008491C0008491C0008F3
S31508001B30491C0008491C0008491C0008491C0008E3
S31508001B40491C0008491C0008DF1C0008491C00083D
S31508001B50491C0008491C00088D1C0008491C00087F
S31508001B60491C0008111D00089D1C00085D1C000882
S31508001B70071D0008491C0008491C0008491C0008E4
S31508001B80491C0008491C00087F1A0008491C00085F
S31508001B90491C0008491C0008491C0008491C000883
S31508001BA0491C0008491C0008491C0008491C000873
S31508001BB0491C0008491C0008491C0008491C000863
S31508001BC0491C0008491C0008491C0008491C000853
S31508001BD0491C0008491C0008491C0008491C000843
S31508001BE0491C0008491C0008491C0008491C000833
S31508001BF0491C0008491C0008491C0008491C000823
S31508001C00491C0008491C0008491C0008491C000812
S31508001C10491C0008A71C0008B0F5B06F5AD00AD9AD
S31508001C20B0F5D06F6AD0B0F5E06F1CD101A90020DD
S31508001C30FFF7F4FD08E0B0F5607F04D101A90020A4
S31508001C40FFF7F0FB00E003D2019803B05DF804FB50
S31508001C50B0F5806F43D0B0F5A06FF5D101A900208B
S31508001C60FFF750FBF0E7B0F5C06FEDD101A90020F2
S31508001C70FFF756FCE8E7B0F5086F04D101A9002084
S31508001C80FFF7F4FBE0E7B0F5106FDDD101A90020FE
S31508001C90FFF716FED8E7B0F5286FD5D101A90020C1
S31508001CA0FFF7C8FCD0E71D4B1B6F03F00703013B8A
S31508001CB0032BC9D8DFE803F00B02050805230193B7
S31508001CC0C2E703230193BFE708230193BCE7022376
S31508001CD00193B9E701A90020FFF776FDB4E701A94A
S31508001CE00020FFF7E9FBAFE701A900200CF0B9FFD8
S31508001CF0AAE701A90020FFF7BFFCA5E701A9002074
S31508001D00FFF7B2FDA0E701A90020FFF7C9FA9BE794
S31508001D1001A90020FFF72AFC96E700BF00800050C3
S31508001D20094B596E03F580534FF480325A66074AB9
S31508001D30536A23F00103536211F4803F03D1044B25
S31508001D404FF480325A6670470080005000C0075032
S31508001D5000A0005010B504468020FFF773FE032844
S31508001D6000F0AE805D4B4FF480125A665C4B45F628
S31508001D700E02C3F8802003F580524FF0A0619162ED
S31508001D8003F500534FF480329A62554B9B6D13F45A
S31508001D90803FFAD1524B9B6D13F0804FFAD12268DF
S31508001DA063681B0543EA0263227B43EA0243627BBC
S31508001DB043EA0233A27B43EA8213E27B1343484A8F
S31508001DC01361936903F00043216943EA81636169FA
S31508001DD043EA0163217E43EA0143617E43EA012324
S31508001DE0A17E0B439361136A23F00F03E269002A6D
S31508001DF046D111460B43E17E43EA81031A43384B29
S31508001E001A62E369002B3DD1354A916A354B0B407E
S31508001E1094F8201043EA411394F8211043EA011379
S31508001E2094F8241043EAC10343F4803393622C4B9D
S31508001E309A6D2D4B9343FAD1294A02F580514FF0FA
S31508001E4080738B62136923F47003A06843EA005316
S31508001E5013614FF000438B6194F822301BB9234B72
S31508001E604FF080729A6294F8233013BB1F4B4FF4DD
S31508001E7080329A621A4B9B6D13F0804FFAD118E0A4
S31508001E800821B7E7022B1CD0154A916A154B0B405F
S31508001E9094F8201043EA411394F8221043EA0163A8
S31508001EA094F8241043EAC10394F8231043EA014343
S31508001EB0936294F825301BB1094B0D4AC3F880206C
S31508001EC010BD074B00221A619A614FF408524FF46D
S31508001ED07F4108480CF0B7FED6E700BF00900050D7
S31508001EE00040005AC7FFFEFE030001000060005ACA
S31508001EF0F1A7FFFF3440005A014B93F900007047E1
S31508001F005E81002010B443784F2B28BF4F231A4612
S31508001F101C4B4FF40001596603F5B8334FF4D15101
S31508001F20596203F5805102244C6003F500530121E0
S31508001F305960154B1B6913F4803FFAD1037842EABE
S31508001F400323114A5361416883681B0143EA01234D
S31508001F50017B43EA4103417B0B439360817BC37B4F
S31508001F601B0143EA4113017C43EA4103417C0B43CD
S31508001F705360837C1BB113466FF4D1525A625DF8E5
S31508001F80044B70470090005000000250014B188027
S31508001F90704700BF52810020014B1880704700BF70
S31508001FA05081002008B51B4B4FF480025A6603F592
S31508001FB0D83302225A60184B9B6813F4803FFAD133
S31508001FC0012806D0144B00225A62134B00225A608D
S31508001FD008BD0FF0C3F8114B984212D003F512232F
S31508001FE003F5F863984210D000EB8001490A400ACD
S31508001FF00B4AB2FBF0F2084BD9621A6301225A6205
S31508002000E3E745F67A120749F5E745F61A0206495F
S31508002010F1E700BF009000500040025000F049026E
S3150800202064666666D8B80500BBCF0500B0F5207FA4
S315080020305DD02DD8B0F5007F4ED061D810B1B0F57F
S31508002040C07F24D110B54C1E0CF029FE0DF009F8FE
S31508002050FFF78CF92B4A136F23F4704343EA0433D2
S3150800206013670FF061F8284BD3F8843013F0100F7C
S31508002070F9D1254BD3F88410C1F38111C1F10201BE
S315080020800CF0E4FF00F058F8FFF7CCFC10BD7047E1
S31508002090B0F5607F1FD11D4BD3F8FC2012F080727B
S315080020A006D01846D3F8FC3023F08073C0F8FC300D
S315080020B001391448D0F8803023F0300343EA01137D
S315080020C0C0F88030E2B1114AD2F8FC3043F0807390
S315080020D0C2F8FC307047704701390A4AD2F8903086
S315080020E023F0F85343EA0163C2F890307047013988
S315080020F0044A136F23F4806343EA81231367704706
S31508002100704700BF008000500040005000ED00E01E
S3150800211008B50121022000F0F3FC4FF42070FFF708
S31508002120FBFB044B18700CF0BAFD0CF09AFFFFF796
S315080021301DF908BD9A7F002008B54FF4C0700CF051
S31508002140B5FD054B984205D902214FF42070FFF7DB
S315080021506DFF08BD0121F8E780F0FA0210B50446C4
S315080021600EF0E2FF0F4BD3F8843013F0100FF9D1BD
S315080021700C4BD3F88410C1F38111C1F102010CF0A4
S3150800218065FF0121002000F001FD24B1FFF7D4FF0F
S31508002190FFF748FC10BD044B19784FF42070FFF781
S315080021A045FFF5E7004000509A7F002070B50C46C1
S315080021B0B0F5807F00F0348229D9B0F5F06F00F0D1
S315080021C0938240F2EB80B0F5206F00F01A8340F25C
S315080021D06081B0F5406F00F0EC82B0F5486F40F0D2
S315080021E07E81023C0F2C00F22B83DFE814F03903C2
S315080021F02903290329032903330329032903290367
S3150800220029032903290329032903350337038028CA
S3150800221000F20F812428C0F00C8124385C2800F2D3
S31508002220088101A353F820F0E5250008E5250008F4
S31508002230E5250008E5250008E525000833240008FB
S31508002240BD250008332400086D2400081D27000852
S3150800225033240008332400083324000833240008F4
S3150800226033240008332400083324000833240008E4
S3150800227033240008332400083324000833240008D4
S31508002280332400083324000833240008E92600080C
S31508002290B523000833240008332400083324000833
S315080022A033240008332400083324000833240008A4
S315080022B03324000833240008332400083324000894
S315080022C0332400083324000833240008E5250008D1
S315080022D0332400083324000833240008C5240008E2
S315080022E0332400083324000803280008E5240008DE
S315080022F043240008B32700083324000833240008C1
S31508002300332400083324000833240008E321000896
S315080023103324000833240008332400083324000833
S315080023203324000833240008332400083324000823
S315080023303324000833240008332400083324000813
S315080023403324000833240008332400083324000803
S3150800235033240008332400083324000833240008F3
S3150800236033240008332400083324000833240008E3
S3150800237033240008332400083324000833240008D3
S3150800238033240008332400083324000833240008C3
S31508002390332400083324000805250008B0F5B06F7B
S315080023A000F00C8119D9B0F5D06F00F0B781B0F5FF
S315080023B0E06F58D10B2C00F21A820A2C80F01B828F
S315080023C0092C40F01A820222A249D1F8403223F0A1
S315080023D003031343C1F840322BE0B0F5607F27D1E1
S315080023E09D4BD3F8FC2012F0807206D01946D3F81C
S315080023F0FC3023F08073C1F8FC30072C00F0C38151
S315080024000E2C00F0C281062C00F0BB8100209149F9
S31508002410D1F8803023F003030343C1F8803042B17A
S315080024208D4AD2F8FC3043F08073C2F8FC3000E0E5
S3150800243000D270BDB0F5806F00F0D480B0F5A06F03
S31508002440F7D1073C0B2C00F2A281DFE814F0AA01B1
S31508002450A001AE01AC01AC01A001A001A001A00140
S31508002460A001A001B001B0F5C06FE2D10B2C00F2BB
S3150800247031810A2C80F03281092C40F03181022208
S315080024807449D1F8403123F003031343C1F84031AE
S31508002490CFE7B0F5086F12D1082900F06E81092937
S315080024A000F06D81032900F066810021694AD2F89F
S315080024B0003123F003030B43C2F80031B9E7B0F546
S315080024C0106FB6D1093C062C00F24381DFE814F000
S315080024D04301490149014501410141014701B0F55F
S315080024E0286FA6D1112C00F0BD81152C40F0BC81B7
S315080024F00221584AD2F8703223F003030B43C2F87C
S31508002500703296E78B1E062B05D8DFE803F0513F9D
S31508002510045404044E0000252E460121022000F032
S31508002520EFFA0CF0BCFB0CF09CFDFEF71FFF494AC6
S31508002530136F23F00703334313670EF0F5FD474B7C
S31508002540D3F8843013F0100FF9D1444BD3F8841024
S31508002550C1F38111C1F102010CF078FD01210020BF
S3150800256000F014FBFFF7E8FDFFF75CFA002D7FF497
S3150800257060AF032C7FF45DAF394B4FF480329A621B
S31508002580384B9B6D13F0804FFAD152E7364B4FF418
S3150800259080125A66334B9D6AC5F3006503F580536E
S315080025A04FF480329A620E46B7E700250426B4E750
S315080025B000250126B1E700250226AEE7072C0DD037
S315080025C0102C0DD0022C00D00024224AD2F88031DB
S315080025D023F003032343C2F880312AE70324F4E7F0
S315080025E00124F2E7023C052C04D8DFE804F00905CB
S315080025F00D0F0B0700210AE0022108E0042106E07E
S31508002600032104E0052102E0062100E00121114A28
S31508002610D2F8203123F007030B43C2F8203108E72C
S31508002620A1F10904082C3FF604AF01A353F824F0DE
S315080026306D2600086D260008332400086D2600085C
S31508002640A126000833240008332400083324000890
S315080026506D2600080080005000ED00E000400050A4
S315080026600060005A0040005A009000507F4B596E97
S3150800267003F580534FF480325A667D4A536A43F015
S315080026800103536211F4803F03D17A4B4FF4803231
S315080026905A664FF0E022136923F004031361C8E673
S315080026A0724B596E03F580534FF480325A66704A5E
S315080026B0536A23F00103536211F4803F03D16D4B33
S315080026C04FF480325A664FF0E022136943F0040350
S315080026D01361AEE60C2C05D10322D1E60122CFE622
S315080026E00022CDE60022CBE60B2C0DD80A2C0FD201
S315080026F0092C0FD102225D49D1F8603123F003037A
S315080027001343C1F8603194E60C2C05D10322F2E795
S315080027100122F0E70022EEE70022ECE7093C062C4E
S3150800272005D8DFE804F0060C0C0804040A000021AA
S3150800273006E0022104E0032102E0042100E0012171
S315080027404A4AD2F8003223F007030B43C2F8003294
S315080027506FE6002106E0022104E0032102E00421DD
S3150800276000E00121414AD2F8083223F007030B435F
S31508002770C2F808325DE6012198E6032196E60221B1
S3150800278094E6032043E6022041E601203FE60021C5
S31508002790364AD2F8203223F007030B43C2F8203218
S315080027A047E60221F4E70321F2E70421F0E70121D5
S315080027B0EEE7023C052C04D8DFE804F0090B0D0F00
S315080027C0050700210AE0052108E0042106E00321A7
S315080027D004E0022102E0062100E00121234AD2F8A2
S315080027E0283123F007030B43C2F8283121E60C2CC5
S315080027F005D10322E8E50122E6E50022E4E5002208
S31508002800E2E5023C0F2C09D8DFE804F018080808AE
S315080028100812080808080808080814160021134AA8
S31508002820D2F8603223F007030B43C2F8603200E6A1
S315080028300421F4E70121F2E70221F0E70321EEE79C
S3150800284000210A4AD2F8943223F007030B43C2F850
S315080028509432EEE50421F4E70121F2E70221F0E7DC
S315080028600321EEE7012144E6002142E600800050FC
S3150800287000C0075000A000502DE9F0410646844BE1
S315080028804FF4C0225A6603F598335C6804F00104D5
S3150800289003F5005301225A607E4B5B6813F0020F62
S315080028A0FAD130687C4BD3F88430C3F3001513F0A3
S315080028B0100FF7D1784BD3F88430C3F38113012B6B
S315080028C001D02B4606E0754B984200F2D8802B467D
S315080028D000E00133182B0AD81A0171498A58904228
S315080028E0F7D301EB031252689042F2D800E00023B6
S315080028F0192B00F0C6806A4A02EB0313D3F8088046
S31508002900D86848BB8020FFF79DF805282BD00027FC
S31508002910644BDB6813F0060FFAD1624B9A68C3F86A
S3150800292008809B6883EA080313F4F8137DD1B188FD
S31508002930F28842EA01425749CA60B268032A31D08E
S31508002940092A66D0082A37D15749D1F8002142F01A
S315080029500302C1F800212FE0FEF7B4FE00F07F0065
S3150800296048EA0008CEE70CF09AF90CF07AFBFEF775
S31508002970FDFC4FF4C070FEF7CFFF0546012803D0D3
S31508002980022808D00027C3E702214FF4C070FFF7DA
S315080029904DFB0127BCE704214FF4C070FFF746FB47
S315080029A00127B5E7A1F5A031D1F8002122F00302ED
S315080029B042F00102C1F80021327D002A33D00422F8
S315080029C0717D01B140231343327B43EA42033269E6
S315080029D01343304A93603068FEF79EF800262D4B65
S315080029E003F500520721116103F5805301225A604D
S315080029F0284B1C6914F00704FAD08020FFF722F848
S31508002A00052819D0002E3ED1012C3ED03046BDE80F
S31508002A10F0812549D1F8002122F0030242F0020292
S31508002A20C1F80021C8E71A46CAE71E4B9A600CB1DE
S31508002A300126D4E70126E0E7DFB90EF075FB054667
S31508002A400EF04CFB0EF04AFB134BD3F8843013F010
S31508002A50100FF9D1104BD3F88410C1F38111C1F1CD
S31508002A60020128460CF0F2FAFFF766FBFEF7DAFFDA
S31508002A70C8E729464FF4C070FFF7D8FADDE7002605
S31508002A80C4E70026C2E70026C0E70126BEE700BF66
S31508002A900090005000C0015000400050005A6202E9
S31508002AA09C130108000001500080005010B5044630
S31508002AB0FEF764FC0A4B4FF400225A6620F0407079
S31508002AC0084A944206D0084A944206D04FF0B442C7
S31508002AD0906010BD40F00070F8E740F08070F5E7B0
S31508002AE00090005040420F0080841E00034AD36EB7
S31508002AF023F0300301790B43D3667047004000503A
S31508002B00F8B50446204BD3F8843013F0100FF9D1EA
S31508002B101D4BD3F88430C3F381139C422DD00EF09D
S31508002B20E3FA0646012C11D00EF001FC0546164FB5
S31508002B3007F500534FF000725A6620460CF098FAD3
S31508002B40621E4FF4806393403B6706E001210CF058
S31508002B507DFAE9E70C4BD3F884300B4B5B6E13F028
S31508002B60007F05D1084BD3F8843013F0200FF1D03D
S31508002B7028460EF0D7FB022C00D0F8BD00213046BF
S31508002B800CF064FAF9E700BF0040005010B50C4697
S31508002B90034650B1094A127812B1094A934208D934
S31508002BA021460220FFF7ACFF10BD0EF09DFA034642
S31508002BB0F0E721460120FFF7A3FFF5E7400D0020C7
S31508002BC0005A620238B52F4B4FF000425A6603F599
S31508002BD00B235C6C04F001044AF6CD321A64E8B99A
S31508002BE0294B5B6B13F00103FAD1274A556815F098
S31508002BF0010539D002F50052012151601A462249D1
S31508002C00096B11F0010F04D120498A4201D801321B
S31508002C10F5E71E498A422FD81D4625E000231A4AA1
S31508002C20126B12F0080F04D0184A934201D80133E8
S31508002C30F5E7164A934221D8134B03F50052202193
S31508002C40916203F5805301225A60002300E00133A4
S31508002C500D4A926A12F0200F02D10C4A9342F6D915
S31508002C600A4A93420CD8002514B1074B084A1A643D
S31508002C700DF02BFF284638BD0725F5E70725F3E7AE
S31508002C800725F1E700900050004009503F420F0029
S31508002C903254FFFF10B51A4B4FF000425A6603F53F
S31508002CA00B235C6C04F001044AF6CD321A644378AF
S31508002CB05B0043F00103134AD363134B5B6B13F0BA
S31508002CC00B0FFAD1104A536823F4F873817843EA54
S31508002CD001135360C178437943EA0123936001796C
S31508002CE0837943EA012313610078FFF76BFF14B178
S31508002CF0054B064A1A640DF0E8FE012010BD00BF18
S31508002D000090005000400050004009503254FFFF28
S31508002D1010B50F2800D90F20124B5C6E03F58053AF
S31508002D204FF000425A6603F50B235A6C02F0010273
S31508002D304AF6CD3119640C4B5B6B13F0800FFAD150
S31508002D4009490B6A23F00F0303430B620AB1074ACA
S31508002D500A64002C03DB064B4FF000425A660DF05E
S31508002D60B4FE10BD00800050004009503254FFFFE9
S31508002D7000A0005010B5134B5C6E03F580534FF05E
S31508002D8000425A6603F50B235A6C02F001024AF612
S31508002D90CD3119640C4B5B6B13F0800FFAD10A49DD
S31508002DA00B6A23F4F85343EA00230B620AB1074A75
S31508002DB00A64002C03DB064B4FF000425A660DF0FE
S31508002DC084FE10BD00800050004009503254FFFFB9
S31508002DD000A00050054B984206D0054B984201D0FA
S31508002DE00020704757207047562070470000015B47
S31508002DF000000A5010B504460CF03BF9042307E01E
S31508002E0004F5805304221A6104F500531A610B462F
S31508002E10591E002BF4D1202323610023E360A3600D
S31508002E2041F202026261A361A3654FF4A0226262C5
S31508002E30E3612362A362E3626363236504F50052D8
S31508002E400149D164236310BDFF3F0D03F8B504465D
S31508002E5015460846E1B1A36813F0010F34D0666839
S31508002E60B0FBF5F0451E16F001062BD0636D13F086
S31508002E70280FFBD1A36C13F0030F0FD1A36C13F02B
S31508002E80010F1BD1A36C13F0020F19D1002706E01E
S31508002E902046FFF79FFF0BF009FFDCE705272046D2
S31508002EA00CF0E7F8236923F07F4343EA05632361BF
S31508002EB06EB3394620460CF0FBF828E00927EEE702
S31508002EC00627ECE70027EDE76368A36D13F0010F0B
S31508002ED000D06D00A36803F0E003402B1DD017D97E
S31508002EE0602B1ED0802B12D10123400105FB03F372
S31508002EF0B0FBF3F020380C4A02EAC002636D13F007
S31508002F00010FFBD12263636D13F0010FFBD1F8BDEE
S31508002F102BB1202BFBD10823E7E70623E5E710238F
S31508002F20E3E70423E1E700BFF8FF7F00F8B50446AE
S31508002F300D4617461E46436823B1616DC1F30B0162
S31508002F400029FAD12046FFF755FF636923F44C534D
S31508002F5023F00F036A7B1343EA8913432A8A134330
S31508002F606361A36823F0804323F0E2032A7B1343BB
S31508002F702A7E13436A691343A360AB681BB9A36827
S31508002F8043F00043A360EB69002B69D0A2687B4934
S31508002F9011401A7A41EA82519A7A41EA42419A885C
S31508002FA002F4C04211435A7841EA82015A7B41EA47
S31508002FB0C2019A7B41EA02119B7841EA8321A1600A
S31508002FC0E2686F4B1340EA6911690B4351690B4379
S31508002FD0917943EA8123D27943EA4223E360EB6994
S31508002FE01B78012B01D0032B03D1E36843F00403BC
S31508002FF0E360EB691B78023BDBB2012B67D9614BB7
S315080030009C427CD0604B9C4277D04FF0FF335B01EB
S3150800301003F1A04303F5703342F29442022199501A
S31508003020EB695A7A04F580539A62EB695B7A1BB1AD
S31508003030E36843F40063E360EB69DB7A4BB1E3686A
S3150800304043F40043E3604F4B9C425AD04E4B9C429C
S315080030505ED0636A23F00303EA69D27B1343636293
S315080030603FB197F82030002B5AD004F5805301223F
S315080030701A62DEB12B7E23B104F580534FF4004269
S315080030809A65404B9C425CD03F4B9C4257D0A36DFF
S3150800309023F4F95323F01E0396F821201343728C68
S315080030A01343A36504F5805301229A6504F58053FA
S315080030B001225A60AA68002A5BD1297820460BF0BB
S315080030C0F7FFA36CDB4313F4405FFAD1F8BD2D4B31
S315080030D09C4210D02C4B9C420BD04FF0FF335B0127
S315080030E003F1A04303F5703341F29442022199504B
S315080030F096E70123F3E70023F1E7012387E7002397
S3150800310085E7EB691B7B03F00F03204A53679DE7AE
S31508003110EB691B7B03F00F031C4AC2F8803098E763
S31508003120E36923F0090397F82220134397F821202F
S31508003130134343F0010304F58052D36199E7012351
S3150800314000E0002396F82120102A0AD8104A012107
S31508003150D154728CB2F5006F07D80E4A0121D154AA
S3150800316095E70B4A0221D154F3E70A4A0221D154C2
S315080031708DE769682046FFF769FE9EE7E39BBDFF7A
S31508003180FFF9F0870000015B00000A500090035029
S31508003190480D0020440D0020F8B504460D461E468D
S315080031A017463AB1FBB101228A4000EB40010901FA
S315080031B01D4B5A50072D1ED8A90004EB44031B01CA
S315080031C007FA01F20F2000FA01F1184818440BF02B
S315080031D0A6FF3FB9FEB10122AA4004EB440424012C
S315080031E0114B1A51F8BD01228A4000EB4001090132
S315080031F00F4B5A50DEE7A5F108039B0004EB440C7D
S315080032004FEA0C1C07FA03F20F219940094860445B
S315080032100BF085FFDDE70122AA4004EB44042401F4
S31508003220034B1A51DEE700BF40D0035034C00350A9
S3150800323040E003503CC0035010B515200CF0A7F928
S31508003240074B00245C65FF229A625C6021462020B9
S31508003250FEF7CAFB21462120FEF7C6FB10BD00BFBC
S315080032600000045029B9044A012303FA00F010604B
S315080032707047024AF8E700BF401004504020045047
S3150800328010B5044601212020FEF7AEFB01212120BE
S31508003290FEF7AAFB114B01225A60227812069A60A1
S315080032A06178A27842EA01429A61FF229A62002274
S315080032B09A631A644FF000425A6503F500534FF0BB
S315080032C0FF321A65152000F037FDE17815200CF05D
S315080032D066F915200CF05FF910BD00BF0000045018
S315080032E070B50C46C3B201259D40214901F500532E
S315080032F01D65830003F1A04303F5882326685E60F5
S31508003300637B00EB400C01EB0C1CCCF8603094F8A6
S315080033100AE0E37A1B0543EA0E4394F80CE043EA15
S315080033204E53CCF85C3022F00302CCF870200EF035
S3150800333007F8104B5D65237A0BB10E4B1D64637A53
S315080033400BB10C4B9D632379A27942EA0342084BE1
S3150800335003F500518A6194F805C0E27942EA0C4205
S3150800336003F58054A2614D639D640DF0E4FF70BDC2
S31508003370000004500010045010B5C0B20124844067
S315080033800DF0DEFF044B5A6D22EA04025A659C6270
S315080033900DF0D1FF10BD00BF0000045010B5C0B23B
S315080033A0012484400DF0CCFF084BDB6A234205D18B
S315080033B0064B5B6B9C4306D0002400E000240DF00E
S315080033C0BAFF204610BD0124F9E700BF00000450EB
S315080033D070B50446C3B201259D400DF0B1FF084BF8
S315080033E05E6B04EB440403EB04135C6E0DF0A3FF61
S315080033F0354203D1C4F30A10013070BD0020FCE742
S3150800340000000450074B4FF480325A6603F5E62352
S315080034109B69C3F38512827003F03F0242701B0B4F
S31508003420037070470090005010B4184CA04211D099
S3150800343004F58044A04219D004F58044A04217D070
S3150800344004F58044A04215D004F58044A0420AD170
S31508003450042000E000207BB100EB400001EB4000B7
S3150800346080000B4B1A505DF8044B70470120F2E7B9
S315080034700220F0E70320EEE7120200EB400001EB22
S3150800348040018900024B5A50EDE700BF0080045006
S315080034904881035010B5044600F5805301221A638B
S315080034A00223C36000238360836100F500521E492E
S315080034B0516103624FF6FF72C261436209E0D91C8B
S315080034C004EB411100224A6004EB43118A660A673D
S315080034D00133022BF3DD4CF68063C4F8FC3000237D
S315080034E0C4F8EC30C4F8F0301F23C4F8F83020468E
S315080034F00BF023FE04F5005301221A63236B13F025
S31508003500020FFBD10023636004E0DA1C520100219C
S31508003510A1500133022BF8DD0023C4F8E030C4F8CB
S31508003520E830C4F8E43010BD77007707064B9842B8
S3150800353004D000F580508023C3657047A3F5103387
S31508003540C3F8C811F5E700BF00C0055000F5805361
S3150800355001225A6040F6AA63436100238360C3656B
S3150800356041F20502C2600361C361C36400F50052FB
S31508003570074991648365074B984204D000F50050CB
S31508003580012343607047002303654365F6E700BFE0
S31508003590FFFF010000C005502DE9F84305460C461B
S315080035A0164690F8008040782F4BD3F81033B1F1C7
S315080035B0FF3F2FD0002C2ADB072C32DC4FEA840988
S315080035C0032707FA09F708FA09F2394627480BF0DC
S315080035D096FF6A7802F0030202FA09F2394624488D
S315080035E00BF08DFF16F0050F31D00123A340214AB9
S315080035F0C2F8103416F0060F2FD00123A3401D4A37
S31508003600C2F814340123A3401B4AC2F820342046CA
S31508003610BDE8F883144BD3F824140BF07EFF044658
S31508003620C8E7A4F10807BF004FF0030909FA07F92C
S3150800363008FA07F2494611480BF061FF6A7802F06A
S315080036400302BA4049460E480BF059FFCAE7012360
S31508003650A340094AC2F81034CCE70123A340064A1E
S31508003660C2F81434CEE700BF00C0035000C40350AC
S3150800367008C4035000D0035000E0035004C40350AC
S315080036800CC4035038B504460DF052FA864640B9C4
S31508003690054DA446BCE80F000FC59CE8030085E865
S315080036A00300704638BD00BF4C0D002047F6FF7377
S315080036B09A427FD002297FD870B5414B13F801E0B2
S315080036C0BEF1010F01D9002070BD3E4B03EBCE01C0
S315080036D091F802C0604613F83E30012B26D0394BCC
S315080036E003EBCE035C68002C68D0B4F90030934233
S315080036F004DBB4F90230934200DC1346A288FF2AA1
S315080037002CD000212826C8221D46D21A92FBF6F292
S315080037100A4412B22B4B03EBCE0393F801E096450D
S3150800372001DD002A2FDA0EF1FF322CE0CB78A3EB6D
S315080037300C0300249C420ED2191BA3EB510121480D
S3150800374000EBCE00406830F91100904201DC0C46CF
S31508003750F0E74B1EEEE76344D8B2B5E7B4F90620A6
S31508003760B4F908600121CFE75C331749A1FB0313BD
S315080037709B09013212B2164696450FDD04EBC201CB
S31508003780898899420AD304EBC2018B68B1F90610FD
S3150800379001FB0533002BE7DA0023E5E7013E04EBDE
S315080037A0C604A2889A4200D31A46944500D8104601
S315080037B0C0B289E7FF20704700207047002083E7E2
S315080037C02C1501084C0D0020D34D621002296FD824
S315080037D03A4B5B5C012B6DD8394911F83310012936
S315080037E02AD010B4364901EBC3014C68002C63D0CB
S315080037F0201D334901EBC3018978914234D23049FF
S3150800380001EBC301C978914233D92D4901EBC303B2
S3150800381093F801C00CF1FF3C5FFA8CFCA388FF2BE0
S315080038202AD00023634529D2591C30F83110914219
S3150800383024D30133DBB2F5E7214901EBC301C9788B
S31508003840914200D20A461E4800EBC3008078121A3D
S31508003850D2B2091A8A4200DD0022194901EBC303D4
S315080038605B6833F912007047B4F902005DF8044B3F
S315080038707047B4F90000F9E70123D3E74FF47A71EA
S3150800388001FB02F200EBC3004368D31AB0F9022029
S3150800389002EBD27103EB610393FBF2F3B4F9000078
S315080038A09842E3DBB4F902009842DFDC18B2DDE7A0
S315080038B004487047034870470248D7E72C150108A3
S315080038C04C0D00200080FFFF08B50348FFF7DAFE1D
S315080038D001200DF031F908BD3015010830B583B067
S315080038E004460DF02BF908B103B030BD69462046F1
S315080038F00DF020F900B1FEE79DF80030124A127863
S315080039009342F1D00C2B06D164250F4920460DF0C1
S31508003910FEF828B1FEE7204606F038FA0546F4E731
S31508003920294620460DF0DAF800B1FEE7064B1B786B
S31508003930042BD9D1694620460DF0FCF89DF80020E5
S31508003940014B1A70D0E700BFFC7F002010B586B087
S315080039500DF1040C1A4C0FCCACE80F002368CCF818
S315080039600030FF238DF80530164BD3F84C3113F48D
S31508003970802F05D1134BD3F8503100238DF805302D
S315080039809DF80530FF2B0BD09DF80530FF2B12D084
S3150800399001A8FEF7B7FA3220FEF7F8FA06B010BD0E
S315080039A04FF07E6393F89C2093F99C30002BEBDB59
S315080039B08DF80520E8E73F238DF80530E8E700BFD6
S315080039C0AC1501080080E00F10B58AB0EC46194C1A
S315080039D00FCCACE80F000FCCACE80F0094E803005E
S315080039E08CE80300144BD3F84C3113F4002F05D0A0
S315080039F0124B1C88FF2C05D98C2403E00E4BD3F8F8
S31508003A005041E4B28DF81940FEF776FA241803D42B
S31508003A10FF2C02DDFF2400E000248DF8184008483A
S31508003A20FDF780F86846FEF795F93220FEF7B4FAF6
S31508003A300AB010BDC01501080080E00F0001E00FB4
S31508003A40C017530210B586B0002300930193029362
S31508003A50039304930593184B009340F6FF63ADF860
S31508003A60043040F27F73ADF80630012304938DF8D5
S31508003A701430032302938020FDF7E4FF044605284B
S31508003A8009D00E480DF068FC6846FEF7F5FE052CD1
S31508003A9009D006B010BD0A4A136F23F0070343F096
S31508003AA001031367EDE7064A136F23F0070343F094
S31508003AB002031367EDE700BF802FA604001601086E
S31508003AC00080005008B50248FEF7F0FF08BD00BFA9
S31508003AD0C0EA210108B503480DF03EFC0020FEF7B8
S31508003AE061FA08BDF415010810B5FEF711FB4E4C36
S31508003AF0236F23F0070343F0020323670020FEF732
S31508003B002DFB236F23F4744343F480632367474BE9
S31508003B10D3F8FC1011F0807106D01A46D3F8FC30A1
S31508003B2023F08073C2F8FC303F4BD3F8802022F094
S31508003B30030242F00102C3F8802003F580530022F5
S31508003B40C3F8802031B1394AD2F8FC3043F080738B
S31508003B50C2F8FC30344CD4F8203123F0070343F084
S31508003B600103C4F82031D4F8283123F0070343F0C1
S31508003B700103C4F82831D4F8803123F0030343F055
S31508003B800103C4F88031D4F8403123F0030343F02D
S31508003B900203C4F84031D4F8603123F0030343F03C
S31508003BA00203C4F86031D4F8403223F0030343F02B
S31508003BB00203C4F84032D4F8003223F0070343F076
S31508003BC00203C4F80032D4F8083223F0070343F09E
S31508003BD00203C4F80832D4F8703223F0030343F022
S31508003BE00103C4F87032D4F8203223F0070343F0F7
S31508003BF00103C4F82032FEF793F84FF0E022136968
S31508003C0043F004031361D4F8603223F0070343F04A
S31508003C100103C4F86032D4F8943223F0070343F062
S31508003C200103C4F8943210BD0080005000ED00E096
S31508003C3008B508480DF090FBFFF788FEFFF7C4FEAD
S31508003C40FFF700FFFFF73EFFFFF744FFFFF74CFFC4
S31508003C50002008BDF015010800B583B0094B93E8AC
S31508003C6003000090ADF80410090C8DF8061068469C
S31508003C70FFF710F80920FFF74BF8002003B05DF8AE
S31508003C8004FB00BFE815010810B582B0074A536F58
S31508003C9043F001035367002400948DF804406846F6
S31508003CA0FEF724FF204602B010BD00BF00400050BA
S31508003CB0002808DB0901C9B200F1604000F561403F
S31508003CC080F80013704700F00F000901C9B2014BD4
S31508003CD01954704714ED00E0002807DB00F01F02B6
S31508003CE0400901239340024A42F82030704700BF3A
S31508003CF000E100E000280CDB00F01F024009012368
S31508003D0093402030034A42F82030BFF34F8FBFF369
S31508003D106F8F704700E100E04211064B53F82230DE
S31508003D2000F01F0023FA00F080F0010000F0010007
S31508003D30704700BF00E100E0002808DB00F01F0222
S31508003D404009012393406030014A42F82030704709
S31508003D5000E100E010B50DF0F3FA0B4B1B783BB908
S31508003D60094B01221A700DF0E6FA6FF0040408E018
S31508003D700DF0E1FA07E0052120460BF010FC0134AE
S31508003D8064B24B2CF7DD10BD9B7F002010B50446AE
S31508003D900DF0CDFA024B1C600DF0C4FA002010BDE0
S31508003DA0640D002010B50DF0C2FA034B1C680DF027
S31508003DB0B9FA204610BD00BF640D00202DE9F04178
S31508003DC08EB007460E4614461D461368D3F8008083
S31508003DD091F83130002B48D00DF1180CDFF830E29D
S31508003DE0BEE80F00ACE80F009EE80F008CE80F0055
S31508003DF00023009301930293039304930593A36806
S31508003E000893237B012B3DD0022B3ED14FF4407300
S31508003E10ADF82630607B0BF006FCADF82800CDF82F
S31508003E2034D001238DF80630A37B022B04D0032B54
S31508003E3002D0012B00D000238DF80030B36B6E4AF8
S31508003E401A60B36B6D4A5A60B36B00229A60B36B03
S31508003E506B4ADA6032462946384600F0AFFA07461A
S31508003E60A8B138460EB0BDE8F0810DF1180CDFF8A0
S31508003E70A4E1BEE80F00ACE80F009EE80F008CE84E
S31508003E800F00B5E74FF40073C2E70023C0E72369C4
S31508003E90C5F8A430237E85F8AB30E37D85F8AA30D3
S31508003EA0A37D85F8A930637D85F8A830A37E85F8BB
S31508003EB0AD30637E85F8AC30237F85F8AF30E37E7E
S31508003EC085F8AE302368C5F8A0304E480DF044FAA0
S31508003ED001230422A17D607DFFF75EF901230222FA
S31508003EE0217EE07DFFF758F9002385F8B030206978
S31508003EF00DF032FA96F83130002B5ED006A940460E
S31508003F000BF001F995F8B03043F0040385F8B030AA
S31508003F10227D3D4B03EB42121421C2F89414617DB5
S31508003F20A07D227D41EA004103EB4212C2F8AC149F
S31508003F30E27D207E217D42EA0042253103EB4113D2
S31508003F405A60A37B012B3DD0032B3BD0A37B023BBE
S31508003F50DBB2012B43D995F8B03013F0010F0CD022
S31508003F60627EA17E237D42EA01425B0103F1A04302
S31508003F7003F5703341F29C415A5095F8B03013F06E
S31508003F80010F11D0227D204B03EB421241F29441DE
S31508003F9002205050E27E207F217D42EA004203EB58
S31508003FA0411303F5A5531A6008F50053174ADA6456
S31508003FB0052140460BF07CF853E706A940460BF06E
S31508003FC0A8F8A5E795F8B03043F0010385F8B030B6
S31508003FD000230222A17E607EFFF7DEF8B6E795F899
S31508003FE0B03043F0020385F8B03000230422217F65
S31508003FF0E07EFFF7D1F8AEE74FF60008EFF60008C7
S3150800400069F60008F815010800C00350FF3F0D03C4
S31508004010101601083016010830B583B0007D104B24
S3150800402000EB400203EB0212D56E00EB400203EBF5
S3150800403002131C6F0DF107010DF00AF99DF8073000
S315080040404BB904F00204074B9D4201D0002003E05F
S3150800405024B1002000E0012003B030BD0120FBE7B9
S31508004060000004509C7F0020037D0E4A03EB4301A9
S3150800407002EB0111C96E03EB430302EB0312136F44
S3150800408003F00203084A914201D0002070470BB999
S3150800409000207047036A006D984214BF0020012073
S315080040A0704700BF000004509C7F002030B583B0E5
S315080040B003464169026902F1FF3CC5684C6F01F18C
S315080040C07C020020C86750609060D060B1F87C0020
S315080040D06CF30E10A1F87C0091F87E0040F01000F9
S315080040E081F87E0091F87F0040F0300081F87F006B
S315080040F0C1F88050C1F88440012081F88C0091F8FD
S3150800410078000093024B6431FDF722F803B030BD06
S315080041109DFA00082DE9F04184B0044600F13806FE
S3150800412000F11808002585637560B560F56090F89C
S315080041303A3043F0100380F83A3090F83B3043F0B9
S31508004140030380F83B30494FC7630764007DFDF7DA
S315080041502BF8A5637560B560F56094F83A3043F0BE
S31508004160100384F83A3094F83B3043F0030384F89C
S315080041703B30E7632764207D00EB40031B0103F116
S31508004180A04303F58023DB6EBB4219D00DF10F0166
S315080041900DF05EF89DF80F30ABB194F844306FF32C
S315080041A0410384F844300094314B32462146207D41
S315080041B0FCF7CEFF207DFDF717F804B0BDE8F081C7
S315080041C0FDF712F8F9E720460BF0C7FA054602A9EB
S315080041D0207D0DF061F8029B591E20690023A3611A
S315080041E0E36123626362228B61F30E122283A27E4D
S315080041F042F01002A276E27E42F00302E276E06125
S315080042002562227D1B4902EB420001EB0010056F77
S31508004210C5F3400594F8247065F3410784F82470C3
S31508004220A57E63F30415A576056FF8B265F300005D
S3150800423084F8240002EB420201EB02110A6F921085
S31508004240616A62F39F01616294F8442042F00202B7
S3150800425084F84420D2B263F3000284F844204FEA7B
S31508004260A808636C68F39F0363649CE79C7F00203F
S3150800427005F9000800000450F0B589B004460E465A
S31508004280007DFCF791FF0DF11F01207D0CF0E0FF8A
S3150800429020460BF062FA0546236D83424AD2A26C89
S315080042A0934216D0238DC3F30A12324462F30E13D7
S315080042B02385236D1E442665A26CE36C13449E4237
S315080042C06FD0236DAB426ED0207DFCF78DFF09B011
S315080042D0F0BD701E276904F128030021A162E1627E
S315080042E021636163B4F828C060F30E1CA4F828C0E3
S315080042F094F82A0040F0100084F82A0094F82B005D
S3150800430040F0030084F82B00E762226394F82A2021
S3150800431061F3041284F82A2023F00302237D42F075
S31508004320020203EB43031B0103F1A04303F58023B9
S315080043301A67BEE79DF81F30B3B9227D1D4802EB08
S31508004340420300EB0313596EC1F30A1131445B6E45
S3150800435023F4FF4323F0700343EA011302EB4202FE
S3150800436000EB02104366A4E70494134B039300235F
S315080043700293019601230093236902462168207D52
S315080043800AF046FC237D0B4A03EB430102EB0111BD
S31508004390496E21F4801103EB430302EB03125166C5
S315080043A087E722658DE7012384F854302046FFF716
S315080043B0B1FE89E70000045005F9000870B588B019
S315080043C006460C461546A022002120460CF037F872
S315080043D0A446AE46BEE80F00ACE80F00DEF8003093
S315080043E0CCF8003004F1640C05F1140EBEE80F0099
S315080043F0ACE80F00DEF80030CCF80030AB6AA364F6
S31508004400EA6AE264236595F8302084F8952095F8E1
S31508004410332084F89620C4F89830012384F89C3019
S3150800442084F85430AB6B23663460374B7360374B74
S31508004430B360374BF360374B7361374BB361374B18
S315080044403361FCF753FE10B1354A904253D100212F
S3150800445007A8FCF7C9FD00284FD19DF81C30237525
S31508004460002107A8FCF7C0FD00283FD19DF81C30A5
S3150800447084F87830207DFCF797FE002840D1E36C5D
S315080044800494284A0392002202920193012300937E
S315080044902369A26C2168207D0AF0BAFB90BB237DB4
S315080044A003EB43031B0103F1A04303F5802342F208
S315080044B064024FF480119950AB6B93F91000FFF723
S315080044C03BFCAB6B93F910000BF065F804F1900018
S315080044D00AF080FB3046FFF759FC2046FFF71AFE24
S315080044E0207DFCF781FE48B1102007E0207DFCF70F
S315080044F0D3FD102002E0102000E0102008B070BDA7
S315080045001020FBE71020F9E7ABF80008BFF8000811
S3150800451065FA00084FF7000855F70008E1FA0008A1
S31508004520038000F005F900080346064A10680344AC
S31508004530054A934202D8034A136070474FF0FF308A
S31508004540704700BF0480002000000420BFF34F8F8F
S315080045500549CA6802F4E062044B1343CB60BFF313
S315080045604F8F00BFFDE700BF00ED00E00400FA052D
S31508004570BFF35F8F074B5A6A22F480325A62D3F828
S31508004580942022F00102C3F89420BFF34F8FBFF3A3
S315080045906F8F704700ED00E070B5FFF7E9FFA022C6
S315080045A0002121480BF0CBFA204B21498B4206D03B
S315080045B021F01F02203AB2F1005F0FD300E01D4A36
S315080045C01D4D286842F001021C4CC4F898001C4E88
S315080045D0C4F89C60C4F8A020013028608B4210D033
S315080045E01F3323F01F0343F00303134802681349DC
S315080045F0C1F89820C1F89C30124BC1F8A03001329E
S315080046000260BFF35F8F0D4B0522C3F894205A6AE8
S3150800461042F480325A62BFF34F8FBFF36F8FBFF3F6
S315080046204F8FBFF36F8F70BD90ED00E0E07F0020E5
S31508004630E07F002000000420680D002000ED00E067
S3150800464003000020E1FF032000B583B001A8FEF7B0
S31508004650D9FE9DF80530012B02D003B05DF804FBA6
S315080046609DF80430002BF8D10A4B596E03F5805398
S315080046704FF480125A66084A536B23F0E05343F00E
S315080046804063536311F4801FE7D1044B4FF4801243
S315080046905A66E2E7008000500040005A00A0005029
S315080046A02DE9F04F91B0804617460F9389460029A9
S315080046B000F0408300260F9B1878002800F03D8301
S315080046C0252809D0741C3B4632464946C0470F9BED
S315080046D001330F932646EEE701330F9300251FE0BB
S315080046E045F0010501320F92012318E045F0020555
S315080046F001320F92012312E045F0040501320F92B0
S3150800470001230CE045F0080501320F92012306E06B
S3150800471045F0100501320F92012300E000234BB348
S315080047200F9A1378203B102BF8D801A151F823F0E3
S31508004730054700081D4700081D47000811470008DF
S315080047401D4700081D4700081D4700081D470008AB
S315080047501D4700081D4700081D470008F9460008C0
S315080047601D470008ED4600081D4700081D470008BC
S31508004770E14600080B930F9B1A78A2F13003DBB2CF
S31508004780092B18D92A2A1BD0DDF82CB00F9B1A78CA
S315080047902E2A25D00F9A1378683B122B5CD8DFE8AF
S315080047A003F0495BAA5B3B5B5B5B5B5B5B5B575BF5
S315080047B05B5B5B5BAF000FA80BF023FA8346E5E76C
S315080047C01A9B1A1D1A921B68002B04DB9B460F9B2B
S315080047D001330F93DAE745F00205C3F1000BF6E75C
S315080047E045F480655A1C0F925A78A2F13003DBB261
S315080047F0092B0CD92A2ACDD11A9B1A1D1A921C6884
S3150800480024EAE4730B930F9B01330F93C2E70FA8B7
S315080048100BF0F7F90B90BDE745F48071531C0F9325
S3150800482053786C2B01D00D4616E045F440750232DC
S315080048300F9211E045F08001531C0F935378682BB3
S3150800484001D00D4608E045F0C00502320F9203E09C
S3150800485045F4807501320F920F9B1878672854D853
S31508004860252867D3A0F12503422B63D8DFE813F088
S315080048705702620062006200620062006200620023
S31508004880620062006200620062006200620062000A
S3150800489062006200620062006200620062006200FA
S315080048A062006200620062006200620062006200EA
S315080048B0800162018001620062006200620062009B
S315080048C062006200620062006200620062006200CA
S315080048D06200620062006C006200620062006200B0
S315080048E0620062006200620062006C00A5016C0052
S315080048F080016201800145F4007501320F92ABE731
S3150800490045F4807501320F92A6E7782812D86928EF
S3150800491010D3A0F16902D2B20123934049F24102B1
S31508004920134211D113F0800F40F0DE8113F4806F2B
S3150800493040F07581741C3B4632464946C0470F9B7A
S3150800494001330F932646B6E6782809D062283AD06E
S315080049506F283AD058283AD025F010050A2300E0E7
S315080049601023582835D0692803D0642801D025F0AB
S315080049700C0515F4806F01D025F0010569282BD0A8
S31508004980642829D015F4007F40F0968015F4807FBE
S3150800499040F0AE8015F0400F00F0BF801A9A111D46
S315080049A01A9112780595CDF810B00B9903910293D8
S315080049B00023019300923B463246494640460BF097
S315080049C00DFA064629E00223CBE70823C9E7102398
S315080049D0C7E745F02005C6E715F4007F21D115F491
S315080049E0807F42D115F0400F58D01A9A111D1A919E
S315080049F0127882EAE271A1EBE2710595CDF810B062
S31508004A000B9803900293D20F019200913B463246CF
S31508004A10494640460BF0E2F906460F9B01330F93D1
S31508004A2049E61A9A073222F0070202F108011A919A
S31508004A30516812680846002913DB0895CDF81CB0A2
S31508004A400B9C0694049300230593C90F02910092C8
S31508004A5001903B463246494640460BF009FA06465F
S31508004A60DBE7524261EB4100E7E71A9A111D1A91FA
S31508004A70126882EAE271A1EBE2710595CDF810B0F1
S31508004A800B9803900293D20F019200913B4632464F
S31508004A90494640460BF0A2F90646BEE715F0800FD8
S31508004AA005D01A9A111D1A91B2F90020A1E71A9A8F
S31508004AB0111D1A9112689CE71A9A073222F007020A
S31508004AC002F108011A910895CDF81CB00B990691C8
S31508004AD00021049305910291D2E90023CDE9002330
S31508004AE03B463246494640460BF0C2F9064694E72D
S31508004AF01A9A111D1A910595CDF810B00B990391C4
S31508004B00029300230193136800933B4632464946B5
S31508004B1040460BF063F906467FE715F0800F04D090
S31508004B201A9A111D1A9112883CE71A9A111D1A91A0
S31508004B30126837E7462818D01A9B073323F007036D
S31508004B4003F108021A9293ED000B0295CDF804B012
S31508004B500B9B00933B46324649464046FBF700FD11
S31508004B6006460F9B01330F93A5E545F02005E3E7BD
S31508004B70672801D0472801D145F40065452801D0AA
S31508004B80472801D145F020051A9B073323F0070370
S31508004B9003F108021A9293ED000B0295CDF804B0C2
S31508004BA00B9B00933B46324649464046FBF7E0FAE4
S31508004BB006460F9B01330F937DE515F002051DD0C0
S31508004BC001241A98031D1A9306F1010A3B46324638
S31508004BD049460078C047A5B90F9B01330F9356463F
S31508004BE069E502F1010A3B4649462020C0472346AB
S31508004BF052465C1C9B45F4D81646E2E7012332462A
S31508004C00F7E7524606E0561C3B4649462020C04771
S31508004C102C463246651CA345F5D89246DCE71A9B16
S31508004C201A1D1A92D3F800A00B9BFBB94FF0FF325E
S31508004C30534601E001330A46197811B1511E002A7C
S31508004C40F8D1A3EB0A0315F480620C9203D00B9AF1
S31508004C50934228BF134615F0020409D00D94CDF8E7
S31508004C6038B00B9D32460C9E9B461FE00B9ADFE739
S31508004C703246264606E0541C3B4649462020C04795
S31508004C802B4622465D1C9B45F5D834462B460D948B
S31508004C90CDF838B00B9D0C9E9B4607E01D460AF1E1
S31508004CA0010A541C3B464946C04722469AF800006A
S31508004CB020B1002EF3D06B1E002DEFD10D9C1646A9
S31508004CC05B46DDF838B054B90F9B01330F93F2E415
S31508004CD0551C3B4649462020C04723462A465C1CAD
S31508004CE09B45F5D81646EFE745F021051A9B1A1D90
S31508004CF01A921B680595082204920B9A03921022B1
S31508004D0002920022019200933B46324649464046AB
S31508004D100BF064F806460F9B01330F93CBE4741C23
S31508004D203B46324649462520C0470F9B01330F9321
S31508004D302646C0E4DFF81C80BCE4BE4208D37A1ECF
S31508004D403B4649460020C047304611B0BDE8F08FC3
S31508004D503246F5E701FC00080FB400B585B006AA8F
S31508004D6052F8043B039200924FF0FF3202A904481E
S31508004D70FFF796FC05B05DF804EB04B0704700BF7A
S31508004D8033FF00080CB410B584B00A4606AC54F8D4
S31508004D90043B0394009401460348FFF781FC04B0E2
S31508004DA0BDE8104002B07047F9FB000800B585B0B1
S31508004DB0034600914FF0FF3203A90348FFF770FC42
S31508004DC005B05DF804FB00BF33FF000800B583B0EB
S31508004DD0009313460A4601460248FFF761FC03B0F2
S31508004DE05DF804FBF9FB000810B501F089FC00200A
S31508004DF000F0E4F90446064800F0C6F8FEF7C6FFD8
S31508004E000448FFF7A9FF02F099F9204610BD00BF34
S31508004E10B8160108C0160108012803D8024B53F832
S31508004E202000704700207047B8170108012803D8EA
S31508004E30024B03EB8000704700207047700D00207E
S31508004E4008B5054A002313605360044A136001F04D
S31508004E50F5FC034B186008BD700D0020780D002086
S31508004E606C0D0020014B1878704700BF9F7F00200B
S31508004E70014B1878704700BF9E7F0020014B012226
S31508004E801A7070479D7F002008B501F071FF254A0A
S31508004E9013680133136001F0D1FC234B1B68C31A56
S31508004EA0224A12689A4203D2204A13601D4A536066
S31508004EB01D4B186002F042F91D4B1B781BB11C4BA9
S31508004EC000221A7008BD01F065FF194B1B781BB14B
S31508004ED0174B00221A70F5E70BF083F9144B1B7871
S31508004EE01BB1134B00221A70ECE70BF0C6F801F061
S31508004EF049FB0F4B1B781BB10D4B00221A70E1E7DB
S31508004F000BF0D4F90A4B1B783BB9094B1B78002BDD
S31508004F10D8D0074B00221A70D4E7054B00221A7026
S31508004F20D0E700BF700D00206C0D0020780D002022
S31508004F309D7F002008B502480AF06DFA08BD00BF3B
S31508004F400040005B08B5064B1B681BB1013B044AD1
S31508004F50136008BD0BF010F901F0EEFAF9E700BF8F
S31508004F600880002038B514461D4605494FF0010C47
S31508004F7081F800C00349C1E900450BF01AF938BDAC
S31508004F80A07F00200008002070B5054600240CB15B
S31508004F90002070BD054B53F82460294670680BF055
S31508004FA06EFA08B10134F2E73068F2E71C80002097
S31508004FB00023062073B1704754B224B9013353B1A4
S31508004FC05DF8044B70470228F8D008680A4908605B
S31508004FD01046F3E710B4094A52F823100A7A022A4F
S31508004FE0EAD9032AEAD1441EE4B2012CE6D90868B4
S31508004FF0014908601046E1E7A40D00201C80002046
S3150800500010B5A2B02024224600211AA80BF017FAE0
S31508005010284B1A93284B1C9302238DF87530274B7F
S315080050201E9307238DF87E3008238DF880300021E3
S31508005030159116911791189119914FF4702315939C
S315080050401F4B1993109111911291139114911D4BA5
S3150800505010931D4B14933C2201A80BF0F0F90DF1A7
S31508005060040E0DF1540CBCE80F00AEE80F00DCF896
S315080050700030CEF800300DF1180E0DF1400CBCE8EA
S315080050800F00AEE80F00DCF80030CEF800300F4B0A
S315080050900B930C9401238DF835308DF836300C4B74
S315080050A00F930C4B1AAA01A90B48FEF787FE22B0EC
S315080050B010BD00BF0416010880841E00FC150108F7
S315080050C03C00015B01000F004400015BA80D0020B5
S315080050D030800020C80D00207C0E002008B502484C
S315080050E00AF00DFB08BD00BF7C0E002008B502487B
S315080050F00AF005FB08BD00BF7C0E002010B58AB07B
S3150800510000230693079308930993254B069325498D
S3150800511006A804F019FC244B186030B10023059347
S3150800512005A90BF034FD08B1FEE7FEE71E4C1F4A41
S315080051301F4B1968206804F013FE002120680AF046
S315080051400CFA00B1FEE71B49174B186804F034FE49
S3150800515000B1FEE74FF0FF3240F2FF33CDE90023FE
S315080051604FF0FF324FF0FF330F4908680BF0ABFCE6
S3150800517000B1FEE7104B1B88ADF81030ADF80C30C7
S3150800518004A9094B18680BF086FC00B1FEE703A9D1
S31508005190054B18680BF095FC00B1FEE70AB010BD88
S315080051A005000108E7FF000844800020F1FF000819
S315080051B00C80002007001100381D010882B0054B3D
S315080051C0019302AB03EB800050F8043C186802B068
S315080051D0704700BF4480002010B58AB001213A20EC
S315080051E0FCF702FC01212920FCF7FEFB0023032221
S315080051F004210220FDF7D0FF002303220521022007
S31508005200FDF7CAFF0023032211460220FDF7C4FF5B
S315080052100023042201210846FDF7BEFF0DF1040C08
S315080052201D4C0FCCACE80F000FCCACE80F00236880
S31508005230CCF8003000238DF811308DF804300522A3
S315080052408DF81020154A03924FF44072ADF81420D9
S3150800525001228DF82320ADF820308DF82230104B2E
S31508005260104AC3F82427A2F58032C3F83427A2F5DA
S315080052708032C3F838271922C3F820270A4C01A917
S3150800528020460AF089F804F580541823E3640920B7
S315080052900AF081F90AB010BD7C22010800E02E0050
S315080052A000C003500200050000C0055000B587B0D5
S315080052B000EB0010002304930E4A03920293802306
S315080052C00193012300930C4B0C4A02EBC0024FF4E6
S315080052D080210B48006809F09BFC18B9012007B02B
S315080052E05DF804FB0246074901200AF0E3FE0020A8
S315080052F0F5E700BF0953000824C005500414002030
S315080053009C0E00203C1D010870B501212D4B19701B
S315080053102D4B1A6820321A609A6880329A602B4C94
S3150800532023682B4D03EB031305EBC30383F88010A7
S31508005330236803EB031305EBC303002283F88120DC
S3150800534026680AF0B9FF06EB061605EBC606C6F888
S315080053508400236803EB031305EBC3051D4B1D608F
S315080053602368013323602368092B01D900222260B0
S31508005370164B186800EB0010154B03EBC0000AF03B
S3150800538053FE80B1114B1868FFF790FF90B1124B8E
S315080053901B7833B10F4B1A68104B1A60104B012259
S315080053A01A70012070BD094B1A680E4901200AF0CF
S315080053B081FEE7E70C4B0D4A40F229210C4803F021
S315080053C09DFD00BFA27F002054190020B00E0020CA
S315080053D004140020A40E0020A37F0020A80E00209D
S315080053E0A47F0020581D0108A01D0108DC21010822
S315080053F0A41D010800B587B000EB00100023049334
S315080054000D4A0392029380230193012300930B4BC9
S315080054100B4A02EBC0020B490B48006809F0F8FB7F
S3150800542018B9012007B05DF804FB024607490120B8
S315080054300AF040FE0020F5E76155000824C0055033
S31508005440B40E002001000400980E0020EC1D01088F
S3150800545008B501212020FCF7C7FAFBF747FE18B16B
S315080054600246314B984230D100213048FBF7BCFD4B
S315080054700246002834D12D4B1A682D4901200AF01E
S3150800548019FE00212B48FBF7AFFD0246002832D152
S31508005490284B1A68284901200AF00CFE274B0022DF
S315080054A01A6027490A601868FFF700FF70B3254994
S315080054B001200AF0FFFD224B1868FFF79BFF60B337
S315080054C0214901200AF0F6FD08BD204901200AF00D
S315080054D0F1FD1F4B1F4A40F2CF211F4803F00EFD76
S315080054E01E4901200AF0E6FD194B1A4A40F2D62158
S315080054F0194803F003FD194901200AF0DBFD144B96
S31508005500144A40F2DE21144803F0F8FC104B114A05
S3150800551040F2E721104803F0F1FC0D4B0D4A40F22A
S31508005520ED210D4803F0EAFC038000F09C0E0020F4
S31508005530341E0108980E0020541E0108B00E0020E3
S31508005540AC0E0020741E0108941E0108081E0108EE
S31508005550A01D0108F0210108A41D0108201E01084C
S3150800556070B501212B4B19702B4B5A6820325A60A3
S31508005570DA688032DA60294C2368294D03EB031375
S3150800558005EBC30383F88010236803EB031305EBCD
S31508005590C303002283F8812026680AF08DFE06EBF5
S315080055A0061605EBC606C6F88400236803EB031344
S315080055B005EBC3051B4B1D60236801332360236875
S315080055C0092B01D900222260144B186800EB001041
S315080055D0134B03EBC0000AF027FD60B10F4B1868A8
S315080055E0FFF708FF70B10F4B1A680F4B1A600120BE
S315080055F00E4B187070BD094B1A680D4901200AF048
S3150800560059FDEBE70B4B0C4A40F265210B4803F0BA
S3150800561075FC00BFA17F002054190020AC0E0020A5
S31508005620B40E0020A00E0020A80E0020A47F0020A3
S31508005630B41E0108A01D0108C8210108A41D0108FF
S31508005640F0B585B006460D460AF0FDFC0DB10746D5
S3150800565030B93246104901200AF02CFD05B0F0BDDC
S3150800566032460E4901200AF025FD002411E007FB09
S3150800567004F2AB18AA5C59789878DB780393029001
S315080056800191009223463246054901200AF012FD8F
S315080056900134032CEBD9E1E7FC1E0108201F0108A1
S315080056A0381F010808B50AF0CEFC02460C4901204D
S315080056B00AF000FD0AF0C9FC68B10A4A0A49012045
S315080056C00AF0F8FC0AF0C3FC38B1084A0849012078
S315080056D00AF0F0FC08BD074AF0E7074AF6E700BFFC
S315080056E0781F01085C1F0108941F0108681F01083C
S315080056F0B81F0108641F0108701F01082DE9F04151
S31508005700254B5D68002009F0D1FA0446234901209B
S315080057100AF0D0FC002637460AE0214B1B7803F036
S31508005720FF0803B1C6B11C4B5B685B1BA34219D8C3
S315080057301C4B1B7813B11A4B1B78D3B9194B1B7822
S3150800574003F0FF08002BE8D0002FE6D11649012008
S315080057500AF0B0FC4746E0E7144901200AF0AAFC23
S315080057604646E0E7124B134A40F2A111124803F0ED
S31508005770C5FBFFF797FF114B19681148FFF760FF44
S31508005780104B19681048FFF75BFF104901200AF013
S3150800579091FCBDE8F08100BF001000E0E01F0108A1
S315080057A0A17F0020A27F00200420010824200108F0
S315080057B0A01D0108A4210108A41D0108A40E0020AB
S315080057C0681F0108A00E0020701F01084420010868
S315080057D0032803D8024B53F820007047002070476F
S315080057E06C220108032803D8024B03EB800070479C
S315080057F00020704754190020034B00221A605A6093
S315080058009A60DA60704700BF54190020002837D024
S3150800581070B50646002935D0002A35D0002318462B
S315080058204FF0FF3E00E00133092B1ED803EB031CA3
S31508005830164C04EBCC0C9CF88040002CF3D003EB00
S31508005840031C124D05EBCC0C9CF88150002DEAD1B7
S3150800585003EB031C0D4D05EBCC05D5F884507545B7
S31508005860E1D20B602046AE46DDE740B10B6803EB9C
S315080058700313064901EBC30333608023136070BD2D
S31508005880002070470020FAE70020F8E704140020FB
S31508005890002837D070B50646002935D0002A35D0FD
S315080058A0002318464FF0FF3E00E00133092B1ED8AF
S315080058B003EB031C164C04EBCC0C9CF88040002C24
S315080058C0F3D003EB031C124D05EBCC0C9CF881506E
S315080058D0002DEAD103EB031C0D4D05EBCC05D5F8DD
S315080058E084507545E1D20B602046AE46DDE740B1EF
S315080058F00B6803EB0313064901EBC30333608023EC
S31508005900136070BD002070470020FAE70020F8E712
S31508005910B40E0020092807D800EB0010034B03EB50
S31508005920C003012283F88120704700BF04140020B9
S31508005930092807D800EB0010034B03EBC00301222C
S3150800594083F88120704700BFB40E002010B5304997
S3150800595001200AF0AFFB2F4B5B6E13F4007F21D1B9
S315080059602D4B186810B92D4B1B68D3B10BF050FCA2
S31508005970294B1868FBF790FB00B3294A904224D0BC
S31508005980284A904228D0254C20680BF041FC206814
S31508005990FBF782FB38B3224A90422AD0214A90422A
S315080059A02ED010BD204901200AF084FB1F48FDF7C0
S315080059B0CDFD1F4901200AF07DFBD1E7164B1A6879
S315080059C01C4901200AF076FBDDE7134B1A681A49D1
S315080059D001200AF06FFBD6E7184B194A40F2691105
S315080059E0184803F08BFA2268174901200AF062FB6F
S315080059F0D7E70A4B1A68154901200AF05BFBD0E77E
S31508005A000E4B0F4A4FF4BC710E4803F077FA00BFED
S31508005A1064200108008000509C0E0020980E00208B
S31508005A20068000F0028000F07820010800C00550CA
S31508005A308C2001089C200108C0200108A01D01082F
S31508005A4098210108A41D0108E42001080C21010879
S31508005A5010B504461A4B1B7853BB1A4B1C702246CA
S31508005A60194901200AF026FBFFF7C6FE4FF4AA647F
S31508005A702246002115480AF0E2FC22460021144875
S31508005A800AF0DDFC0023134A1370134A1370FFF75C
S31508005A90DFFCFFF7A1FB0521104809F020FCFFF702
S31508005AA02DFE0120064B18700D490AF003FB10BDA8
S31508005AB00C4901200AF0FEFAFFF748FFCDE700BFC0
S31508005AC0A57F0020A37F0020682101080414002078
S31508005AD0B40E0020A27F0020A17F002000C0055040
S31508005AE0842101083421010810B5074CA26C074B24
S31508005AF01A600023042219460120FDF74DFBA36C0A
S31508005B0004F50054A36410BD00C005507C0D0020A8
S31508005B10032803D8024B53F820007047002070472B
S31508005B2010230108032803D8024B03EB80007047B3
S31508005B300020704774390020002304E0034A00213E
S31508005B4042F823100133032BF8D970477439002023
S31508005B5010B50D4B18700D4B19704FF48054224632
S31508005B6000210B480AF06BFC2246002109480AF07E
S31508005B7066FC0023084A1360084A1360084A136043
S31508005B80084A136010BD00BFA77F0020A67F00202B
S31508005B907429002074190020701900206C1900203F
S31508005BA06819002064190020034608B31D4A1168C5
S31508005BB01D4A126891420DD2521A7F2A2AD91B4AC7
S31508005BC011681B4A126891420BD2521A7F2A23D9AE
S31508005BD018467047521A02F580527F2AEFD80020DD
S31508005BE07047521A02F580527F2A17D9184670470D
S31508005BF00E4A11680E4A1268914204D2521AFF2AB6
S31508005C000ED901207047521A02F58052FF2A08D988
S31508005C100120704700207047002070470020704719
S31508005C207047704768190020701900206419002011
S31508005C306C1900202DE9F041002A00F0A5800446E1
S31508005C400D461646FFF7B0FF0746002800F09D8070
S31508005C50002373700CB1012373701DB1737843F080
S31508005C6008037370002C5ED0494B1B68494A1568B7
S31508005C70AB4235D2C5F58057802F28BF8027C7F19C
S31508005C8080083A4644492944301D0AF0E3FBB8F136
S31508005C90000F1ED13F4BC3F80080404B1B68404A9B
S31508005CA01568AB4231D2C5F58057802F28BF8027AB
S31508005CB0C7F180083A463B49294406F184000AF0B0
S31508005CC0C9FBB8F1000F17D1354BC3F8008027463A
S31508005CD05BE0F0194246304904300AF0BBFBD9E7CD
S31508005CE080222D492944301D0AF0B4FB8035C5F3BE
S31508005CF00B05284B1D60D0E707F18000304442466B
S31508005D00284904300AF0A6FBDEE780222549294403
S31508005D1006F184000AF09EFB8035C5F30B05204B7F
S31508005D201D60274631E01D4B1B681D4A1468A342B7
S31508005D301CD2C4F58055B5F5807F28BF4FF4807511
S31508005D40C5F580782A4617492144301D0AF082FB9A
S31508005D50B8F1000F03D1124BC3F8008015E0701993
S31508005D604246104904300AF075FBF4E74FF4807296
S31508005D700C492144301D0AF06DFB04F58074C4F308
S31508005D800B04074B1C6000E000273846BDE8F0818D
S31508005D907019002068190020742900206C19002049
S31508005DA064190020741900202DE9F84F804614461E
S31508005DB00E4671BBDFF8A8A076BB264D76BBDFF88A
S31508005DC0A49024B3B4F5805F01D94FF480542868B1
S31508005DD0C0F58057BC4200D227463A464146504451
S31508005DE00AF038FB2B683B442B60B3F5805F01D380
S31508005DF000232B60BC4214D82A68D9F800309A428E
S31508005E0021D0154A52F82630234442F82630BDE8F8
S31508005E10F88FDFF854A0CFE7104DCFE7DFF84C90A6
S31508005E20CFE7A4EB070B28685A4608EB070150444E
S31508005E300AF010FB2A685A442A60B2F5805FDBD361
S31508005E4000232B60D8E72344C3F30B03C9F80030BB
S31508005E50D7E700BF70190020743900206C1900209C
S31508005E60742900206819002074190020641900207C
S31508005E702DE9F04389B0624801F0C4FA002800F021
S31508005E809980604801F0BEFA002800F09C805C48C2
S31508005E9001F012FA0746B0F1FF3F00F09D8059481D
S31508005EA001F00AFA8146B0F1FF3F00F09F80002416
S31508005EB004940594069407944FF001088DF8108011
S31508005EC00094019402948DF80C408DF81040032339
S31508005ED08DF806304A4E04A9304609F037F9494D7F
S31508005EE004A9284609F032F9474B07F13402500154
S31508005EF003EB421207211950546003EB4717C7F802
S31508005F0088864FF00112C7F88C2609F13402500131
S31508005F1003EB421219504FF4C021516003EB4913A9
S31508005F204FF48022C3F888264FF4A022C3F88C26A3
S31508005F306A462146304609F06DF96A4641463046BA
S31508005F4009F068F96A460221304609F063F96A469B
S31508005F502146284609F05EF96A464146284609F070
S31508005F6059F96A460221284609F054F9336B40F676
S31508005F70FF73F3612A6BEB61C6F80C80C5F80C80D9
S31508005F8006F58053102098612021996140229A6174
S31508005F9005F58053986199619A613467C6F890400F
S31508005FA0C6F8B0402C67C5F89040C5F8B04009B0AF
S31508005FB0BDE8F083154900F039FE154B154ACD2189
S31508005FC0154802F09BFF154900F030FE104B114AA8
S31508005FD0D221114802F092FF1149002000F026FE56
S31508005FE00B4B0C4ADB210C4802F088FF0D490020B8
S31508005FF000F01CFE064B074AE421074802F07EFF24
S31508006000000005500040055000C003502023010839
S31508006010A01D0108C02301083823010880230108B0
S3150800602098230108AC23010808B501213A20FBF79B
S31508006030DBFC0023042219461846FDF7ADF80023B9
S31508006040042219460120FDF7A7F80023042201219E
S315080060500846FDF7A1F80023042206211846FDF795
S315080060609BF80023042211461846FDF795F80023ED
S31508006070042205211846FDF78FF8FFF7F9FE024BB3
S3150800608001221A6008BD00BF8439002010B52348D4
S3150800609001F0D8F848B9224801F0D4F878B9214B6C
S315080060A05B6E13F0806F14D110BD1C4C0223E360A5
S315080060B02046FDF7EFF9204601F058F9EBE7184CB2
S315080060C00223E3602046FDF7E5F9204601F04EF984
S315080060D0E5E700231A4619461846FDF75DF800233A
S315080060E01A4619460120FDF757F800231A460121DA
S315080060F00846FDF751F800231A4606211846FDF70B
S315080061004BF800231A4604211846FDF745F80023E4
S315080061101A4605211846FDF73FF8C5E70000055061
S31508006120004005500080005082B00191012803D03C
S31508006130022821D1154900E015490A6912F0010F14
S315080061401AD09DF804202AB99DF8050010B99DF8C3
S31508006150060098B103FB02F212110A679DF80520A2
S3150800616003FB02F21211C1F890209DF8062002FBEB
S3150800617003F31B11C1F8B03002B0704700230B6758
S31508006180C1F89030C1F8B030F6E700BF00400550BE
S315080061900000055008B5164B1B78DBB1154B1B687C
S315080061A0154A52F83320824214D2134A02EBC3032B
S315080061B05B6883B90122114909681046FFF7B4FFE5
S315080061C00C4A1368013313600B4A52F83330B3F1A3
S315080061D0FF3F08D008BD7F230122094909681046F8
S315080061E0FFF7A2FFECE7024B00221A70F2E700BFA6
S315080061F0A87F0020883900208C390020D023010888
S31508006200D823010808B500F0F5FF022807D07F2338
S315080062100122074909681046FFF786FF08BD7F2354
S315080062200122044909681046FFF77EFFF6E700BF1A
S31508006230DC230108D8230108274B1B68012B00D053
S31508006240704770B50446254B01221A7001F0BAF959
S31508006250002313E00138224A42F83340591C02EB66
S31508006260C30501266E6004F1C80542F831500233B1
S3150800627002EBC1020021516004F5C874B0B10428CC
S31508006280E8D90538164A42F83340591C02EBC305CB
S3150800629001266E6004F5C87542F83150023302EBE8
S315080062A0C1020021516004F54874E7E7DBB20AE051
S315080062B00B4A4FF0FF3142F8331002EBC3020021BC
S315080062C051600133DBB2132BF2D9FFF79BFF054B65
S315080062D001221A6070BD00BF84390020A87F002003
S315080062E08C3900208839002010B50446284B1A68D6
S315080062F0284B1B689A4233D9254A1168254B1960E1
S3150800630000211160244A10601B6846F6AA229342AF
S3150800631016D047F6BB3293421AD040F24442934213
S3150800632006D01D4B1B68E41AB4F5967F24D810BD19
S315080063307F230122194909680220FFF7F5FEF0E7D5
S315080063407F230122164909680220FFF7EDFEE8E7D8
S315080063507F230122134909680220FFF7E5FEE0E7DB
S315080063600B4B1A680B4B1B689A42DAD1084B002272
S315080063701A60094B1860D4E7064B00221A607F237F
S315080063800122094909680220FFF7CEFECFE700BFC0
S31508006390303A0020343A00202C3A0020D82301084D
S315080063A0D4230108DC230108D023010800B583B0F3
S315080063B000230093074BC2B207490848FAF76CFC5A
S315080063C010B903B05DF804FB02460549012009F03F
S315080063D063FEFEE7E56300084C8000204880002045
S315080063E0E023010808B50E4B1B7863B90C4B012254
S315080063F01A7009F03AFE0B4B1868FAF7C5FC02202A
S31508006400FFF7D4FF08BD064B00221A7009F02EFECE
S31508006410044B1868FAF7B8FC0120FFF7C7FFF1E745
S31508006420A97F00204C80002008B501213A20FBF7FF
S31508006430DBFA0023032209211846FCF7ADFE074BB9
S3150800644000221A70064B4FF0FF321A600120FFF740
S31508006450ADFF0449012009F01FFE08BDA97F0020F1
S315080064604C800020FC23010808B5084B5B6E13F02E
S31508006470806F04D1064B1868FAF786FC08BD00231E
S315080064801A4609211846FCF787FEF3E700800050F4
S315080064904C80002008B500230C4A12689A4214D989
S315080064A003EB43018A000A498A5842B1106803EB94
S315080064B043029100064A0A4450600133ECE7054B53
S315080064C0054A5221054802F019FD08BD3C3A00204C
S315080064D0403A0020A01D0108B42401081024010830
S315080064E0124B1B687F2B18D80246C8B1D9B110B514
S315080064F00B600F4C03EB430C04EB8C00826044F8F2
S315080065002C10002444600B49012009F0FDFD074AC0
S31508006510136801331360204610BD4FF0FF307047F3
S315080065206FF0010070476FF0010070473C3A002099
S31508006530403A00206024010838B504460AF0F7FE00
S31508006540054609F0ADFEFFF7A5FF01F00BFC28464E
S315080065500AF0E8FE0125074B1D700020064B18605F
S31508006560064909F0D1FD22460549284609F0CCFD21
S3150800657038BD00BFAA7F0020383A0020242A010827
S3150800658084240108144B1B7823B300B583B0134B3E
S315080065901A68134B1B689A4212D202EB42039900FF
S315080065A0104B0B44596800919B680F49002009F06D
S315080065B0ABFD0A4A13680133136003B05DF804FBA8
S315080065C00A49002009F0A0FD034B00221A7001F0C9
S315080065D0D7FBF2E7704700BFAA7F0020383A0020B1
S315080065E03C3A0020403A0020A4240108242A010845
S315080065F010B50024064B1C604FF4C06221460548BE
S3150800660009F01DFF044B1C70044B1C6010BD00BF35
S315080066103C3A0020403A0020AA7F0020383A002061
S3150800662000230F2B17D810B40D4803EB43018A003B
S31508006630811800244C6045F61B74845043F6963244
S315080066408A6001330F2BEFD9054B064AC3F8B820E9
S315080066505DF8044B7047024B024AC3F8B8207047EE
S31508006660404000204D525542244BD3F89430002B1D
S3150800667028DB13F4005F27D113F4006F26D113F437
S31508006680806F25D113F4007F24D113F4807F23D1A2
S3150800669013F0800F22D113F0400F21D113F0200FF1
S315080066A020D113F0100F1FD113F0080F1ED113F0CD
S315080066B0040F1DD113F0020F1CD113F0010F1BD1CB
S315080066C0002070470120704702207047032070475A
S315080066D0042070470520704706207047072070473A
S315080066E008207047092070470A2070470B2070471A
S315080066F00C2070470D2070470E2070470040005050
S3150800670038B53349002009F029FDFFF7ADFF0446E7
S3150800671001213C20FBF768F92E4B53F824202E491B
S31508006720002009F01BFD2D4BDB6B0E2C0CD0072C23
S315080067300AD0062C08D0052C06D0042C04D0032C2D
S3150800674002D0274A934217D02649002009F006FDB1
S31508006750FFF766FF244B04EB440203EB8202526800
S3150800676004EB440403EB840301325A601F490020FA
S3150800677009F0F4FC002427E01D49002009F0EEFC8E
S31508006780002310E0154A52F82350174903EB43003B
S3150800679001EB8002556045F61B7541F8205043F61B
S315080067A09631916001330F2BECD9D3E704EB440201
S315080067B00D4B03EB82035B68064A52F824200D4909
S315080067C0002009F0CBFC01340E2CEFD938BD00BFF0
S315080067D0CC24010850800020E82401080000085055
S315080067E04D525542FC240108404000202825010846
S315080067F0142501083C25010810B50C4B5C6A0C4BA6
S31508006800586822460B49003818BF012009F098FC41
S31508006810064B5B6A1B1B312BFAD9054B5868064990
S31508006820003818BF012009F08BFC10BD00C00450C9
S31508006830001000E0482501088025010808B504482D
S3150800684000F000FD08B9002008BD014B586AFBE7B7
S3150800685000C0045038B5FFF7F1FF044D2B68C41A81
S31508006860FFF7ECFF2860024B1C6038BD0041002092
S315080068700441002010B5044609F0FDFBA04201D9E9
S31508006880014810BD0020FCE7A425010810B5044600
S3150800689009F0F1FBA04203D9024800EB840010BDC1
S315080068A00020FCE70441002010B51249002009F039
S315080068B047FC114800F0C6FC40B9104800F0C2FC7D
S315080068C070B90F49002009F03BFC10BD0A4C0223A1
S315080068D0E3602046FCF7DEFD204600F047FDECE7C6
S315080068E0064C0223E3602046FCF7D4FD204600F060
S315080068F03DFDE6E7C425010800C0045000800450A9
S31508006900E825010870B588B01F49002009F018FC71
S315080069101E4800F077FD78B3002404940594069485
S31508006920079401268DF810600094019402948DF85E
S315080069300C408DF8104002238DF8143003238DF88F
S315080069400630124D04A9284608F000FC6A4621467E
S31508006950284608F05FFC4FF0FF320D49204609F043
S31508006960EFFB2B6B4FF0FF33EB61EE6009492046D6
S3150800697009F0E6FB08B070BD074B084A40F28311E0
S31508006980074802F0BBFA00BF1826010800C00450E9
S3150800699090260108A0260108A01D0108F027010875
S315080069A040260108F0B589B07149002009F0C8FBF6
S315080069B0704800F027FD00286AD06E4800F09EFC5B
S315080069C008F074F9054602466B49002009F0B8FB41
S315080069D06A4B9D4262D96A4BA3FB05239B0C694A05
S315080069E002FB1353002B63D115F03F0F09D1AC09F5
S315080069F0634BA3FB04239B0C624A02FB1343002B45
S31508006A0061D015F01F0F0AD16C095D4BA3FB042357
S31508006A109B0C5C4A02FB1343002B00F09C8015F08C
S31508006A200F0F0AD12C09564BA3FB04239B0C554A7E
S31508006A3002FB1343002B00F0908015F0070F0AD1D4
S31508006A40EC084F4BA3FB04239B0C4E4A02FB134353
S31508006A50002B00F0848015F0030F09D1AC08484BD1
S31508006A60A3FB04239B0C474A02FB1343002B78D055
S31508006A7015F0010F77D16C08414BA3FB04239B0C3F
S31508006A80404A02FB1343002B70D02C4600261BE01D
S31508006A903D4B3E4AC0213E4802F030FA3D490020AF
S31508006AA009F04EFB384B394AF921394802F026FAE3
S31508006AB03949002009F044FB334B344A40F20311AC
S31508006AC0334802F01BFA3F26721C3449002009F0AD
S31508006AD037FB22463249002009F032FB002504958F
S31508006AE005950695079501278DF81070009501956F
S31508006AF002958DF80C50ADF812608DF810500323EE
S31508006B008DF806301B4E04A9304608F01FFB6A466E
S31508006B102946304608F07EFB194BA3FB0434A40C27
S31508006B20013C22461F49284609F00AFB336BF461EB
S31508006B3024FA07F2336BB2661B49284609F000FBB4
S31508006B40F7601A49284609F0FBFAFFF7DBFEFFF75C
S31508006B5053FE09B0F0BD1F26B6E70F26B4E7072691
S31508006B60B2E70326B0E72C460026ADE70126ABE7D9
S31508006B70C426010800800450E82601083F420F0099
S31508006B8083DE1B4340420F00A01D01081828010898
S31508006B9040260108102701083C2701087827010824
S31508006BA09027010890260108AC270108CC27010880
S31508006BB030B58BB014461D46CDE90001194A20218F
S31508006BC002A8FEF7DFF81F280DD8411E164A82FBD9
S31508006BD00132A2EBE1721044854208DD00222254FC
S31508006BE0431E104608E0002323700BB030BD002377
S31508006BF02370FAE7134661460029F6DB01F1FF3CEC
S31508006C005A1E2831694411F8201CE1540130032822
S31508006C10F0D1BCF1000FEDDB2C21A1549A1E002007
S31508006C20E8E700BF38280108565555550EB410B583
S31508006C308BB00DAB53F8044B099388B1202301AAF6
S31508006C400021FFF7B5FF01A90748FEF785F809995E
S31508006C502046FEF7ABF80BB0BDE8104003B070470E
S31508006C6009F0D9FFEAE700BF4028010800B59BB044
S31508006C7013460A46642101A8FEF7A8F80AF024FA82
S31508006C8030B101A90548FEF767F81BB05DF804FBAB
S31508006C9001A90248FEF760F8F7E700BF482801088F
S31508006CA00EB410B5A3B025AB53F8042B019380217D
S31508006CB002A8FEF78BF80948FEF766F940B10446C4
S31508006CC002A809F0D4FB024602A9204608F06BFC8C
S31508006CD023B0BDE8104003B0704700BFB8160108DE
S31508006CE008B5024B1868FFF7A7FA08BD1C41002033
S31508006CF0024B41F288321A60704700BF24410020D7
S31508006D00014B1868704700BF1C41002008B90248AB
S31508006D1070470020704700BF4C280108034618B981
S31508006D20024800EB83007047002070472841002086
S31508006D30014B00221A60704728410020014B0122AE
S31508006D401A707047AB7F002008B50749012009F083
S31508006D50E9F94FF0E022136923F0010313610349AF
S31508006D60012009F0DFF908BD602801087C28010820
S31508006D7008B5FFF763FD06E0054A116801311160A1
S31508006D8003F57A735360024B5B688342F4D308BDFC
S31508006D901C41002008B5214B1A68214B1B689A42F2
S31508006DA000D808BD01331E4A13601E4A1368013312
S31508006DB0136009F0DCF81C4A136801331360092BC9
S31508006DC01AD81A4A136801331360632B1AD8184A5B
S31508006DD0136801331360B3F57A7F19D2154A13681D
S31508006DE00133136041F287329342DAD9114B0022FC
S31508006DF01A60FFF775FFD4E7134600221A60FEF7FC
S31508006E0099F8DEE7134600221A6009F0BAF8DEE7B9
S31508006E10134600221A60FEF795F8DFE71C410020AA
S31508006E20184100202841002014410020104100206C
S31508006E300C41002008410020F8B5544F394600207F
S31508006E4009F01CF95249002009F018F900F03CFB3A
S31508006E505049002009F012F94F49002009F00EF9AF
S31508006E60FFF7A0FD4D49002009F008F9FFF7E6FCF9
S31508006E7002464B4C2146002009F000F949490020FA
S31508006E8009F0FCF84849002009F0F8F8FDF7EAFF90
S31508006E900546FDF7EDFF064601462846FEF758FE6D
S31508006EA03146284601F016F84049002009F0E6F870
S31508006EB03F49002009F0E2F801F04EF809F063F9BD
S31508006EC03C49002009F0DAF8FFF7B8FC02462146EB
S31508006ED0002009F0D3F8FFF7B1FC0246214600204E
S31508006EE009F0CCF83449002009F0C8F8FFF79CF8F7
S31508006EF03249002009F0C2F8FFF7A0FC02462146F5
S31508006F00002009F0BBF82E49002009F0B7F8FFF772
S31508006F106FFB09F0C1F92B49002009F0AFF8FFF71C
S31508006F208DFC02462146002009F0A8F826490020D3
S31508006F3009F0A4F8FFF778FA2449002009F09EF82A
S31508006F40FFF77CFC02462146002009F097F8FFF778
S31508006F5075FC02462146002009F090F81C490020DD
S31508006F6009F08CF82846FEF773FD1A49002009F047
S31508006F7085F8FFF763FC02462146002009F07EF8F3
S31508006F803946002009F07AF80120F8BD242A0108BC
S31508006F9094280108A8280108BC280108DC2801084B
S31508006FA0F4280108042901081C2901083C290108BC
S31508006FB05829010870290108842901089829010817
S31508006FC0A8290108C4290108E0290108FC290108A3
S31508006FD0102A0108282A010810B50AF0A8F904465B
S31508006FE02049002009F04AF809F0CCF81E4900208B
S31508006FF009F044F81D49002009F040F8FFF754FC51
S315080070001B49002009F03AF81A49002009F036F819
S31508007010FFF79AFE1849002009F030F817490020B2
S3150800702009F02CF8FFF720FA1549002009F026F890
S315080070301449002009F022F8FFF728F81249002021
S3150800704009F01CF81149002009F018F8FEF77EFC33
S315080070500F49002009F012F820460AF063F90020CB
S3150800706010BD00BF382A0108542A0108682A0108F9
S31508007070882A0108A42A0108C02A0108D82A010872
S31508007080F42A01080C2B0108242B0108382B0108C7
S31508007090502B010808B5134B1A78D2B2124B1B783D
S315080070A0DBB29A4201D1002008BDFFF795FF0F49D0
S315080070B0002008F0E3FFFFF7BFFE50B10C4900209F
S315080070C008F0DCFF08F0C9FF0A4B02221A700120FB
S315080070D0EAE70949002008F0D1FF064B03221A7097
S315080070E0F5E700BF5F810020AD7F0020642B010813
S315080070F0802B0108AC7F0020A02B0108024B1B78CF
S31508007100024B1B78002070475F810020AD7F00206E
S31508007110084B1B78DBB2022B01D00020704710B554
S315080071200124054B1C7008F098FFFDF7A7FE2046C2
S3150800713010BD00BFAD7F0020AC7F002038B5264BC0
S315080071401B78B3B9254B1A78D2B2254B1B78DBB21C
S315080071509A4221D1214B1B78DBB2022B33D0032B69
S3150800716034D0012B26D01F49002008F087FF0020C5
S3150800717022E0194C2178194D2B781B4A52F82330F6
S3150800718052F821201949002008F078FF2378DBB24D
S315080071902B7000232370D5E7104B1978104B1B78FA
S315080071A0114A52F8233052F821201149002008F0DC
S315080071B065FFCFE7FFF76EFF084B1B78DBB2084A7F
S315080071C0137030B938BDFFF799FFF5E7FFF7A0FF51
S315080071D0F2E7FDF753FEF5E7AC7F00205F8100205C
S315080071E0AD7F0020042C01088C800020BC2B0108F0
S315080071F0E42B0108014B1878704700BF5F81002017
S315080072000F4B984213D003F58043984211D003F5EB
S31508007210804398420FD003F5804398420DD003F57A
S315080072208043984201D00020704701207047012012
S31508007230704701207047012070470120704700BF42
S3150800724000800450174B98420DD0174B984210D027
S31508007250164B984213D0164B984216D0154B9842A7
S3150800726019D001207047A3F58023586EC0F300108B
S315080072707047A3F58823586EC0F340107047A3F5EE
S315080072809023586EC0F380107047A3F59823586E64
S31508007290C0F3C0107047A3F5A023586EC0F30020B2
S315080072A0704700BF0080045000C00450000005501D
S315080072B000400550008005500F4B984214D003F546
S315080072C08043984212D003F58043984210D003F5C4
S315080072D0804398420ED003F58043984202D04FF07F
S315080072E0FF30704704207047002070470120704720
S315080072F002207047032070470080045010B50446EA
S31508007300FFF77EFFA8B1144B9C421DD003F58043BE
S315080073109C421BD003F580439C4219D003F5804359
S315080073209C4217D003F580439C420BD04FF0FF30A8
S3150800733010BD0A49FFF77AFC094B0A4A6E210A482A
S3150800734001F0DCFD2820F3E72420F1E72520EFE70C
S315080073502620EDE72720EBE700800450142C0108CF
S31508007360A01D0108A42C0108282C010838B50446DC
S31508007370FFF746FF90B10546194B9C4217D0194BAB
S315080073809C4219D0184B9C421BD0184B9C421DD0CE
S31508007390174B9C421FD00025284638BD1549FFF7D4
S315080073A045FC154B154A9921154801F0A7FD002102
S315080073B02420FAF719FBEFE700212520FAF714FB3A
S315080073C0EAE700212620FAF70FFBE5E70021272048
S315080073D0FAF70AFBE0E700212820FAF705FBDBE7C6
S315080073E00080045000C004500000055000400550BD
S315080073F000800550142C0108A01D0108882C0108DE
S31508007400282C010838B50446FFF7FAFE90B1054660
S31508007410194B9C4217D0194B9C4219D0184B9C42C9
S315080074201BD0184B9C421DD0174B9C421FD00025E1
S31508007430284638BD1549FFF7F9FB154B154ACA21E9
S31508007440154801F05BFD01212420FAF7CDFAEFE794
S3150800745001212520FAF7C8FAEAE701212620FAF7DA
S31508007460C3FAE5E701212720FAF7BEFAE0E701218A
S315080074702820FAF7B9FADBE70080045000C0045068
S31508007480000005500040055000800550142C0108E6
S31508007490A01D0108702C0108282C010808B503490D
S315080074A00120FFF7FDFB08F0E2FD08BDBC2C010832
S315080074B008B5044B9A6903F500539A61FFF7EEFF86
S315080074C008BD00BF0040005B10B584B0214B9B6E21
S315080074D013F4003F0BD02D20FAF7B4FA0C280FD17D
S315080074E01D4B5B6813F0010F13D004B010BD0C21BF
S315080074F02D20FAF75BFE01212D20FAF775FAEAE747
S3150800750016490120FFF7CCFB0C212D20FAF74EFE79
S31508007510E6E70023009301930293ADF80C300123AC
S315080075208DF800300F228DF80A208DF80D300822CC
S315080075308DF80A20084C04F58052D3612A2008F0F9
S315080075402AF86946204607F07BFF204607F075FFB4
S31508007550CBE700BF008000500040005BC82C010844
S31508007560094B1B785BB1084B00221A70074A13684F
S3150800757001331360142B03D0054B01221A70704790
S31508007580134600221A60F7E7AE7F00209C80002091
S31508007590AF7F0020014B1868704700BF2C410020C0
S315080075A0074B1A684FF6FF739A4204D0044A1368C9
S315080075B0013313607047024B00221A60704700BF00
S315080075C02C410020014B1868704700BF9C800020A2
S315080075D008B50020FDF7F2FD134A144909F00DFB22
S315080075E048B9114B1A88B2F5007F0FD1104901200E
S315080075F008F07CFD08BD02460E49012008F076FD1C
S315080076000D4B0E4A1F210E4801F078FC13464FF425
S3150800761000720C49012008F069FD074B074A24212E
S31508007620074801F06BFC00BF548100203041002060
S31508007630982D0108E42C0108A01D0108082E010850
S315080076400C2D01085C2D01082DE9F041C6B007464E
S3150800765041AA022109F0D3FA804641A9684608F0F2
S31508007660CAFD9DF80020802A03D80132561000244E
S315080076701BE01249012008F039FD4146384609F059
S31508007680C0FA18E063000DEB4402127901336B442B
S315080076901D7945EA0225284600F026F82B4622469B
S315080076A00749012008F022FD0134B442EAD34146D5
S315080076B0384609F0A6FA46B0BDE8F081BC2D0108A7
S315080076C0DC2D010807490A4201D10020704712F053
S315080076D0080F01D10120704708B5FFF7B5FF012053
S315080076E008BD00BF088D010070B50024632C17D8AB
S315080076F004EB84020B4B03EB82031B790BB10134B9
S31508007700F4E7084DA600134605EB820245F8230068
S315080077100123137108F030FD264405EB8605A860A1
S3150800772070BD00BF3043002038B5044628B900298B
S3150800773047D04FF48073012001E080230120264AB8
S315080077401070002941D05B004BF68032B2FBF3F291
S315080077502248C260224BB3FBF2F303605A2203FBB2
S3150800776002F2204DA5FB02C2520982606E2202FB7C
S3150800777003F3A5FB03535B0943601B4B186034B343
S315080077801A4A31B31A4B1B49012008F0AFFC164CB4
S315080077902368DA681849012008F0A8FC23681A68E3
S315080077A01649012008F0A2FC23685A6814490120EA
S315080077B008F09CFC23689A681249012008F096FC98
S315080077C038BD4FF480730020B9E75B08BCE70E4A62
S315080077D0D7E70E4BD7E700BF60810020004B00209B
S315080077E040420F001F85EB51A08000201C2E010887
S315080077F02C2E0108382E01084C2E0108742E01087B
S31508007800902E0108B42E0108242E0108F829010833
S3150800781038B50E49012008F069FC0D4C41F2887212
S315080078200021204608F00BFEFDF71CFB0546FDF778
S315080078301FFB01462846FFF777FF064B1B681B68A8
S3150800784004F58054C4F8843738BD00BFD82E010823
S31508007850104B0020A080002070B50C46534A1278C1
S31508007860002A41D00546524B1B68002B43D0504B8B
S31508007870DB68A34259D84E4BDA68A21A4D4B1B68EF
S31508007880596891425CD24C4BD3F88037B3F5FA7FEE
S3150800789051D247494A6001F58050D0F88037AEB2D8
S315080078A003EB430301EB83031E83D0F8803703EB16
S315080078B0430301EB83035A61D0F8803703EB430394
S315080078C001EB83031C61D0F880370133C0F8803799
S315080078D04A682B463949012008F008FC344BDC601D
S315080078E01A6801321A6004E0314BD9601A6801320D
S315080078F01A60012070BD2F4B1B681B682C4E7360E5
S315080079009BB2338172682E49012008F0EFFB328959
S3150800791092B22C49012008F0E9FBF368002BA6D1A6
S31508007920326801323260F460E3E7214BDC601A68A2
S3150800793001321A60DDE72449012008F0D7FBD8E7B1
S315080079409B689342CAD91C4BD3F88037B3F5FA7FA4
S3150800795027D291B2164B198103F58050D0F88017BB
S31508007960AEB201EB410103EB81010E83D0F880171B
S3150800797001EB410103EB81014A61D0F8802702EB54
S31508007980420203EB82021461D0F880270132C0F864
S3150800799080271A892B4692B20C49012008F0A6FBCB
S315080079A09CE70949012008F0A1FBA2E760810020B5
S315080079B0104B0020A0800020105B00204C2F0108EF
S315080079C0F02E01080C2F0108282F01086C2F01083A
S315080079D0132805D8034A52F82030013342F82030DC
S315080079E0704700BFA46400202DE9F04182B0132837
S315080079F062D804460D460020FDF7E0FB06464FF424
S31508007A008A7304FB03F34B4AD35801932DB1C3F38E
S31508007A10072343F002038DF80530FF238DF8043061
S31508007A20012304220DEB0201304609F0C8F80428A8
S31508007A304BD14FF48A733F4903FB0411002380227C
S31508007A400431304609F0BBF8802849D14FF48A7CC6
S31508007A500CFB04FC0CF1800C364B9C440023802262
S31508007A600CF10401304609F0AAF8802843D12046D3
S31508007A7000F02EFB074620B309F059FC804600208B
S31508007A80FFF7A6FF002D41D1FFF79CFD00231A46FC
S31508007A9081B2304608F066FF00283FD1264B1C60AD
S31508007AA01D7101225A71002D34D00B20FFF790FF6B
S31508007AB0404609F037FC04E02049012008F016FB8F
S31508007AC00027384602B0BDE8F08102461C4901206D
S31508007AD008F00CFB1B4B1C4AD2211C4801F00EFA7D
S31508007AE002461B49012008F001FB164B164ADA210B
S31508007AF0164801F003FA02461649012008F0F6FA7C
S31508007B00104B114AE221114801F0F8F90A20FFF753
S31508007B105FFFB9E70120FFF75BFFC9E70220FFF720
S31508007B2057FF204600F00CFB404609F0FBFB0027F8
S31508007B30C7E700BFB4650020986200209C2F0108A3
S31508007B40B42F0108A01D010848310108DC2F0108DF
S31508007B502C30010858300108132803D8024B53F873
S31508007B602000704700207047D8330108132803D82F
S31508007B70024B03EB8000704700207047A464002086
S31508007B8008B550220021024808F059FC08BD00BF7C
S31508007B90A4640020024B00221A605A60704700BF96
S31508007BA09862002030B583B0FFF7EAFFFFF7F2FFCF
S31508007BB00020FDF703FB05464FF0FF324FF0FF3379
S31508007BC0CDE9002308F07FFF4FF40073002219491E
S31508007BD0284608F0F6FF0446B0F5827F12D302461F
S31508007BE01549012008F082FA144B1C60BE2128466C
S31508007BF008F074FF024690B91149012008F076FA98
S31508007C0003B030BD03464FF400720E49012008F058
S31508007C106DFA0D4B0D4A9A210D4801F06FF90D4981
S31508007C20012008F063FA084B084AA321084801F026
S31508007C3065F900BFA4620020C0300108A0620020D8
S31508007C401031010884300108A01D010864310108BB
S31508007C50DC2F0108E430010870B51446374A167956
S31508007C6014F0807F08D11D4604F0AA4203F02203CF
S31508007C701A4311D1002070BD106808F068F93EB1AA
S31508007C800D20FFF7A5FE2D4B00225A710120F2E7C1
S31508007C900320FFF79DFEF6E7284B00225A71186865
S31508007CA000F04EFA5EB10C20FFF792FE14F0806FDA
S31508007CB00DD046B10F20FFF78BFE0120DBE702202F
S31508007CC0FFF786FEF2E70520FFF782FEF5E714F0D8
S31508007CD0805F08D01EB11020FFF77AFEEDE7062078
S31508007CE0FFF776FEE9E714F0804F08D01EB11120A1
S31508007CF0FFF76EFEE1E70720FFF76AFEDDE715F0FE
S31508007D00200F08D01EB11320FFF762FED5E7092021
S31508007D10FFF75EFED1E715F0020F08D01EB112205C
S31508007D20FFF756FEC9E70820FFF752FEC5E72246C9
S31508007D302B460349012008F0D9F9BEE798620020CE
S31508007D402C31010810B5002407E004EB4402930027
S31508007D500348184408F086FA0134062CF5D910BDF4
S31508007D604C34010810B5002405E0044800EB8400F3
S31508007D7008F074FA0134052CF7D910BD343401081B
S31508007D8008B50249012008F0BFF908BD28340108E2
S31508007D9000283ED0F8B50D46144606461D4B1B78FE
S31508007DA05BB31D4B1B78C3B108F04DF9F8B1B5FBB1
S31508007DB0F0F72A461949304608F095FA60B1D4B169
S31508007DC01748184D3B462A46144908F0D2FA20228D
S31508007DD021462846FDF7E8FFF8BD134808F0B2FA31
S31508007DE00F4808F0AFFA0C4B01221A70DCE70F486F
S31508007DF0FCF7B2FFF0E70C48E3E70A46074908F044
S31508007E0072FA0028E8D0402221460448FDF7CCFF44
S31508007E10E2E77047B07F0020B27F0020146500209B
S31508007E20A4800020F4640020AC800020A03401085F
S31508007E3000B587B001AA03A905A8FDF7E7FC40B974
S31508007E406A4602A904A8FDF723FD88B907B05DF8BC
S31508007E5004FB002201990598FFF79AFF0398FDF79E
S31508007E6059FD0B4A1368019903EB91031360E7E781
S31508007E70012200990498FFF78BFF0298FDF758FD39
S31508007E80034A5368009903EB91035360DEE700BF8A
S31508007E90A4650020022803D8024B53F82000704737
S31508007EA00020704788350108022803D8024B03EBE7
S31508007EB08000704700207047A4650020002304E076
S31508007EC0034A002142F823100133022BF8D97047E0
S31508007ED0A4650020034B1870034B1970034B00224E
S31508007EE01A707047B17F0020B07F0020B27F002053
S31508007EF000B583B0002301934FF0FF330093694622
S31508007F0001A800F07BF810B903B05DF804FB019AEC
S31508007F100B4B19780B4B1878FDF78CFE0028F3D01D
S31508007F20009800F099F820B1074A936801339360E6
S31508007F30EAE7064B064A8321064800F0DFFF00BF42
S31508007F40B07F0020B17F0020A4650020A01D010895
S31508007F5008350108C034010808B541F290520021DD
S31508007F60034808F06CFA034B00221A6008BD00BFEC
S31508007F70B4650020B0650020132805D84FF48A722E
S31508007F80024B02FB0030704700207047B4650020A2
S31508007F9010B500234FF0FF34A64600E00133132B3B
S31508007FA019D8154A4FF48A7C0CFB032292F805214E
S31508007FB0002AF3D0104A0CFB032292F80621002A65
S31508007FC0ECD10D4A0CFB0322D2F808217245E5D202
S31508007FD01C469646E2E7132C07D84FF48A72064BDE
S31508007FE002FB043303600C6010BD002303604FF0EE
S31508007FF0FF330B60F8E700BFB46500202DE9F041B8
S3150800800020B30E46804619B30025132D17D84FF412
S315080080108A73104C03FB0544204608F051F90746BD
S3150800802008B90135F1E74FF48A720021204608F0B5
S3150800803006FAC8F8004035603846BDE8F0810027E2
S31508008040C8F800704FF0FF333360F5E70027F3E711
S315080080500027F1E7B465002013282DD838B5054662
S31508008060164B4FF48A7202FB003393F80431C3B9F6
S31508008070FFF790FA114C4FF48A7303FB05446080AE
S31508008080FFF78EFA08F078F8C4F80801012084F89A
S31508008090040184F80501002384F8063184F81031B8
S315080080A038BD02460649012008F012F8054B064A73
S315080080B06B21064800F022FF00207047B4650020B7
S315080080C094350108A01D010844360108F435010855
S315080080D00346132811D80A4A4FF48A7101FB002275
S315080080E092F8040150B1064A01FB0323002283F8E3
S315080080F00521012283F8062170470020704700BF3A
S31508008100B465002038B5132815D80C4B4FF48A727D
S3150800811002FB003393F8044174B1084D02FB005585
S31508008120012385F8103108F027F8C5F80C0100235B
S3150800813085F8043100E00024204638BDB4650020E7
S315080081400346132813D80B4A4FF48A7101FB002201
S3150800815092F8040160B1074A01FB0323002283F861
S315080081600521012183F8101183F8042170470020A6
S31508008170704700BFB465002010B5044608F0A5F89E
S3150800818080B11E2806D9002C01DB00240AE04FF036
S31508008190FF3407E0411E01228A40002C1CDB2244E2
S315080081A042FA00F4E317DB03E20353EA544317D415
S315080081B012F5804043F10003C00B40EA4340DB134D
S315080081C0B0F5004F73F100020FDA10F5004F73F1A6
S315080081D0FF330DDB00B210BD121B02415442E1E72A
S315080081E0B2F5804043F1FF33E6E747F6FF70F2E762
S315080081F00048F0E70080FFFFB0F5004F04DA10F5FD
S31508008200004F04DB00B2704747F6FF70704701481D
S31508008210704700BF0080FFFFF8B50D4691F9004092
S315080082201D4B33F91430B1F90210421A2BD400262B
S31508008230D8109A4203DB46F00406D21A18445F1097
S31508008240B2EB630F03DB46F00206D21B38449F10DD
S31508008250B2EBA30F02DB46F001063844374616F0A8
S31508008260080F13D0081AFFF7C7FF68800B4BDB5DB2
S3150800827053FA84F35BB22B70002B09DB582B09DD0C
S3150800828058232B7006E00A1A0826D1E70844EAE7BD
S3150800829000232B703046F8BD7436010828370108CC
S315080082A081F0004102E000BF83F0004330B54FEA99
S315080082B041044FEA430594EA050F08BF90EA020F06
S315080082C01FBF54EA000C55EA020C7FEA645C7FEA99
S315080082D0655C00F0E2804FEA5454D4EB5555B8BFBC
S315080082E06D420CDD2C4480EA020281EA030382EA2D
S315080082F0000083EA010180EA020281EA0303362DBF
S3150800830088BF30BD11F0004F4FEA01314FF4801C91
S315080083104CEA113102D0404261EB410113F0004FA3
S315080083204FEA03334CEA133302D0524263EB43035A
S3150800833094EA050F00F0A780A4F10104D5F1200EF8
S315080083400DDB02FA0EFC22FA05F2801841F1000153
S3150800835003FA0EF2801843FA05F359410EE0A5F127
S3150800836020050EF1200E012A03FA0EFC28BF4CF058
S31508008370020C43FA05F3C01851EBE37101F000450E
S3150800838007D54FF0000EDCF1000C7EEB00006EEB1B
S315080083900101B1F5801F1BD3B1F5001F0CD34908A5
S315080083A05FEA30004FEA3C0C04F101044FEA4452FC
S315080083B012F5800F80F09A80BCF1004F08BF5FEA83
S315080083C0500C50F1000041EB045141EA050130BD63
S315080083D05FEA4C0C404141EB0101013C28BFB1F575
S315080083E0801FE9D291F0000F04BF01460020B1FAC0
S315080083F081F308BF2033A3F10B03B3F120020CDA93
S315080084000C3208DD02F1140CC2F10C0201FA0CF070
S3150800841021FA02F10CE002F11402D8BFC2F1200CD5
S3150800842001FA02F120FA0CFCDCBF41EA0C0190408B
S31508008430E41AA2BF01EB0451294330BD6FEA0404D4
S315080084401F3C1CDA0C340EDC04F11404C4F12002BF
S3150800845020FA04F001FA02F340EA030021FA04F3D1
S3150800846045EA030130BDC4F10C04C4F1200220FA28
S3150800847002F001FA04F340EA0300294630BD21FA66
S3150800848004F0294630BD94F0000F83F4801306BF2C
S3150800849081F480110134013D4EE77FEA645C18BF20
S315080084A07FEA655C29D094EA050F08BF90EA020FB7
S315080084B005D054EA000C04BF1946104630BD91EAAF
S315080084C0030F1EBF0021002030BD5FEA545C05D1B2
S315080084D04000494128BF41F0004130BD14F58004F1
S315080084E03CBF01F5801130BD01F0004545F0FE4165
S315080084F041F470014FF0000030BD7FEA645C1ABF9A
S31508008500194610467FEA655C1CBF0B46024650EAD0
S31508008510013406BF52EA033591EA030F41F40021FC
S3150800852030BD00BF90F0000F04BF0021704730B582
S315080085304FF4806404F132044FF000054FF0000157
S3150800854050E700BF90F0000F04BF0021704730B518
S315080085504FF4806404F1320410F0004548BF4042ED
S315080085604FF000013EE700BF42004FEAE2014FEA42
S3150800857031014FEA02701FBF12F07F4393F07F4F1D
S3150800858081F06051704732F07F4208BF704793F020
S315080085907F4F04BF41F40021704730B54FF4607433
S315080085A001F0004521F000411CE700BF50EA010236
S315080085B008BF704730B54FF000050AE050EA0102DF
S315080085C008BF704730B511F0004502D5404261EB4F
S315080085D041014FF4806404F132045FEA915C3FF490
S315080085E0D8AE4FF003025FEADC0C18BF03325FEA2D
S315080085F0DC0C18BF033202EBDC02C2F1200300FADE
S3150800860003FC20FA02F001FA03FE40EA0E0021FA02
S3150800861002F11444BDE600BF70B54FF0FF0C4CF4F0
S31508008620E06C1CEA11541DBF1CEA135594EA0C0FA2
S3150800863095EA0C0F00F0DEF82C4481EA030621EADD
S315080086404C5123EA4C5350EA013518BF52EA033518
S3150800865041F4801143F4801338D0A0FB02CE4FF0CA
S315080086600005E1FB02E506F00042E0FB03E54FF0FA
S315080086700006E1FB03569CF0000F18BF4EF0010EF2
S31508008680A4F1FF04B6F5007F64F5407404D25FEAEE
S315080086904E0E6D4146EB060642EAC62141EA5551A1
S315080086A04FEAC52040EA5E504FEACE2EB4F1FD0CE3
S315080086B088BFBCF5E06F1ED8BEF1004F08BF5FEA61
S315080086C0500E50F1000041EB045170BD06F0004613
S315080086D046EA010140EA020081EA0301B4EB5C04C0
S315080086E0C2BFD4EB0C0541EA045170BD41F48011B8
S315080086F04FF0000E013C00F3AB8014F1360FDEBFDD
S31508008700002001F0004170BDC4F10004203C35DAB8
S315080087100C341BDC04F11404C4F1200500FA05F33B
S3150800872020FA04F001FA05F240EA020001F00042DC
S3150800873021F0004110EBD37021FA04F642EB060152
S315080087405EEA430E08BF20EAD37070BDC4F10C047C
S31508008750C4F1200500FA04F320FA05F001FA04F240
S3150800876040EA020001F0004110EBD37041F100012C
S315080087705EEA430E08BF20EAD37070BDC4F1200537
S3150800878000FA05F24EEA020E20FA04F301FA05F29F
S3150800879043EA020321FA04F001F0004121FA04F247
S315080087A020EA020000EBD3705EEA430E08BF20EA17
S315080087B0D37070BD94F0000F0FD101F00046400051
S315080087C041EB010111F4801F08BF013CF7D041EAD3
S315080087D0060195F0000F18BF704703F000465200D7
S315080087E043EB030313F4801F08BF013DF7D043EAA8
S315080087F00603704794EA0C0F0CEA135518BF95EA5E
S315080088000C0F0CD050EA410618BF52EA4306D1D1E4
S3150800881081EA030101F000414FF0000070BD50EA03
S31508008820410606BF1046194652EA430619D094EA8D
S315080088300C0F02D150EA013613D195EA0C0F05D177
S3150800884052EA03361CBF104619460AD181EA0301CB
S3150800885001F0004141F0FE4141F470014FF0000083
S3150800886070BD41F0FE4141F4780170BD70B54FF01E
S31508008870FF0C4CF4E06C1CEA11541DBF1CEA13559E
S3150800888094EA0C0F95EA0C0F00F0A7F8A4EB050480
S3150800889081EA030E52EA03354FEA013100F0888077
S315080088A04FEA03334FF0805545EA131343EA126340
S315080088B04FEA022245EA111545EA10654FEA0026F5
S315080088C00EF000419D4208BF964244F1FD0404F5AE
S315080088D0407402D25B084FEA3202B61A65EB03050A
S315080088E05B084FEA32024FF480104FF4002CB6EBC7
S315080088F0020E75EB030E22BFB61A754640EA0C0047
S315080089005B084FEA3202B6EB020E75EB030E22BF86
S31508008910B61A754640EA5C005B084FEA3202B6EBC7
S31508008920020E75EB030E22BFB61A754640EA9C0086
S315080089305B084FEA3202B6EB020E75EB030E22BF56
S31508008940B61A754640EADC0055EA060E18D04FEA14
S31508008950051545EA16754FEA06164FEAC30343EAB4
S3150800896052734FEAC2025FEA1C1CC0D111F4801F81
S315080089700BD141EA00014FF000004FF0004CB6E77A
S3150800898011F4801F04BF01430020B4F1FD0C88BF19
S31508008990BCF5E06F3FF6AFAEB5EB030C04BFB6EB24
S315080089A0020C5FEA500C50F1000041EB045170BD17
S315080089B00EF0004E4EEA113114EB5C04C2BFD4EB44
S315080089C00C0541EA045170BD41F480114FF0000EC8
S315080089D0013C90E645EA060E8DE60CEA135594EA44
S315080089E00C0F08BF95EA0C0F3FF43BAF94EA0C0F47
S315080089F00AD150EA01347FF434AF95EA0C0F7FF4BC
S31508008A0025AF104619462CE795EA0C0F06D152EA0F
S31508008A1003353FF4FDAE1046194622E750EA4106F3
S31508008A2018BF52EA43067FF4C5AE50EA41047FF404
S31508008A300DAF52EA43057FF4EBAE12E74FF0FF3C69
S31508008A4006E000BF4FF0010C02E000BF4FF0010C3A
S31508008A504DF804CD4FEA410C7FEA6C5C4FEA430CB3
S31508008A6018BF7FEA6C5C1BD001B050EA410C0CBF02
S31508008A7052EA430C91EA030F02BF90EA020F002064
S31508008A80704710F1000F91EA030F58BF994208BFCB
S31508008A9090422CBFD8176FEAE37040F00100704788
S31508008AA04FEA410C7FEA6C5C02D150EA013C07D1DF
S31508008AB04FEA430C7FEA6C5CD6D152EA033CD3D02A
S31508008AC05DF8040B704700BF8446104662468C4624
S31508008AD01946634600E000BF01B5FFF7B7FF002857
S31508008AE048BF10F1000F01BD4DF808EDFFF7F4FF80
S31508008AF00CBF012000205DF808FB00BF4DF808ED0B
S31508008B00FFF7EAFF34BF012000205DF808FB00BF2D
S31508008B104DF808EDFFF7E0FF94BF012000205DF84F
S31508008B2008FB00BF4DF808EDFFF7CEFF94BF012004
S31508008B3000205DF808FB00BF4DF808EDFFF7C4FFFD
S31508008B4034BF012000205DF808FB00BF4FEA410250
S31508008B5012F5001215D211D56FF47873B3EB625281
S31508008B6012D94FEAC12343F0004343EA505311F0A8
S31508008B70004F23FA02F018BF404270474FF000003A
S31508008B80704750EA013005D111F0004008BF6FF078
S31508008B90004070474FF00000704700BF4A0011D2EE
S31508008BA012F5001211D20DD56FF47873B3EB625239
S31508008BB00ED44FEAC12343F0004343EA505323FA45
S31508008BC002F070474FF00000704750EA013002D1BA
S31508008BD04FF0FF3070474FF00000704753B94AB95D
S31508008BE0002908BF00281CBF4FF0FF314FF0FF30A7
S31508008BF000F082B9ADF1080C6DE904CE00F006F874
S31508008C00DDF804E0DDE9022304B070472DE9F04FF2
S31508008C10099D0C46002B4DD18A420F46844696463E
S31508008C20B2FA82F360D94BB102FA03FEC3F120020D
S31508008C309F4000FA03FC20FA02F217434FEA1E4649
S31508008C401FFA8EF44FEA1C42B7FBF6F106FB1177C2
S31508008C5001FB04F042EA0742904208D91EEB0202E1
S31508008C6001F1FF3702D2904200F231813946121AD9
S31508008C701FFA8CFCB2FBF6F006FB102200FB04F48C
S31508008C804CEA024C644508D91EEB0C0C00F1FF3285
S31508008C9002D2644500F21E81104640EA0140ACEB60
S31508008CA0040C002125B12CFA03F30022C5E9003291
S31508008CB0BDE8F08F8B4205D90DB1C5E90001002149
S31508008CC00846F5E7B3FA83F100294DD1A342C0F06F
S31508008CD0F380904280F0F080064623460846002D31
S31508008CE0E6D0C5E90063E3E7002B40F0A3808A1AC3
S31508008CF04FEA1E471FFA8EF60121B2FBF7F407FB6F
S31508008D0014204FEA1C4242EA004206FB04F0904255
S31508008D100FD91EEB020204F1FF382CBF4FF00109F0
S31508008D204FF00009904203D9B9F1000F00F0CC804A
S31508008D304446121A1FFA8CFCB2FBF7F007FB102206
S31508008D4000FB06F64CEA024C664508D91EEB0C0CED
S31508008D5000F1FF3202D2664500F2B3801046ACEB52
S31508008D60060C40EA04409DE7C1F120068B4004FA50
S31508008D7001FE22FA06F720FA06FCF4408A401F4351
S31508008D804EEA0C0300FA01FE4FEA17484FEA134968
S31508008D901FFA87FCB4FBF8F008FB104449EA0444C0
S31508008DA000FB0CF9A1450ED93C1900F1FF3A2CBF7E
S31508008DB04FF0010B4FF0000BA14503D9BBF1000F93
S31508008DC000F08B805046A4EB09041FFA83F9B4FB24
S31508008DD0F8F308FB134403FB0CFC49EA0444A445D6
S31508008DE006D93C1903F1FF3801D2A4457BD843467E
S31508008DF043EA0040A4EB0C04A0FB02984445CC4689
S31508008E00434602D306D1CE4504D20138B9EB020C4B
S31508008E1068EB0703002D6CD0BEEB0C0264EB030471
S31508008E2022FA01F304FA06F6CC4000211E43C5E9EE
S31508008E3000643DE702FA03FEC3F1200104FA03F2D7
S31508008E4000FA03FCCC404FEA1E4720FA01F11FFA4C
S31508008E508EF6B4FBF7F00A4307FB1044110C41EAFF
S31508008E60044100FB06F48C420ED91EEB010100F109
S31508008E70FF382CBF4FF001094FF000098C4202D988
S31508008E80B9F1000F2CD04046091B92B2B1FBF7F49A
S31508008E9007FB141142EA014204FB06F1914207D985
S31508008EA01EEB020204F1FF3801D291421ED8444655
S31508008EB0521A44EA004120E7861A64EB03030120AC
S31508008EC00DE7F44402384AE7023C724431E70239B6
S31508008ED07244CCE6F4440238DFE602383C4472E7D2
S31508008EE002387144D0E7023B3C4481E7023C7244B5
S31508008EF0DEE72946DCE600BF704700BF1FB514460B
S31508008F001A46094B05461B68D86854B9074B1C46D0
S31508008F1000910749CDE901342B4600F0C3F807F064
S31508008F20B8FA044BF4E700BFC08000207337010885
S31508008F30453701083837010808B5064B044613B10A
S31508008F400021AFF30080044B1B6803B19847204605
S31508008F5006F0D8FB000000007C7C0020002310B53A
S31508008F6004468360818119464366C281082283616B
S31508008F70C0E90033C0E904335C3007F060FA0D4BF2
S31508008F80246263620C4BA3620C4BE3620C4B2363B3
S31508008F900C4B9C4206D003F16802944202D0D033AF
S31508008FA09C4205D104F15800BDE8104007F04FBABD
S31508008FB010BD00BF2D0701084F07010887070108E4
S31508008FC0AB070108447B0020024A0349034807F01F
S31508008FD018BA00BFB4800020DD060108C48000204E
S31508008FE041680C4B994210B5044601D007F076FB50
S31508008FF0A168094B994202D0204607F06FFBE16849
S31508009000064B994204D02046BDE8104007F066BBDF
S3150800901010BD00BF447B0020AC7B0020147C0020E0
S3150800902010B50B4B04210B4C0B4A20461A60002244
S31508009030FFF794FF04F1680001220921FFF78EFF6C
S3150800904004F1D00002221221BDE81040FFF786BFC6
S315080090507C7C0020447B0020C98F0008014807F06B
S31508009060F7B900BFB47F0020014807F0F2B900BF86
S31508009070B47F002010B50446FFF7F0FF236A1BB142
S31508009080BDE81040FFF7F0BF044B2362044B1B6892
S31508009090002BF5D1FFF7C4FFF2E700BFE18F000808
S315080090A07C7C00200EB403B503AB0146054853F893
S315080090B0042B0068019300F02BF802B05DF804EB6E
S315080090C003B07047C080002070B50D4D00260D4CCA
S315080090D0641BA410A64209D10B4D00260B4C08F0C0
S315080090E04FF9641BA410A64205D170BD55F8043B80
S315080090F001369847EEE755F8043B01369847F2E7FC
S315080091006881002068810020688100206C81002029
S315080091102DE9F04F0D469DB014469846064618B1FF
S31508009120036A0BB9FFF7A6FF6B6ED90705D4AB899F
S315080091309A0502D4A86D07F08BF9AB891B0701D5F0
S315080091402B699BB92946304600F0CCFA70B16B6E94
S31508009150DC0704D54FF0FF301DB0BDE8F08FAB89B2
S315080091609805F7D4A86D07F074F9F3E70023CDF84E
S315080091700C804FF00109DFF8B481099320238DF89C
S31508009180293030238DF82A3023469A4613F8012BC6
S315080091900AB1252AF9D1BAEB040B0BD05B46224655
S315080091A02946304607F093F9013000F0A780099A5E
S315080091B05A4409929AF80030002B00F09F80002349
S315080091C04FF0FF320AF1010A049307938DF85330E2
S315080091D01A93CDE9052354460522544814F8011B71
S315080091E007F0B0FB049AD8B9D10644BF20238DF8FE
S315080091F05330130744BF2B238DF853309AF80030A9
S315080092002A2B15D0079A544600204FF00A0C2146FF
S3150800921011F8013B303B092B4BD9B0B1079214E04A
S31508009220A0EB0803A24609FA03F313430493D2E713
S31508009230039B191D1B68002B0391BBBF5B4242F0C1
S31508009240020207930793B8BF049223782E2B0AD1FC
S3150800925063782A2B32D1039B02341A1D1B6843EA12
S31508009260E37303920593DFF8D4A0032221785046CE
S3150800927007F068FB38B1A0EB0A004022049B0134D2
S3150800928082401343049314F8011B062228488DF8DC
S31508009290281007F057FB00283FD0264B1BBB039B23
S315080092A0073323F0070308330393099B3B440993C9
S315080092B06AE70CFB02320C460120A8E700230134BA
S315080092C04FF00A0C19460593204610F8012B303A40
S315080092D0092A03D9002BC6D00591C4E70CFB012146
S315080092E004460123F0E703AB2A4604A93046009357
S315080092F0114BAFF300800746781CD6D16B6ED907A1
S3150800930005D4AB899A0502D4A86D07F0A2F8AB89F3
S315080093105B063FF51FAF09981EE703AB2A4604A96B
S3150800932030460093044B00F0A5F8E4E774370108CB
S315080093307E37010800000000CF0401087A370108CB
S3150800934070B50F4E0C460546316811B900F090FA13
S3150800935030602146284600F08BFA431C03D14FF0B3
S31508009360FF34204670BDC41C24F00304A042F8D084
S31508009370211A284600F07CFA0130F2D1EFE700BF47
S31508009380807C00202DE9F041CD1C064625F003051A
S3150800939008350C2D38BF0C25002D01DBA94204D950
S315080093A00C2333600020BDE8F081314F00F08EF9C0
S315080093B03B681C4644BB29463046FFF7C1FF431CA1
S315080093C0044650D13C682146002941D1002C44D09E
S315080093D02368304604EB030800F04AFA80453CD17E
S315080093E0216830466D1A2946FFF7AAFF013034D0A6
S315080093F023682B4423603B68002B36D05A68A24268
S3150800940029D100225A600EE02268521B1DD40B2A6D
S3150800941016D96119A342256018BF5960636808BF49
S31508009420396062514B60304600F056F904F10B0082
S31508009430231D20F00700C21AB5D01B1AA350B2E7A5
S31508009440A3426268DED13A60EDE723466468B1E775
S315080094500C464968B8E71346CEE70C233046336016
S3150800946000F03AF99EE70560DDE75B60FFDE00BFC6
S31508009470847C00202DE9FF470F7E914680460C46E6
S31508009480782F9A460C9E01F1430207D8622F0AD814
S31508009490002F00F0DD80582F00F0C38004F142064B
S315080094A084F842703AE0A7F16303152BF6D801A1B8
S315080094B051F823F00D950008219500089D940008A1
S315080094C09D9400089D9400089D9400082195000825
S315080094D09D9400089D9400089D9400089D9400089A
S315080094E037960008AF950008EF9500089D94000888
S315080094F09D940008599600089D940008AF950008A9
S315080095009D9400089D940008F795000833681A1D75
S315080095101B68326004F1420684F842300123A8E051
S3150800952031682368081D30601E0601D50D6803E002
S315080095305D06FBD5B1F90050002D616878DA2D205B
S315080095400029A16084F843002DDA6D425D480A239C
S315080095501646B5FBF3F103FB1157C75D06F8017D07
S315080095602F460D46BB42F4D9082B0BD12368DF07DB
S3150800957008D5236961689942DEBF302306F8013CA5
S3150800958006F1FF36921B22614B4603AA2146404646
S31508009590CDF800A006F0ADFF01306FD14FF0FF30D7
S315080095A004B0BDE8F08723F004032360CDE7216803
S315080095B03368080653F8045B02D4490648BFADB2BF
S315080095C06F2F33603F4814BF0A230823002184F80D
S315080095D043106668002EA660BADB216821F00401F4
S315080095E02160002DB4D1002EB2D11646BCE72368FF
S315080095F043F02003236078273348236884F84570AE
S315080096001F06316851F8045B02D45F0648BFADB245
S315080096103160D90744BF43F0200323601DB11023EE
S31508009620D4E72848E9E7236823F020032360F6E710
S3150800963024480A23CDE733682568181D6169306018
S315080096402E061B6801D5196002E06806FBD519804D
S3150800965000231646236197E7336800211A1D3260F6
S315080096601E686268304607F06DF908B1801B6060B5
S3150800967063682361002384F8433085E7236932460B
S3150800968049464046D047013088D023689B0714D402
S31508009690E068039B9842B8BF184681E70123324623
S315080096A049464046D04701303FF478AF0135E36874
S315080096B003995B1AAB42F1DCEAE7002504F11906C7
S315080096C0F5E700BF8537010896370108014806F017
S315080096D0BFBE00BFB37F0020014806F0BABE00BF78
S315080096E0B37F002038B5294B05460C46186818B1D3
S315080096F0036A0BB9FFF7BEFCB4F90C30190722D47C
S31508009700DA0607D409222A6043F040034FF0FF30F7
S31508009710A38133E0580712D5616B41B104F14403C4
S31508009720994202D0284600F0C5F800236363A3894E
S3150800973023F02403A3810023636023692360A3899C
S3150800974043F00803A38123694BB9A38903F4207363
S31508009750B3F5007F03D02146284607F08DF8B4F903
S315080097600C3013F001020AD00022A260626952424C
S31508009770A261226942B913F08000C5D138BD9907A4
S3150800978058BF6269A260F4E70020F7E7C0800020AE
S3150800979038B50023054D044608462B6005F0B0FF92
S315080097A0431C02D12B6803B1236038BD887C002096
S315080097B038B50023064D0446084611462B6005F0C9
S315080097C0A2FF431C02D12B6803B1236038BD00BF3A
S315080097D0887C002038B50023054D044608462B60D2
S315080097E005F098FF431C02D12B6803B1236038BDEE
S315080097F0887C002038B50446064D084611460022E6
S315080098002A601A4605F08BFF431C02D12B6803B168
S31508009810236038BD887C002038B50446064D0846C6
S31508009820114600222A601A4605F07BFF431C02D126
S315080098302B6803B1236038BD887C0020024B0146A3
S31508009840186807F055B800BFC080002038B5002357
S31508009850064D0446084611462B6005F05DFF431C7D
S3150800986002D12B6803B1236038BD00BF887C002075
S3150800987038B50023054D044608462B60FAF754FE12
S31508009880431C02D12B6803B1236038BD887C0020B5
S3150800989038B50446064D0846114600222A601A467F
S315080098A005F04EFF431C02D12B6803B1236038BD77
S315080098B0887C002038B50546002941D051F8043C7B
S315080098C00C1F002BB8BFE418FFF700FF1D4A1368EA
S315080098D033B9636014602846BDE83840FFF7FCBE1C
S315080098E0A34208D9206821188B4201BF19685B6812
S315080098F009182160EDE71A465B680BB1A342FAD94D
S3150800990011685018A0420BD1206801445018116004
S315080099108342E0D118685B68084453601060DAE750
S3150800992002D90C232B60D6E7206821188B4202BF88
S3150800993019685B680918636008BF21605460CAE744
S3150800994038BD00BF847C0020F0B50D4604468BB0B8
S3150800995018B9002420460BB0F0BD1A4E3768002F00
S31508009960F7D12022394602A806F069FD236801A826
S315080099700193154B1B88ADF81430144B1B680793DD
S3150800998000F068F804460028E3D0306000F088F854
S315080099902046394606F0F6FA204606F0F4FF38B1B6
S315080099A00020306000F07CF8204606F0E7FFD0E79C
S315080099B0204600F00BFA0028F2D1002DCAD0204626
S315080099C0A847C7E78C7C0020B4370108B8370108D8
S315080099D0024B1868003818BF012070478C7C00209D
S315080099E038B5194B05461B680C4603B1984744B170
S315080099F0236833B11B68013303D0E3680BB1A3684E
S31508009A004BB907F0B5FA00204FF4C172412100F0B6
S31508009A1007FA212038BD204601F0E6FF00230B4A4D
S31508009A2085F83C31C5E93743C2E9003363694BB170
S31508009A30074A422110684FF4D272C31A5842584155
S31508009A4000F0EEF90020E5E7B07E0020E07F002078
S31508009A50E07E0020F8B5044607F069FC00260746B4
S31508009A600E4B1B6893B19E68AEB196F82420D207B8
S31508009A7011D435460FCC0FC50FCC0FC523682B6004
S31508009A8096F8243043F0010386F82430384607F068
S31508009A9049FC3046F8BD1B68E4E700BF1481002086
S31508009AA010B5044618B9054B054A136010BD00F0F9
S31508009AB04BFAD4F8E830002BF6D1F4E76909010827
S31508009AC010810020D0F8E0302DE9F04105460C461B
S31508009AD013B1C38D8B424CD0D5F8DC30002B4BD05C
S31508009AE09E68002E48D0D868002845D0013800B2B4
S31508009AF000281ADB002106E0128A591CA24217D256
S31508009B0009B2884211DB0B1803EBD3735B1003EB26
S31508009B10C30206EB8202B2F80EC003F1FF3EA4456B
S31508009B20EAD90FFA8EF08842EDDA2120BDE8F081F5
S31508009B304FF6FF7299B29142F7D09BB203EBC3037B
S31508009B4006EB83062846B6F9122095F83011D5F8A3
S31508009B50F080F9F7ABFD0746B8F1000F04D00023F3
S31508009B60324628461946C047EC85C5F8E06085F8B0
S31508009B7039710020BDE8F0810E20BDE8F08100BFF4
S31508009B802DE9F04782B004460F46164601F05AFA08
S31508009B90002863D14F4D2B68D4F8DCA0D4F8E080B8
S31508009BA00BB1534576D04FF00009AF6001F06CFA5F
S31508009BB00128074665D1204607F085F9002851D1C6
S31508009BC02B68DAF80010D8F8002013B11868884214
S31508009BD06BD0204607F061F9C5E900A8D4F8F05023
S31508009BE08DF80760002D67D00022204611460DF13A
S31508009BF00703A847204600F013FD0546B9F1000FF4
S31508009C000FD076B9D4F88C300BBB012F05D025B10F
S31508009C10314B002103205B689847284602B0BDE80F
S31508009C20F087B5FA85F040F207523321400900F073
S31508009C30F7F83146204600F00FFF284B05461B680B
S31508009C40414620469847D4F88C30002BDDD00022B8
S31508009C504FF40073204600F087F9D6E700231D4D20
S31508009C606B6098E794F825309A07A9D5D4F894300C
S31508009C705B05A5D51A4B0122002120461B6898478B
S31508009C809EE70021012000F0A7F901F0FDF901285F
S31508009C90FBD190E76B68002B85D0434583D1AB6831
S31508009CA09F4215D04FF001097FE7696811B109682D
S31508009CB0914291D059688CE794F82A1094F8393172
S31508009CC03246994228BF1946204600F0FBFB91E729
S31508009CD00025A2E7E07F00201C81002010810020DB
S31508009CE0B47E0020F8B50F46054607F020FB394636
S31508009CF006462846FFF7E6FE044620B1304607F03A
S31508009D0011FB2046F8BD01F07FF922463946284660
S31508009D10FFF736FF04460028F0D1284607F0D3F8A7
S31508009D200028EBD095F8253013F002030DD0D5F8AE
S31508009D3094305B050DD5B5F82A31BB420BD0B5F882
S31508009D402C31DB1BB3FA83F35B09044A82F8DC3057
S31508009D50D4E72346F9E70123F7E700BF003E00B042
S31508009D60084B10B4002A14BF14461C46064B1C6048
S31508009D7019B15DF8044B06F052BE08465DF8044B6F
S31508009D80704700BF690901081081002013B5044611
S31508009D90694606F0CFFE204606F0A9FFFF280246D0
S31508009DA006D020469DF80010F9F710FD02B010BD48
S31508009DB00048FBE70080FFFF08B50B46024919403B
S31508009DC006F0C2FE002008BD070011004FF400731C
S31508009DD007B50A490DF10602ADF8063006F00DFF83
S31508009DE0BDF80630B3F5007F05D1022808BF00206C
S31508009DF003B05DF804FB2120FAE700BF907C002041
S31508009E0038B5044D044C054B286021601A6006F0ED
S31508009E10E5F838BD907E002018810020947E002049
S31508009E2010B550B90548064B016006480260186827
S31508009E30054B18601868FFF7E3FF10BD188100206E
S31508009E408C7C0020947E0020907E0020D0F8E430A0
S31508009E5013B11A68032A10D8094BDB6BC3F3C20285
S31508009E6013F0380F03F0070018BF504313F4E07FD0
S31508009E70C3F3821203D050437047986A400E704766
S31508009E80008001B8431C07D06FF0FF02034B104057
S31508009E905A62A3F580535862704700BF00E000B8C5
S31508009EA010B504234FF03A4101240A4AD1F81801A3
S31508009EB0C2F81831C2F814314C634FF400511163DB
S31508009EC0410742BFC2F81431A2F58052C2F81831D0
S31508009ED010BD00BF002000BAF8B504460F46164666
S31508009EE007F025FA0546A047044620B1284607F09C
S31508009EF019FA2046F8BD03F0C1FF04220549D1F836
S31508009F00F03E23EA07033343C1F8F03E024B5A6496
S31508009F10ECE700BF003000B0002002B800F01803DC
S31508009F20182B0AD003070AD440F2011310F01000C8
S31508009F3018BF1846034BD86770470020FAE7012078
S31508009F40F8E700BF003F00B038B10368044A002BA9
S31508009F5008BF1346034A13607047014BFAE700BF70
S31508009F602F0C01082C81002010B4D0E9544122405E
S31508009F700B4052EA030104D003495DF8044B096813
S31508009F8008475DF8044B70472C8100200F2938B527
S31508009F9005460C460ED801F077F801280CD1074A79
S31508009FA02846936E23F00F032343936606F08EFF2D
S31508009FB0002038BD2120FCE70220FAE7003F00B068
S31508009FC0014BD86E704700BF003F00B0014B002020
S31508009FD0D9667047003F00B003282DE9F347884645
S31508009FE064D8344B13F80090334B1E5C334B13F88C
S31508009FF000A007F09CF9074603F082FE054640B12B
S3150800A00000230022CDE9003301200023002103F0BC
S3150800A010A5FC03F07DFE48B100230022CDE90033FC
S3150800A020002000234FF4004103F098FC002E3BD09B
S3150800A030234BDC6C04F00804224B3146DC644846AA
S3150800A04003F07AFF52463146484604F003F81E4BA1
S3150800A050DC64DDB11D4B1868D0F89410F83002F0B6
S3150800A06075FC1B490868FFF70DFF4FF0FF330B60BF
S3150800A070184B1A68511C06D06FF07E401649C86303
S3150800A080A1F58051CA634FF0FF321A60B8F1000F8C
S3150800A09004D0124B002103205B689847384602B06B
S3150800A0A0BDE8F04707F03EB93446C5E702B0BDE85B
S3150800A0B0F08700BFC4370108C0370108BC3701085C
S3150800A0C0004000B8006000B8005000B88C7C002042
S3150800A0D0288100202481002000E000B81C8100208F
S3150800A0E00F4A536C13F0A00F15D1906C10F00400B2
S3150800A0F013D10C4BD3F8F03E23F07F4323F0FF0334
S3150800A1005BB1D368C3F30362092A07D0B2F10C0026
S3150800A11018BF01207047002070470120704700BF14
S3150800A120000002B8003000B0074A084B30B10221DF
S3150800A130C2F864120422C3F8642270470421C2F8E4
S3150800A14064120222F7E700BF006001B8005001B8A8
S3150800A15070B50D46064620B91C4B1B68D3B10E20B8
S3150800A16017E000F091FF01282DD1194B93F9004013
S3150800A170D6F8E430C4F11C040BB193F92630E41A7E
S3150800A180641BC4F12B03002BB8BF5B42232B0CDDE9
S3150800A190212070BD01F10F03002BB8BF5B42232BB2
S3150800A1A0F6DC0B4B19700020F3E786F8285007F009
S3150800A1B0BEF8084A136A23F4FF2343EAC42313624A
S3150800A1C007F0B0F8EFE70220E3E700BF8C7C002039
S3150800A1D0B57F002000C000B8094B08461A6D9102E9
S3150800A1E00BD4D3F84021D20708D4D3F8803013F41F
S3150800A1F0706F14BF0120002070470120704700BF10
S3150800A200004001B8F8B50D46D0F8943002EA0104CA
S3150800A21023EA01032343C0F894304D4A01F00B03A7
S3150800A22023EA0401D1642340A2F580526F0706464B
S3150800A230D36410D50121FFF7CFFF60B103F01EFEEE
S3150800A2404FF4007314F0040F14BF424A424A1365D0
S3150800A2500422424B5A64E90606D514F0100F14BFBF
S3150800A26000221B223E4B5A652A0618D5230611D50D
S3150800A2704FF40012374BDA6407F059F80E210746F7
S3150800A280032002F0F3FA40F20122354B3846DA622F
S3150800A29007F048F8214606F1F80002F057FBEF05EB
S3150800A2A003D5E0053DD502F0CFFAA90503D5A205E9
S3150800A2B03AD502F0D5FA15F48C6F1DD014F48062E5
S3150800A2C037D096F825309B070CD5F28DB6F82A318B
S3150800A2D093422CD0B6F82C319F1A7B427B41214AF7
S3150800A2E082F8DC30D6F8E410304606F0A1FC80226D
S3150800A2F01D4B98671D4B1A612B0510D503F0BEFD43
S3150800A3001B4A14F4006FD2F8F03E14BF43F0006302
S3150800A31023F00063C2F8F03E0422104B5A64002072
S3150800A320F8BD02F08BFAC0E702F094FAC3E70123FE
S3150800A330D5E76805D6D596F825309907D2D5094BBD
S3150800A340114683F8DC200B4B30461B689847C9E753
S3150800A350006000B8005001B8006001B8002002B8DB
S3150800A360004000B8003E00B0003F00B0000002B850
S3150800A370003000B0B47E00200A78022A11D0101FDF
S3150800A3804242424152004B781201022B0BD0191F50
S3150800A3904B424B415B000549054842EA8312FFF7E9
S3150800A3A09BBD0122EFE70123F5E700BFF0FFFF00A1
S3150800A3B0D1B000080B78022B10D0181F4342434136
S3150800A3C05B004A78022A0BD0111F4A424A415200C2
S3150800A3D00F21044843EA8202FFF77EBD0123F0E716
S3150800A3E00122F5E7FDB000082DE9F8430E7804468A
S3150800A3F0042E0D4690F830810BD100275FFA87F9B5
S3150800A400484601F093FB08B14E4602E00137042F97
S3150800A410F4D1304601F08AFB002849D094F830314F
S3150800A420B34209D1AA88D4F8A4309A4204D16A88DA
S3150800A430B4F832319A4238D084F83061AB88304665
S3150800A440A4F834316B88A4F83231AB8804F59875D2
S3150800A450C4F8A430FF2384F82B3006F090FD84F866
S3150800A4602A00284601F0F2FA18BB284601F054FBE8
S3150800A470F8B9D4F8E03053B194F83011414506D014
S3150800A4802046B3F91220F9F711F984F83901204664
S3150800A49001F0CAFB0949A4F834010123084AD1F896
S3150800A4A0FC1004F1F80003F08FF80020BDE8F883EB
S3150800A4B021200C2384F83031F8E700BF004F00B0A4
S3150800A4C0A43F00B070B5054690F830010C460C283C
S3150800A4D01FD0FF2901D1212070BD1AB14FF0FF32DC
S3150800A4E00D4B1A6006F04BFD064695F8300101F053
S3150800A4F08DFB844228BF0446E4B2B44238BF3446D2
S3150800A500E0B285F82B0001F0ADFCFF28E3D000206F
S3150800A510E2E70220E0E700BF3481002010B590F89A
S3150800A520303104460C2B44D0D0F8E03080F82A109D
S3150800A530DBB3D0F8F020D2B990F839318B421CD36E
S3150800A54000222046FFF7BEFF48BB1B4B1B7813F0C3
S3150800A550FD0F23D1204601F067FB18490123184A4D
S3150800A560D1F8FC1004F1F80003F02EF816E0B0F963
S3150800A5704220B3F912309A42E2DD0022204694F8CE
S3150800A5803911FFF79FFF50B9C4F8E000204606F0DE
S3150800A5906AFA4FF6FF739842014601D1002010BDB2
S3150800A5A02046BDE81040FFF79DBBFF2380F82B30FF
S3150800A5B0F4E70220F3E700BF58810020004F00B0FF
S3150800A5C0A43F00B0F0B51D46144B04461B780F4651
S3150800A5D0164685B05BB1D0F8E030E3B102AAB3F90C
S3150800A5E012300092002204F0B0FF05B0F0BD02A9B7
S3150800A5F006F0A0FA9DF808103A462046F9F756F8EC
S3150800A600014626B92A462046FFF75CFFEDE72046B5
S3150800A610FFF784FFE9E71846E7E700BF2F150108AB
S3150800A620F0B504468FB000F09DFDD4F89C30054681
S3150800A630012B00D010B128460FB0F0BD6C4920465A
S3150800A64006F0D3FCD4F8E0600146E58DC4F8E400D2
S3150800A6503EB133682BB15B681BB11A68032A00F256
S3150800A660A48006F064FE01462046FFF7EFFB074686
S3150800A670084606F057FED4F8E410B3898DF80E7034
S3150800A680EB1A9BB2D6E9012000FB03225948ADF824
S3150800A6900C3003680292994207D0204606F0C8FAA1
S3150800A6A080225549554B88671A61554D534E00F01F
S3150800A6B0EBFC0128FBD12B6CDB07F8D4736CDF01AC
S3150800A6C0F5D4D4F8E41020460D919DF80E20029991
S3150800A6D008AB02F0A1FC002847D100F0D5FC012800
S3150800A6E0FBD1464A4649536CD801FCD40B6CDB07B0
S3150800A6F0F9D408A901A802F015FE0546002834D1A8
S3150800A700E28D404B5A6494F8243060F3410384F890
S3150800A710243000F01DFED4F8E0305969431E0E6857
S3150800A720DBB2FD2B049624D84B680128059330D15B
S3150800A7300126DF1C06D90133334B5B6846D0DA1C89
S3150800A74041D80593024604A9204600F0C3FD002E11
S3150800A7507FF471AFD4F85431990529D494F824308C
S3150800A76043F0020384F8243065E7022528460FB033
S3150800A770F0BDF71C13D9244B01361B6818BF0126F8
S3150800A780DA1C1BD804934B68FF280593D1D0002008
S3150800A790D8E70246204604A900F09CFD4BE74B6823
S3150800A7A0FF280593C4D02A46F4E79F6A7F0E64E71C
S3150800A7B020464FF4803106F0D5F93CE7FF284B6870
S3150800A7C013D00593C3E7FF28C1D1E0E7DE1C06D8FE
S3150800A7D00246204604A9059300F07CFDBAE7FF2847
S3150800A7E0B8D10022204604A9F6E701200593A0E780
S3150800A7F0FC4F00B09C7E0020003F00B0000002B86D
S3150800A80000C002B8008001B83C810020F0B54A7843
S3150800A8100446012A0E46A7B000F2E5800B78052B00
S3150800A82000F2E1802BB1012A40F0DD80052B00F013
S3150800A830DA803388A4F8F6303578002D35D102F061
S3150800A8407FFB4FF06052694BC3F88C5003F5903389
S3150800A850DA6401F0A3FB664B1B7813B10622654B3D
S3150800A8609A674FF08052644B04F1F8001A65D4F8E1
S3150800A870941002F06BF84FF48072604BC3F81821FD
S3150800A880C3F814217378002B40F0A7804FF03A43A1
S3150800A89041F6FF721A676022594BDA6403F5E8330A
S3150800A8A0402200205A6427B0F0BD4FF03A431C6D91
S3150800A8B05B6D1C4414F00304E4D11822214608A851
S3150800A8C004AF05F0BCFD013D102221463846CDE90E
S3150800A8D00144039405F0B3FD032DD3D8DFE805F052
S3150800A8E0166B0268474D19AC0FCD0FC40FCD0FC4B8
S3150800A8F00FCD0FC42B682C2200210EA8236005F06B
S3150800A9009EFD07238DF83830022313E03E4D19AC1F
S3150800A9100FCD0FC40FCD0FC40FCD0FC42B682C223B
S3150800A92000210EA8236005F08AFD07238DF838302C
S3150800A9304FF400734FF400120F93344BDA64344B20
S3150800A94008221A930023CDE90423ADF86630209334
S3150800A950069319AB08930EAB099301ABCDE90A37F9
S3150800A96002F0EEFA08A802F023F802F053FA02F011
S3150800A97049FA1E4A936F23F0060343F004039367CC
S3150800A9804FF480221E4B9A644FF0805203F5E03351
S3150800A9901A6503F0C5F900283FF474AF4FF48073C5
S3150800A9A0164AC2F81431A2F58052C2F8183169E77E
S3150800A9B0184D19AC98E74FF40013144CE36402F0F1
S3150800A9C0BFFA4FF06052144BDA644FF0C1530422B9
S3150800A9D0E364064BC3F88C20CBE76022054BDA64A8
S3150800A9E003F5D8335CE721205DE700BF004000B8D7
S3150800A9F0B67F0020006000B8002002B8002000BA28
S3150800AA00005000B8CC37010800380108005001B8DA
S3150800AA10800000BA34380108006001B8F8B5074666
S3150800AA200D4614468BB1FFF73BFA29463846BE8ACF
S3150800AA3000F0E4FBB44228BF3446A4B222462946B5
S3150800AA40044800F0EFFC2046F8BD06F07DF90646FE
S3150800AA50F0E700BF0C0000BA2DE9F04104460E46A7
S3150800AA6019B990F824305A064AD44FF6FF73618E06
S3150800AA70D4F8E470994204D0334B1B680BB12046D6
S3150800AA809847324D2B68BB4256D0314B1B6833B1C1
S3150800AA90002F54D0396801B1B968204698474FF05D
S3150800AAA00708204601F0C0F8002E3AD0294B93F942
S3150800AAB00030C3F11C0317B197F926209B1A06200C
S3150800AAC094F9286024499B1B0A6ADB0222F4FF22B8
S3150800AAD003F4FF2313430B62D4F8E4201F4B2A60C8
S3150800AAE0986701F05BFA002501211D4A1D4B11707C
S3150800AAF0204683F8845006F0E9F92846BDE8F08137
S3150800AB004FF6FF71114DD0F8E4702A6866F3861384
S3150800AB10BA42418680F82430B7D101F085F84FF063
S3150800AB200108114A4346D2F8FC1004F1F800A2F6CF
S3150800AB305C7202F049FDB9E74FF00108B1E7394602
S3150800AB4020469847ABE700BFA47E00209C7E0020E5
S3150800AB50A07E0020B57F002000C000B8006000B8C5
S3150800AB60B67F0020003F00B0004F00B0054A1268CB
S3150800AB701AB190F81E1119B91047084601F088BE97
S3150800AB8001487047987E002000FEFFFF3A4B2DE9EA
S3150800AB90F7431C6801F4007900F00103174653EAED
S3150800ABA0090206460D4640D04FF0000893B300232D
S3150800ABB0002201200021CDE9008802F0CFFE41469F
S3150800ABC02046FFF7D3FF012241462086104605F0AE
S3150800ABD017FFD4F8941004F1F80001F0B7FE2749DE
S3150800ABE00868FFF74FF94FF0FF330B60244B1A68DC
S3150800ABF0511C06D06FF07E402249C863A1F58051EA
S3150800AC00CA634FF0FF321A6094F8243043F0040305
S3150800AC1084F82430B9F1000F07D00121204605F049
S3150800AC20A1FF25F4007506430D432B463246204600
S3150800AC30FFF79AF9FB070FD51349144A086800214C
S3150800AC40136811600121124A117003B19847114B1C
S3150800AC50002102205B68984717F00E0F08D04FF4C2
S3150800AC6009723B21002003B0BDE8F043FFF7D8B8CE
S3150800AC7003B0BDE8F08300BF8C7C0020288100204B
S3150800AC802481002000E000B8A87E0020AC7E0020C9
S3150800AC90B77F00201C81002008B5582200210648ED
S3150800ACA005F0CDFB1022FF21044805F0C8FB03F090
S3150800ACB057FF002008BD00BFF43E00B0383F00B083
S3150800ACC073B586216F22A0F814118221C0F80021DD
S3150800ACD0C0E9411264220C23C0E9432207224FF03F
S3150800ACE0FF35002680F830314FF6FF730446C287D9
S3150800ACF000F14C028264204AC385A0F8403080F8EF
S3150800AD002C3043864263038780F82860C0F8A45035
S3150800AD10458580F8265003F00DF82046FFF7BCFF5E
S3150800AD200122164B2046C3F8382294F92810FFF75B
S3150800AD300FFA6023124A41F6FF71D3644FF03A4284
S3150800AD40116311670F4A2946D36440220E4B2046E9
S3150800AD505A64D4F89420FFF755FA0E230022CDE959
S3150800AD60003340F202231046194602F0F7FD00F0C0
S3150800AD70F7FE304602B070BD4000FFFF005001B834
S3150800AD80004000B8005000B8002002B838B506F0F8
S3150800AD90CEFA4FF6FF710A4A13888B4203D106F0A2
S3150800ADA0C1FA0E2038BD074C074D1B046567A4F58C
S3150800ADB080546367118006F0B5FA0020F2E700BFF9
S3150800ADC056810020006001B80000FFFF2DE9F74317
S3150800ADD004460F4615461E46FFF782F938B3A38A7E
S3150800ADE02BB3204605F00FFF78B97A4BD3F8F02E2F
S3150800ADF01EB10E2003B0BDE8F08302F03003102B1D
S3150800AE00F7D002F0C002402AF3D0DFF8F88102F04A
S3150800AE10E1FAD8F81430D907EBD506F088FA0646D1
S3150800AE20032001F033FA20B1304606F07BFA0220FF
S3150800AE30E0E7D8F8142012F00608F5D1304606F0F7
S3150800AE4071FA644B4FF400612046D3F8F09ED3F8AC
S3150800AE50C86E03F07BFE40B14FF4007201215E4BD1
S3150800AE6008465A64424605F0CBFD94F825309A0701
S3150800AE7007D5D4F894305B0542BF4FF40022574BF0
S3150800AE805A6439462046FEF72DFF524BC3F8F09E0A
S3150800AE90C3F8C86E0028ADD194F82430980601D4BA
S3150800AEA0002D58D0C5F3400002F0AEFF022315F47A
S3150800AEB0807F1FBF494A002153644FF03A420BBFB7
S3150800AEC0454A91615364536302F0D8FF4FF4806397
S3150800AED015F0040F14BF424A424A15F0400F136595
S3150800AEE04FF004023C4B28465A644FF0400314BF07
S3150800AEF03D4A3E4AC2F8B830FFF710F8204605F03A
S3150800AF00FEFE38B14FF4807315F0010F14BF334AB3
S3150800AF10314A5364A90647D54FF6FF72B4F8403054
S3150800AF2093420FD0324A3349526F100CC2F30112C2
S3150800AF300132B3FBF2F30880294A2A492E481B043A
S3150800AF4048675367003D18BF012594F8243065F318
S3150800AF50451384F82430204605F0B5FFF0B12046A5
S3150800AF6005F0CDFED0B14FF40031204603F0EEFDDA
S3150800AF70431C03229BB2214801A905F0F0FF9DF866
S3150800AF80042002F00703052B9DF8053015D112079A
S3150800AF900DD443F480731A4AC2F8D030002003B0A7
S3150800AFA0BDE8F04305F0E6BFFFF7F0FECAE713F089
S3150800AFB0040F09D19DF80630EBE703F03002202A8A
S3150800AFC005D113F0010FF4E74FF48073E3E79DF81A
S3150800AFD00630E0E7003000B0002002B8001002B8E2
S3150800AFE0005001B8006001B800D000B800E000B811
S3150800AFF0004001B8568100200000FFFF0C0000BA8F
S3150800B000003E00B000C001B808B50B4BD3F84C1190
S3150800B0104B1C10D011F080410DD1084B1B6813B1A1
S3150800B0200320FEF7D9FF4FF08062054B1A6501220F
S3150800B0305A6102229A6208BD0080E00F8C7C0020CB
S3150800B040001002B84FF40022034B586C03F5005366
S3150800B0505A64C0F3C0407047000002B890F9243023
S3150800B060002B0CDA4FF08053064A29B19360A2F5FB
S3150800B0708052D36000207047D3609360FAE70E20B1
S3150800B080704700BF006001B80F4BDB68C3F303636A
S3150800B090013B0B2B0FD8DFE803F006060C06060665
S3150800B0A006080A0808080220704704207047052089
S3150800B0B0704703207047054B5B6913F0060F0CBFFA
S3150800B0C001200420704700BF000002B800C001B884
S3150800B0D0094AD368C3F303630B2B08D06FF4905067
S3150800B0E0184100F0010080F0010040007047506CE4
S3150800B0F010F48030EDD17047000002B80C490D4AB3
S3150800B100CB68C3F30363062B07D8042BD8B20BD836
S3150800B110C31E5842584140007047072B06D1D1F844
S3150800B12068011040ECD17047022070470020704734
S3150800B130000002B85FFFF9FF094BDB68C3F303633E
S3150800B1409A1E012A8CBF00220122012B02701EBF03
S3150800B1504FF4026222FA03F303F001030B707047FF
S3150800B160000002B810B590F82730022B08D11C4B06
S3150800B170D3F89C1031B9C28D272A0ED90E2002E0C9
S3150800B180042B01D0002010BD154BD3F89C30002BA2
S3150800B190F8D1C28D272AF1D80121124B12481B6813
S3150800B1A0834219D031241148181A434243415B009F
S3150800B1B00B48A0F8B64050246343282404FB013307
S3150800B1C00B491944895CFA31A0F8BC1009490B44AB
S3150800B1D09A5C094B1A70D5E76FF003040123E7E779
S3150800B1E0003E00B0E07E002000F04902005A6202EC
S3150800B1F05839010868380108B87F002010B590F85A
S3150800B2002700A0B1304BD3F8A42012F0060F01D0C6
S3150800B21004280DD94FF470622C4BDA604FF4807213
S3150800B220A3F58053DA600022274BC3F8A02010BD8F
S3150800B23002F0020412F0040202D00B789B0637D4FF
S3150800B240002C39D00B7803F00F03072B34D14B7839
S3150800B250022B31D98B7813F03E0F2DD0CC7814F011
S3150800B260040F29D014F0010F0CBF04230A23A407E6
S3150800B27048BF0633CB5CFBB1002A14BF0222012269
S3150800B280042840F6FF7003F01F0108BF4900013982
S3150800B29040EA01310E4801654FF470600B4912020D
S3150800B2A0C860A1F58051CA60074AC2F8A030BEE757
S3150800B2B0002CC7D18B7823B90023054A13650122D0
S3150800B2C0EAE70222DCE700BF003E00B0006000B8F3
S3150800B2D0004000B810B5124B0C68C3F87842C3F8A2
S3150800B2E07C42C8B1D0F8E030B3B15B69A3B1501E57
S3150800B2F0C0B2FD2812D9013404BF6FF001000860FE
S3150800B3000868FF2A186007D14A68013202D16FF02F
S3150800B31001024A604A685A60002010BD012AF2E715
S3150800B320004001B8FF2818BFC3434FF0180108BFF3
S3150800B3301023064A18BFDB00C2F8FC1318BF03F037
S3150800B3400803A2F58052C2F8FC337047002002B801
S3150800B350024BD3F8F807C0F3C0407047000002B8A4
S3150800B3604FF03A43D3F81421D2031ED54FF4803256
S3150800B3700E49C1F81421A1F58051C1F818215A6D5A
S3150800B380D1B2C2F30722C3F8A410C3F8A42004223A
S3150800B390C3F8A4200022C3F8A420C3F8A420C3F845
S3150800B3A0A420C3F8A420C3F8A4207047002000BA3C
S3150800B3B0F0220B4B01219A64A022A3F580539A64CC
S3150800B3C04FF03A43826CC3F8F410FC21C3F8CC1052
S3150800B3D0C3F8D0204FF40052C3F8F020704700BFDE
S3150800B3E0006000B8F8B54FF03A440D4617460646D1
S3150800B3F005F09DFF012304226363084BE76026617D
S3150800B4006561C3F814214FF00042054BC3F880214B
S3150800B41005F088FF0DB102236363F8BD002000BA6A
S3150800B42000E100E02DE9F04105460124006800F03E
S3150800B4300700063004FA00F3A868EC685E1EA0420E
S3150800B44062D000EA060E6C6810441E430640A3EB61
S3150800B4500E000EEB040C8242644618D9D31A0EEB82
S3150800B460030298B1431E052B04D94B1CACEB03030E
S3150800B470022B59D80B460844ACEB010E03EB0E0120
S3150800B48013F8014B83420C70F8D101466C688AB1F7
S3150800B490531E052B01F1010302D9E01A022812D81E
S3150800B4A00A44611E00E0013313F8010C934201F8C7
S3150800B4B0010FF8D105F03BFF0223AE60AB62BDE891
S3150800B4C0F04105F02FBF0B46204622F0030E8E44AE
S3150800B4D053F804CB734540F804CBF9D122F00303A3
S3150800B4E0D01A920701EB030C04EB0307E2D0CA5CFF
S3150800B4F00128E254DED09CF8013002287B70D9D0AE
S3150800B5009CF80230BB70D5E7042A35D90878043A86
S3150800B510A86148780431A86111F8020CA86111F8ED
S3150800B520010CA861A8688CE70B4620F003070F44B6
S3150800B530ACEB010E1C684EF803400433BB42F9D14C
S3150800B54020F0030310F0030F01EB030EA0EB030436
S3150800B5500CEB030728D011F80380012C0CF80380A4
S3150800B56022D09EF80130022C7B7018BF9EF802305C
S3150800B570084418BFBB7088E7013A032A12D8DFE8E7
S3150800B58002F00F1507020B4613F8012B1946AA619C
S3150800B5900A4612F8013BAB61114611F8013BAB6153
S3150800B5A00B78AB61BDE8F08108446EE70A46F3E71D
S3150800B5B038B50B46154601464FF03A4468B10122A4
S3150800B5C01048C4F8F4201A46FFF72CFF25B14FF0AF
S3150800B5D03A430422C3F8F42038BD73B1D4F8D8200E
S3150800B5E09A4284BF0122C4F8F4204FF03A42C2F8C6
S3150800B5F0D4300223C2F8F430E8E70123C4F8F43063
S3150800B600E4E700BFCC0000BA38B5044605F08FFE63
S3150800B6104FF03A420121638F054651674BB3B3FA9F
S3150800B62083F3C3F11903DBB2A069C2F8B410C2F8F8
S3150800B6308C300723C2F89000C2F8B0304FF4A0232C
S3150800B64002F50052C2F81431A2F58052C2F8183138
S3150800B65000220C4B1A600C4B5B6C5B0209D54FF44D
S3150800B66080020A4B04F1F8005A64D4F8941001F0E9
S3150800B6706DF94FF4E0232846E363BDE8384005F04A
S3150800B68051BE00BFBC7E0020000002B8002002B8F0
S3150800B6902DE9F84305460C46B1B1D0F81880478F16
S3150800B6A005F045FEB5F83CC0791E01EA0C0323F007
S3150800B6B00702032C0646DFF8F8E042445FD1DEF8BD
S3150800B6C0004024B905F02EFE0E20BDE8F88324F0CC
S3150800B6D00104DEF8000020F00100A04254D1002346
S3150800B6E0CEF80030238894426FEA43436FEA534307
S3150800B6F023803FD1EB8F08EB07091846083880B23C
S3150800B70002F108044C4528BF4446082804D9B4F871
S3150800B71000E0BEF5804F41D263440F431B1A3B40FD
S3150800B7209BB2AB87E887947811884FF03A42C1F309
S3150800B7300C019165C2F89830C2F8B0004FF4802227
S3150800B740174B04F00704C3F814214FF00042154BB9
S3150800B750C3F88021FFF704FE042C0BD14FF48002B6
S3150800B760114B05F1F8005B6C104B5A64D5F8941030
S3150800B77001F0ECF8304605F0D5FD0020A5E7601E7F
S3150800B780012898BF1446A4E7E88F4344E31A48BF44
S3150800B790DB1908389842A5DC304693E72246ADE720
S3150800B7A0002000BA00E100E0000002B8002002B85C
S3150800B7B0BC7E0020154B10B51968CA8F8B8F488F31
S3150800B7C013440138073B8C69034023F007031C44E4
S3150800B7D002F108034FF03A429BB2CB87C2F8B03069
S3150800B7E04FF480220A4BC3F814214FF00042094B4C
S3150800B7F0C3F88021A07800F00700042803D1064A80
S3150800B800D3681B03FCD4054B1C6010BD8C7C002040
S3150800B810002000BA00E100E0000002B8BC7E00206B
S3150800B82010B5064C216839B1CB0703D4044B186808
S3150800B830FFF72EFF0023236010BD00BFBC7E00204B
S3150800B8408C7C00204FF480320C4B0D49C3F818212C
S3150800B8504FF03A43C1F81421D3F8AC10D3F88C2032
S3150800B860012302F0070206329340C1F30C01083B9C
S3150800B870994201D8FFF774BD704700BF002000BA8F
S3150800B880001000BA2DE9F04780460C46164687692F
S3150800B890458F05F04CFDB8F83C2005F1FF3C02EA5F
S3150800B8A00C0323F00701032C82463944B8F83E00FE
S3150800B8B019D14A4C24689CB90244073A02EA0C0298
S3150800B8C022F00702BC183B44E31A48BF5B198342BF
S3150800B8D010DB504605F026FD00242046BDE8F0871B
S3150800B8E024F00104EFE7012C02D0022CEBD1083832
S3150800B8F00C46E8E7002E3FD08C4241D14FF03A4241
S3150800B900D2F858904FF03A41D1F8AC20B8F81270F6
S3150800B910C2F30C02934247DA2588B5F5804FD8D290
S3150800B920A378C5F30C0503F007037A1EA5EB0905F2
S3150800B9303A43052B337005EA02052DD82DB2E843A4
S3150800B94040F241420421C00FFEF76AFA7580E37897
S3150800B9503374D8F81C207B1E03EA0903D118B1609A
S3150800B960A9B213FA85F5AF422FBF0023FF1AB78095
S3150800B970F26024BFB180F360504605F0D3FCACE713
S3150800B980A4F10802974284BFED0802EBC502B2F89B
S3150800B9900090C9F30C09B5E7114B5B6D003B18BF66
S3150800B9A00123A5EBC305C9E74B6D7A1EA3EB090373
S3150800B9B03A431A400B4915B2002DCB680BDCC3F38A
S3150800B9C00363D81E43424341DB003370CB6C72805D
S3150800B9D01B0A3374BDE70823F7E700BFBC7E0020C7
S3150800B9E0004000B8000002B8054BA822D3F84C0165
S3150800B9F03121431C0CBF0120C0F38070FEF710BA3A
S3150800BA000080E00F10B50F4B1C78ACB90E4BD3F87D
S3150800BA10F8375B0309D490B10F23441EB4FBF3F443
S3150800BA2010300444E4B2204610BD40F61D023F2102
S3150800BA302046FEF7F5F9F6E70001C4B2F3E710244D
S3150800BA40F1E700BF58810020000002B838B5294D3B
S3150800BA500446297819B92022274804F0F0FC2378EF
S3150800BA60264A6188137051804FF2F0022449C1F8C2
S3150800BA70C821244A4BBBA1F50051D1F8F81711F497
S3150800BA80002F4FF0FF011CBF1F48C0F8DC301170B3
S3150800BA904FF040731A4AC2F834311C4BD3F8F837C2
S3150800BAA013F480230BD14FF47F01C2F830111849E3
S3150800BAB0C1F8303148F2C801164BC3F8F410072311
S3150800BAC0C2F8FC330122124B0DE000240E48022B6B
S3150800BAD0C0F8DC404FF0FF001070D9D107230422CC
S3150800BAE0C1F8FC330A4BC3F8FC23012300202B7052
S3150800BAF038BD00BFB97F0020E03F00B05881002064
S3150800BB00002002B864810020004001B8000002B895
S3150800BB10001002B8003F00B0034B1A6802609B8809
S3150800BB2083800020704700BF5881002010B5044666
S3150800BB3000F096FD094BD3F8F80734B900F4402015
S3150800BB40B0F5402018BF012010BD022C0ABF80F4B2
S3150800BB5000300020C0F34040F6E700BF000002B8FE
S3150800BB602049D1F8FC37FF2B31D01F48C3F3031205
S3150800BB700270D1F8F81703F00F0309035BBFC2EB95
S3150800BB8002120F3B02F1FF32D2184ABF03EB02132F
S3150800BB90D3B2DBB2154A164913700978154B1A68E1
S3150800BBA0E9B1B2F1A06F1AD3D3F85012124A134B67
S3150800BBB0B1F1FF3F18BF1346114A136041F66A02F6
S3150800BBC0104B1B68B3FBF2F30F4A13607047D1F8AA
S3150800BBD0F83713F4002F0CBFB4235A23DAE7074BC0
S3150800BBE0EAE700BF000002B865810020BB7F00209D
S3150800BBF0638100200080E00F5082E00F483A010878
S3150800BC00C07E0020E07E0020C47E002020B10228ED
S3150800BC1004D1034B18787047024BFBE700207047A6
S3150800BC2065810020BB7F00202DE9F74FD0F8A4409E
S3150800BC304C22022C38BF02247B49013CCB6CD1F83C
S3150800BC40DC507A49C3F38213DA400B680646A342EE
S3150800BC5090F83071764BDFF800A2DFF80092DFF833
S3150800BC60008202F0010216D11878904213D19AF890
S3150800BC700000B8420FD1D6F8A80060B1A8420AD190
S3150800BC8096F82B5099F80000854204D1B8F80400BC
S3150800BC9003B0BDE8F08F98F800001A700C60FFF743
S3150800BCA0B5FF0346002A00F0918004234FF07F4138
S3150800BCB0604AC2F8BC30604BC3F8BC1096F82B300B
S3150800BCC01B06C2F8BC30002040F271225B4B1921DA
S3150800BCD01B68B3FBF2F36343182BB3FBF1F14FEA8E
S3150800BCE0004400F29380002C00F09B80B4FA84F2A2
S3150800BCF0C2F12002C2F10F03012B38BF0123D44041
S3150800BD00A14201D2013B6408421C03F01F01520004
S3150800BD108A40121BDFF838B19208CBF8B0201A0215
S3150800BD2042EA03121343019300EB002300EB0325B9
S3150800BD30434B40F6970218682B21003818BF01209C
S3150800BD40FEF76EF8FA223E4B02FB04F01B6840F63B
S3150800BD50FF72B0FBF3F00A2358433A4B00F57A74A6
S3150800BD60C3F8D820019AA3F58053C3F8D820364AD9
S3150800BD70A3F58053C3F8DC50D2F8F827520308D449
S3150800BD80D3F8DC3003F47F02C3F303531343CBF831
S3150800BD90FC30C6F8A8502D4D00F6B8302C6001F0DE
S3150800BDA08DFB4FF47A722A4BC3F8A400C3F8F80047
S3150800BDB02B68B4FBF2F0B3FBF2F3A8F8043096F85C
S3150800BDC02B308AF8007089F8003061E796F82B0066
S3150800BDD0984228BF1846C0B22FB1022F7FF473AF1E
S3150800BDE0FFF710FE70E7184BD3F8F8371903F7D4A6
S3150800BDF050B10F230138B0FBF3F00130154B1B6827
S3150800BE00034413F8010C5FE70120F7E7B1FA81F262
S3150800BE103CB1B4FA84F3D21A002A3FF76BAF0F236A
S3150800BE206EE70F2370E700BF004001B83481002099
S3150800BE30BA7F0020001002B8002002B8E07E002079
S3150800BE40C47E0020006001B8000002B8C87E002049
S3150800BE50003F00B0C07E0020628100206181002082
S3150800BE605881002038B5254B05461A78244C0C2AEB
S3150800BE7002D1FF20207038BD104605F080F8014633
S3150800BE801046FFF7C3FEA84228BF2846C0B288421C
S3150800BE9038BF08462378C0B28342ECD020703ABB3C
S3150800BEA0184BD3F8F83713F4002321D14FF2F001D9
S3150800BEB0154AC2F8C811C8B10F230138C0B2B0FB81
S3150800BEC0F3F3591CC3EB0313C01A431C0D4A1B0199
S3150800BED0D2F8C80143EA01330343C2F8C831D2F89D
S3150800BEE0C8210A4BC3F8FC202078C4E70121EDE7F6
S3150800BEF0074B1868FFF798FEF6E700BF5881002041
S3150800BF0064810020000002B8002002B8003F00B09B
S3150800BF108C7C0020014B1870704700BF638100209D
S3150800BF2010B50446FDF754FD78B1154B1B786BB96F
S3150800BF3064B1144B1B784BB1134B1B78013B012B97
S3150800BF4004D84FF40042114B1A6510BD104B1B6DF7
S3150800BF501B04FAD405F0EBF9044601F08FFF4FF401
S3150800BF6000420C4B2046BDE810401A6502220A4BD7
S3150800BF70C3F8D4240422054B5A6405F0D3B900BF8C
S3150800BF80BC7F0020BD7F0020CC7E0020002002B8A8
S3150800BF90000002B8001002B800D00350054BD3F8D1
S3150800BFA0843013F0030F4FF4802314BF024A034A68
S3150800BFB093647047004000B8005000B8006000B8AD
S3150800BFC0F7B50646534C00F04BFB01213A20F5F72E
S3150800BFD00BFD514B2578514F1E7085BB2846FFF740
S3150800BFE09FFF2378013B012B19D8E37B01A88DF825
S3150800BFF00430237C8DF80530F4F71EFEC7F8D454B8
S3150800C0004FF6FF72464BC3F88420F822A3F58053F7
S3150800C010C3F884200022414BC3F8D4240DE04FF620
S3150800C020FF723F4BC7F8D454C3F88420F822A3F50F
S3150800C0308053C3F88420C7F8D4543A4B5BE00020F9
S3150800C040FFF76EFF2378013B012B08D8E37B01A895
S3150800C0508DF80430237C8DF80530F4F7EDFD0023C8
S3150800C060C7F8D434002ECBD062685AB32E4B1B685F
S3150800C07003EB5203B3FBF2F3013B1B0243F0F80355
S3150800C08026782749022E294A1ED0032E4FF6FF7519
S3150800C090224826D0012E36D143F00203C1F8845037
S3150800C0A0C2F884300723C0F8D434E37B01A88DF89E
S3150800C0B00430237C8DF80530F4F78EFD0120FFF758
S3150800C0C02FFF17E0F823DBE74FF6FF7043F0010375
S3150800C0D0C1F88400C2F884300622104BC3F8D42471
S3150800C0E0E3E743F00503C1F88450C2F8843004231B
S3150800C0F0C0F8D4340E4B4FF080421A650020FFF783
S3150800C1004DFF03B0F0BDC1F88450C2F88430002357
S3150800C110EEE700BFCC7E0020BD7F002000C00350A4
S3150800C120006000B8002002B8E07E0020005000B889
S3150800C130001002B8034B1B6D002BBCBF024BC3F8A3
S3150800C14088007047000002B8004000B82DE9F047A3
S3150800C15000F0E0FA4FF47A762D4BB0FBF6F618604D
S3150800C1604FF4FA73734307462A48190E1B02181828
S3150800C170294A4FF0000341F10001FCF72FFD274B38
S3150800C180A0F5807205461A6320B948222B21FDF7CF
S3150800C19047FE01254FF47A724FF0000A6A43534668
S3150800C1A050083102FCF71AFD1C4B1D4AB7F57A7F79
S3150800C1B09A601C4B4FEA056819601B4B8946044672
S3150800C1C018604FEA152505D29B222B215046FDF70C
S3150800C1D027FE01264FF47A73A8FB030103FB05111A
S3150800C1E07308C01841F1000100233246FCF7F6FC3B
S3150800C1F00E4B023419600E4B49F10009A408186069
S3150800C20044EA8974054B013C9C63BDE8F08700BF8E
S3150800C210E07E002020A1070040420F0000C001B8C0
S3150800C22002110100F07E0020EC7E0020E87E00204E
S3150800C230E47E00200822044BC3F884215A600122B8
S3150800C240024BDA60704700BF00E100E000C001B8A9
S3150800C25038B501250A4B02019D504FF480730446F8
S3150800C260084A8340536605F062F8074AA5401378E2
S3150800C27023EA05031370BDE8384005F053B800BF3C
S3150800C28000E101B800E001B8C67F0020034B10307A
S3150800C2900001185800F00100704700BF00C001B83F
S3150800C2A038B505F04DF8084B084A1D6A92F86D40F6
S3150800C2B05A6EE4B2520744BF1D6A013405F03BF8D2
S3150800C2C0284604F0030138BD00C001B8003E00B09E
S3150800C2D0064B1B68434303EB8171054B1B68A3FBA5
S3150800C2E0003013F1004341EB00007047E87E002060
S3150800C2F0E47E00200C4A20F04043014610B5002099
S3150800C30014684FF00042E4FB0320084A890F1268BC
S3150800C31002FB0300064B9B6B984204D9013301319B
S3150800C320C01A01F0030110BDEC7E0020F07E00204B
S3150800C33000C001B8044B01F0F071103041F0030160
S3150800C34000011950704700BF00C001B808B5222087
S3150800C350FFF7F0FE4FF48022014BDA6008BD00BFFC
S3150800C36000C001B840B1836833B10649C26809689C
S3150800C37003F13043032A00D8704743F8041B043AF4
S3150800C380F8E700BF247F002070B51646054600B3BF
S3150800C390F9B1F2B14268104B006803321B68920883
S3150800C3A000F130409847044688B9EA68A86803321D
S3150800C3B03146920800F1304004F0FBFD044630B9DE
S3150800C3C0D5E90402214600F1304004F038F8204649
S3150800C3D070BD2124FBE700BF3881002070B50C68CA
S3150800C3E0651C15D0C4F302669E42C4F3074530D1D6
S3150800C3F0A4B294422DD804EB8506B24229D2141B66
S3150800C400A50824F003040E59340F04D0012C08D0D3
S3150800C4100022212402E06B1C51F82320C0E90024E5
S3150800C42070BD0E4C34F8133042EA03431A686B1C8D
S3150800C43051F8234001EB83014B6822405E4036F0F9
S3150800C440704404D11B0F032B04BF8B681A430024C6
S3150800C450E4E7013501EB8501C1E700BF543A01085D
S3150800C46007B501A8F6F7CEFF254B2649D3F8602273
S3150800C470D2B2FF2A1DBFD1F87801130243EA02138C
S3150800C480D1F878311CBF20F47F621343C1F8F83322
S3150800C4901C4BD3F8F837190354BF09200C20F6F7BC
S3150800C4A069FCC822184B42F201015A654FF4C022B2
S3150800C4B003F51043C3F868214FF48032C3F86C21A2
S3150800C4C0124AC2F8701202F52042D2F8F82712036F
S3150800C4D008D44FF470610E4AC2F8A0104FF42062D7
S3150800C4E0C3F8A02001220B4BC3F8002403F5304300
S3150800C4F0D3F86821084B1A6003B05DF804FB00BF47
S3150800C5000080E00F000002B8008001B8006001B8A2
S3150800C510002002B8005001B8B87E0020134B1B78E3
S3150800C520002B20D0124B134A00201A60124B134AD4
S3150800C5301A60134B134A1A60134B1A68134B1A6086
S3150800C540134B144A1A60144B144A1A60144B154AB2
S3150800C5501A60154B154A1A60154B164A1A60164B7F
S3150800C560164A1A6070470220704700BFC77F00202E
S3150800C570307F002038430108287F0020A03A0108B0
S3150800C5802C7F0020C03A01084C810020247F00201F
S3150800C590487F0020883A0108407F0020403E010875
S3150800C5A0447F0020BC3A01083C7F0020703A01080D
S3150800C5B0347F0020C43A0108387F0020B83A0108C1
S3150800C5C00022012138B51E4B5A649A64DA641D4A62
S3150800C5D0516102219162DA68C2F303620D2A01D021
S3150800C5E0002AF8D111220124174DDA634FF0FF30E3
S3150800C5F02C7002F0B9FF00232B70144D4FF4E8623B
S3150800C60028685421C01A18BF0120FDF709FC104BF1
S3150800C61028681A680F4B1968FFF7B6FE01F044F848
S3150800C6200D4B1868FFF79EFE0C4B1868FFF79AFE2D
S3150800C6304FF08062034B5A6103F580535C6138BD45
S3150800C640000002B8001002B8C77F0020287F00202B
S3150800C6502C7F0020307F0020487F00203C7F002070
S3150800C66001230D4A0D49C2F8803291660C4A53607F
S3150800C6700C4A53600C4A5360A2F580425360A2F5F7
S3150800C6804042536002F5C032536002F5804253605F
S3150800C690A2F500425360704700900050FF0B001649
S3150800C6A000D000B8001000BA005001B838B503240D
S3150800C6B0FFF7D6FF114A124B124D1A65FFF7D0FE47
S3150800C6C0114BC3F8104101232B6500F083FE4FF48C
S3150800C6D060736B614FF400732B65FEF739FE00211A
S3150800C6E0FEF720FE4022094B1C64A3F580535C64C8
S3150800C6F0074BC3F884215A6038BD00BF0048F000D4
S3150800C700000002B8001002B8005001B800A0095095
S3150800C71000E100E008B504F0E7FC044B1B6FC3F327
S3150800C72000430133B0FBF3F008BD00BF00800050A2
S3150800C73070B5044698B1B1B13A4A52F8043B8342FF
S3150800C74013D10023384A116CC907FCD4374800EBCB
S3150800C750830004F037FC364B106001221A6470BD62
S3150800C76001330C2B02D1334D2CE0012352F8041B64
S3150800C770A142F5D1304A32F81330E3E7C2F3016338
S3150800C78035F81300110C93B211F0FE0F43EA00437B
S3150800C790606820D00434CAB2022A216808D9D4E9CC
S3150800C7A00160033AC3E9001698600C340C33F3E7CA
S3150800C7B004D16268C3E90012083403E0012A01D1F2
S3150800C7C0043419602268531CD8D10022164B1A600B
S3150800C7D003F58053C1E7120F072AEDD8DFE802F008
S3150800C7E00704090D1013181DC04303F500531860FC
S3150800C7F0E2E71A6842401A60DEE703F58053F6E777
S3150800C80004F0CCFBD8E7012203F580538240F2E717
S3150800C810012203F500538240EDE71A6830EA020266
S3150800C820FBD1C9E7F47E002000C002B8404000B042
S3150800C83000D002B8543A01087E7F00200122014B3D
S3150800C8401A657047001002B80122014B1A65704735
S3150800C850002002B84022014B1A657047002002B832
S3150800C8604022014B1A657047001002B8064BDB6878
S3150800C870C3F30363984206D1044A936E23F0F00388
S3150800C88043EA011191667047000002B8003F00B004
S3150800C8902DE9F743064604F07AFB00248046DFF8C4
S3150800C8A0909004F044FD0DF1070105460DF10600D0
S3150800C8B0FEF742FC9DF806308BB9721C29D004F0AD
S3150800C8C066FBA0EB0804284604F02CFD9DF806300C
S3150800C8D013B99DF807303BB3A642E2D824E0D9F84D
S3150800C8E00C3013F4603FE8D0D9F8180004F0BDFB0B
S3150800C8F0731C074603D004F04AFBA0EB080428463D
S3150800C90004F010FD17F5007FE0D0384603B0BDE807
S3150800C910F083284604F006FD9DF80630002BC0D1AA
S3150800C9209DF80730002BBCD1004FEEE700FEFFFF55
S3150800C93000C000B8044BD3F8B03010B1C3F30332CB
S3150800C940027003F00F007047000002B8064B01F0B2
S3150800C95080015B6C03F480030B4302BF4FF40012A3
S3150800C960024BDA64704700BF000002B8006001B8E5
S3150800C97030B1012806D1064B03F58053D9607047BC
S3150800C980044BF9E700224FF48053DA60FFDE00BF5C
S3150800C990004003B8000003B8044B986E00F0B0508E
S3150800C9A000F16A4358425841704700BF0080005062
S3150800C9B04FF0B0522DE9F04FB74B00269A66036840
S3150800C9C0B64A1C785D68072C94BF002101211170B6
S3150800C9D0B34AB44914700269002A08BF8022072C9A
S3150800C9E00A605A8800F21481AF490E6102260E6168
S3150800C9F0AE4E7562002A40F01E814FF0010CAC4D18
S3150800CA00AC4E9200AE620CFA04FC8A621D6AD3E947
S3150800CA1006273A4393F824702A4342EAC72293F832
S3150800CA202970197D42EA476293F826704CEA012C70
S3150800CA3042EA875293F82770072C42EAC75293F8BE
S3150800CA4028701E6942EA076242EA0C0222F0004296
S3150800CA504FF0FF37D3F80CE022F4002200F2EF8003
S3150800CA60DFF848C2CCF870208F4A0CF5005CCCF889
S3150800CA707470C2F874E0CCF878709667002D40F0B0
S3150800CA8030814FF6FF769D68CCF87C60ADB2D567ED
S3150800CA90D3E90627B2F5803F40F07E814268072C2D
S3150800CAA0D2F80C80D2F80490D2F814E0D2F81CC060
S3150800CAB049EA080545EA0E05DF69D2F824A04FF0D1
S3150800CAC0070392F800B045EA0C0500F21281784E89
S3150800CAD0B7F5802F3364744BC3F840B04FF0080B9A
S3150800CAE0C3F840B04FF0FF3BC6F84CB0C3F84C90C3
S3150800CAF0C6F850B0C3F85080C6F854B0C3F854E02E
S3150800CB00C6F858B0C3F858C0C6F848B09D64C3F80C
S3150800CB1040A040F0498155780723654E4FF0FF370E
S3150800CB207364614B5D6408255D64D2F808803766D6
S3150800CB30C3F86080156977665D66D2F818E0B7664F
S3150800CB40C3F868E0D2F820C045EA080545EA0E05AC
S3150800CB5045EA0C05F766C3F86CC0F765DD65926AA9
S3150800CB605A648268D2E900532B4343EA81014F4B4A
S3150800CB7001F01F014FF6FF75C3F88010926803F5A0
S3150800CB80005192B203F58053C1F88450C168C3F8C6
S3150800CB908420444B072C1A68D1E9003543EA05037B
S3150800CBA08D684FF0FF3443EA050303F01F03CD6891
S3150800CBB000F209813D49C1F888303B4B01F5005127
S3150800CBC0C1F88C40C3F88C508A61DA614623012289
S3150800CBD0394903F0070302FA03F3C1F888318B6079
S3150800CBE0364B416919602E4B1B78082B04BF344B12
S3150800CBF05A602A4B1B78002B00F0F380012B40F07B
S3150800CC00F280304B012203F580535A60BDE8F08F5D
S3150800CC102D490E6102260E612A4E75626AB94FF0D9
S3150800CC20010C2A4D234E92000CFA04FCAE624FEA20
S3150800CC302C2C8A62EAE6013ADFE6013AEFE7DFF8EA
S3150800CC4084C0CCF87020204A0CF5005CCCF87470CF
S3150800CC50C2F874E0CCF87870966735B94FF6FF7667
S3150800CC609D68CCF87C60ADB2D567082C0DD0A4F1D0
S3150800CC700B02012A35D893F825504FF40042002DAF
S3150800CC8035D0134DC5F870222BE0DE6A0C4A114DDB
S3150800CC9016BB0126AE6020E000900050C97F002038
S3150800CCA0C87F0020507F0020001003B8000003B89A
S3150800CCB0002003B8FCFF070000E100E04C7F0020DD
S3150800CCC0009003B8004003B8005003B8006003B8EA
S3150800CCD0005001B800A003B8966006271E6BAF6027
S3150800CCE096601A6AB2F5801F7FF4D2AED6E6404D3A
S3150800CCF0C8E7404EB7F5802F33643F4BC3F840B0C2
S3150800CD004FF0080BC3F840B04FF0FF3BC6F84CB0E5
S3150800CD10C3F84C90C6F850B0C3F85080C6F854B063
S3150800CD20C3F854E0C6F858B0C3F858C0C6F848B0B7
S3150800CD309D64C3F840A037D1557807232D4E4FF090
S3150800CD40FF3773642C4B5D6408255D64D2F8088050
S3150800CD503766C3F86080156977665D66D2F818E0AD
S3150800CD60B766C3F868E0D2F820C045EA080545EA80
S3150800CD700E0545EA0C05F766C3F86CC0F765DD6570
S3150800CD80926A5A648268D2E900352B4343EA8101E4
S3150800CD901A4B01F01F01EDE6B7F5802F04D1426862
S3150800CDA0072C5578C9D8B7E68268B7F5C02FD2E9F7
S3150800CDB0005343EA05034FEA8105F0D0072C45EAFC
S3150800CDC00301E5D8D3E60D49C1F888300A4B01F5C9
S3150800CDD00051C1F88C40C3F88C508A61DA61472348
S3150800CDE0F5E6074B0EE700224FF480535A60FFDE44
S3150800CDF0006001B8006003B8005003B8004003B8EB
S3150800CE00000003B8024B02211878FFF7B1BD00BF36
S3150800CE10C97F0020084B1B783BB1012B07D1074B74
S3150800CE20042203F58053DA607047054BF8E70022C1
S3150800CE304FF48053DA60FFDEC97F0020004003B854
S3150800CE40000003B80F4B1B788BB1012B11D10E4A8A
S3150800CE50012102F580528B4291600FD80A4A0B498C
S3150800CE60002B08BF0A4693689B07FCD47047074AFD
S3150800CE70EEE700224FF480539A60FFDE00239B689A
S3150800CE80FBE700BFC97F0020004003B8000003B8D5
S3150800CE9038B50B4B0B4C002818BF1C46A569E3692F
S3150800CEA01D4007D0084B1B682BB12846984704F548
S3150800CEB00054A56138BD6B05F9D5FFF7C3FFF6E742
S3150800CEC0004003B8000003B84C7F002008B50246AE
S3150800CED0FFF762FDC0B11649BAB9164BDA610B788D
S3150800CEE0082B02BF0121144B5960124B012103F58F
S3150800CEF000538A42596017D8104B0E49002A08BFBA
S3150800CF000B465A689207FCD408BD012A4FF0000365
S3150800CF1001D0DB61FFDE0948C3610B78082B04BF2B
S3150800CF20054B5A60054BE1E700235B68F2E700BF53
S3150800CF30C87F0020000003B800A003B8004003B86B
S3150800CF40014B1878FFF7C2BFC97F00204FF60401CE
S3150800CF504FF60502044B01201B6C9BB28B4208BF9F
S3150800CF601346024A136670470080E00F00C001B8F6
S3150800CF70034B1A6E596E03F500530A401A6670473A
S3150800CF8000800A504FF00052014B1A60704700BFEC
S3150800CF9000E100E04FF00052034BC3F88020BFF3D6
S3150800CFA04F8FBFF36F8F704700E100E0F8B50B466F
S3150800CFB0002213F8044B944225D91D68854224D1D2
S3150800CFC006245A791D79124B88181E6804FB050336
S3150800CFD0104F33F8063C7B43B3420ED900238A5AD6
S3150800CFE07A43964202D804FB0300F8BD9D42FAD95B
S3150800CFF0013304FB03F2825AF2E740F244423D2130
S3150800D0000020FCF70DFF0020EFE708330132D2E7D6
S3150800D010547F002040420F002DE9F04F4FF0000EDC
S3150800D020A2FB016BDFF8F4C2DFF8F48216EB0C0CF6
S3150800D0301F466BF10003E0457EEB030383B009D27C
S3150800D04040F23E220E217046FCF7EAFE022003B0AB
S3150800D050BDE8F08FD7F814A00C4615468146BAF1FC
S3150800D060000F04D0DAF80030032B00F29A809E4BAA
S3150800D0709E4A9B6BD2F8FCA0C3F314089C4B1B6F0B
S3150800D0805A074EBF4FF440039B0503F0E07348EA86
S3150800D0900308984BD3F8EC305B0048BF48F080781B
S3150800D0A048EA456804F05AF8012D0246CED1002810
S3150800D0B0CCD0914B984200F0858003F5122303F5F6
S3150800D0C0F863984200F090808C4B984200F0EB8011
S3150800D0D0002501902B4600204FF00071FBF77EFDDE
S3150800D0E02B46019A013006FB03F300FB0B33A6FB24
S3150800D0F000600344C8F31300A0FB0221203300FBA1
S3150800D10005119B093B607E4BD20C1C6042EA4131FB
S3150800D1107C4B18F4801F08BF494219607A4B0C44AF
S3150800D1201C60BAF1000F5BD000237B60BB60DAF8A5
S3150800D1301C5018F0807F18BF6408002D46D099F857
S3150800D1402720093A012A41D9694ED6F83C21D0024E
S3150800D1507FD4DAF80000002C00F0A980B4FA84F134
S3150800D160072900F3A480C1F1080325FA03F304FA9A
S3150800D17001F10133B1FBF3F14B004FEA442C0133C3
S3150800D180E40D01E002330131A5FB0362B44574EBFB
S3150800D1900202F7D2C1F30E031B0343F00063BB6020
S3150800D1A016E0042BDAF828807FF47CAF18F0807F2D
S3150800D1B014BF4FF4400308F0E07328F0E07848EA1B
S3150800D1C003086FE7002351481D468CE7DAF800008C
S3150800D1D000230628FB603B6102D9DAF830303BB9F8
S3150800D1E0002003B0BDE8F08F002349481D467AE7C2
S3150800D1F003F0B4FFDAF83010FFF7D8FE044610B192
S3150800D2008378002B56D103F069FFDAF83010FFF760
S3150800D210CDFE04460028E3D08378002BE0D0407981
S3150800D2204FF4AE62003818BF01203D21FCF7F8FD27
S3150800D230207940F2715200384FF03D0118BF0120A5
S3150800D240FCF7EEFD237962791B0243EA02133B6180
S3150800D250C6E781EAE172A2EBE1722E49C8F381586A
S3150800D26011F808C019464FEA8C6C6008CCFB02011D
S3150800D2702246FBF7B3FC0346DAF800000E280ED95F
S3150800D280194A916BB26CD6F83C61D20607D501F4FF
S3150800D290801106F40016314308BFC3F58013C3F3A3
S3150800D2A013037B6057E700231B481D461BE72B46E5
S3150800D2B021025FE7407940F25552003818BF012035
S3150800D2C03D21FCF7ADFD207940F25652003818BFD3
S3150800D2D001203D21FCF7A4FD237962791B0243EA6C
S3150800D2E00213FB608FE700BF008001B8004F00B053
S3150800D2F0004001B8000002B800F04902005A620274
S3150800D3005C7F0020587F0020547F00200A3BB2DF54
S3150800D310313641DC5C3A0108D694BFD6006CCA881F
S3150800D320807C814A10B5044686B059B9214B4168BC
S3150800D330D3F8FC30827A2048059300686B46FFF7DD
S3150800D3406BFE69461D4B0A685A631A4BD3F8FC30C4
S3150800D35033B34B6843B11A4B1A4AC3F83C214A689F
S3150800D360A3F58053C3F83C218B6843B1144B164A86
S3150800D370C3F81C218A68A3F58053C3F81C21134AF5
S3150800D380C868D2F8983123F4EE630343C2F898319B
S3150800D390D2F89031096923F4EE630B43C2F8903151
S3150800D3A0002022890A4B9A6203F5A033186406B056
S3150800D3B010BD00BF004F00B08C7C0020008001B873
S3150800D3C0006001B8FFFF0F0000F0FF0F000002B871
S3150800D3D0004000B8074BD3F88022D20707D55B6E0A
S3150800D3E0002B4FF48043B4BF034A044A1365002058
S3150800D3F0704700BF00800050002002B8001002B835
S3150800D40010B590B10468012C0FD902696AB1116888
S3150800D410094B102C196051685960916888BFD26809
S3150800D420996094BFD960DA6010BD102200210248C5
S3150800D43003F005F8F8E700BF647F00201B4B2DE9D1
S3150800D440F0410D4616461C6858B34FF47A734343A9
S3150800D4508A68A3F6AC539B1A4A689B1A144AD817CB
S3150800D4601168144FA1FB033201FB002213F18073EC
S3150800D47042F100025B0E43EAC213803B33620E4B55
S3150800D480D3F8C43073623B6873B1204603F01BFDC2
S3150800D49050B1324629463B68D4F8D800BDE8F04179
S3150800D4A018474AF6C873D9E7BDE8F0818C7C002096
S3150800D4B0747F0020607F0020003F00B0084BC11732
S3150800D4C01A68A2FB000302FB013310F1807043F1D6
S3150800D4D00003400E40EAC310803820EAE070704727
S3150800D4E0747F00200722194B70B51A64184B194A25
S3150800D4F01D68194BEC08E005C0184FEA153141F1D3
S3150800D50000010023FBF76AFB144B154E18601548FB
S3150800D510FFF7D4FF4042C6F8DC0049F65800FFF78B
S3150800D520CDFFC6F8A8001048FEF7E4FE024660B133
S3150800D530E301500818184FEA15714FF0000341F13E
S3150800D5400001FBF74BFBC6F8B40070BD000002B83B
S3150800D550E07E002065CD1D00B2E60E00747F002037
S3150800D560003F00B07011010040420F0048B14FF46F
S3150800D5707A72054BDB6802FB0030A0F5FA50FFF71C
S3150800D5809DBF47F23050FAE7647F002010B5044685
S3150800D59098B10B4BD3F8FC00FFF732FF4FF47A73C0
S3150800D5A003FB04F0074BA0F6AC50DA689B681044FE
S3150800D5B0C01ABDE81040FFF781BF4AF6C870F8E701
S3150800D5C0004F00B0647F0020F8B5044608461546AB
S3150800D5D01E46FFF715FF9CB106F0020716F0040673
S3150800D5E00FD16FB14FF47A7063685843002B4BD153
S3150800D5F0FFF764FF28636069FFF7B8FFE8623EBB80
S3150800D600F8BD2069002839D04FF47A735843254B62
S3150800D610A0F6AC509B68C01AFFF750FFA862A08B13
S3150800D62078B34FF47A7358431E4BA0F6AC509B68F8
S3150800D630C01AFFF743FFE8612A461A49E068FFF770
S3150800D640FDFE0021A069FFF7A1FF6863002FC9D17D
S3150800D650A06800BB47F23050FFF730FF68614FF40F
S3150800D6607A70236858432BB10E4B1B6803F51C537D
S3150800D67010331844FFF722FFA861C1E74AF6C870BD
S3150800D680CAE74AF6C870D4E7064B1B6803F51C536D
S3150800D69010331844ACE74FF47A735843A0F5FA50A0
S3150800D6A0DAE700BF647F002070B588B06D46194C74
S3150800D6B00FCC0FC594E80F0085E80F00FC22002167
S3150800D6C0154802F0BCFEAC220021144802F0B7FE51
S3150800D6D020220021124802F0B2FE03F0E2FC114BB0
S3150800D6E01B783BB16D460B4E0FCD0FC695E80F0064
S3150800D6F084E80F000C4A0D4B1068516803C3906804
S3150800D7000B4A18600B4BD3F87831C3F38243536640
S3150800D71008B070BDE03F00B0583E00B0543F00B0BE
S3150800D720E04F00B0B97F0020623A0108B03E00B071
S3150800D730003F00B0000002B808B503F0F8FD0E4B34
S3150800D7401A78A2B90D4A126812F4843F0FD10C4A0E
S3150800D750102111651B7863B9084B1B68DB0508D4D3
S3150800D760074B20221A65BDE8084003F0DBBD054AD1
S3150800D770EEE7044BF5E700BFCF7F0020380A00200C
S3150800D780002002B8001002B80A4B197801F0FF020F
S3150800D79029B10021197008499202C1F8082159785F
S3150800D7A001F0FF0229B1002159709302024AC2F81A
S3150800D7B00C317047CA7F0020005000B8064BD3F8DA
S3150800D7C0F00E064B9B6C1A0103D4054B9B6E1B048B
S3150800D7D001D500F580707047003000B0000002B82F
S3150800D7E0004000B810B503F0A2FD0E210446032040
S3150800D7F0FFF73CF840F20122034B2046BDE81040F3
S3150800D800DA6203F08FBD00BF004000B8064B002067
S3150800D8101B6893F82430DB0902BF0322034BC3F8C5
S3150800D8205022FCF781BC00BF8C7C0020006001B848
S3150800D83038B503F07CFD4FF08043244C0546C4F808
S3150800D8408030BFF34F8FBFF36F8F4FF00043C4F89C
S3150800D8508030BFF34F8FBFF36F8F0123C4F8843036
S3150800D860BFF34F8FBFF36F8F0223C4F88430BFF323
S3150800D8704F8FBFF36F8F0423C4F88430BFF34F8FE5
S3150800D880BFF36F8FFFF786FB0823C4F88430BFF316
S3150800D8904F8FBFF36F8F1023C4F88430BFF34F8FB9
S3150800D8A0BFF36F8F2023C4F88430BFF34F8FBFF3C5
S3150800D8B06F8F8023C4F88430BFF34F8FBFF36F8F09
S3150800D8C02846BDE8384003F02DBD00BF00E100E062
S3150800D8D038B503F02CFD05464FF080430B4C23600A
S3150800D8E04FF0004323600223636004236360FFF75D
S3150800D8F049FB082363601023636020236360802349
S3150800D90063602846BDE8384003F00CBD00E100E03E
S3150800D910012370B5074C2370074B1E68074B32402E
S3150800D920D3E9005319402840FDF730F90023237046
S3150800D93070BD00BFCD7F00207C7F0020380A002004
S3150800D9400022044B1A70044B197811B11A70FFF7AC
S3150800D950F3BE7047CE7F0020CF7F00202DE9F04729
S3150800D960DDF820A003EA0108099B06460D4602EAEF
S3150800D970000703EA0A09BAF1000F40F04F81031FB6
S3150800D9800B4300F00F81052871F1000380F0E58054
S3150800D99050EA010300F07581431E0B4300F0258110
S3150800D9A0FFF746FFB84AD2E9004323EA050324EA0B
S3150800D9B006043C4343EA0807B44BC2E900471E681D
S3150800D9C026EA0A0646EA09061E60FFF7B5FE14F0BF
S3150800D9D02A4F14BF48F202034FF40043AC4AB0077B
S3150800D9E0D26EAC4848BF43F4005383EA020122EAE8
S3150800D9F00302C266A84A0B408166D366C4F3804216
S3150800DA001203210348BF42F48072E30648BF42F47A
S3150800DA100052A24BA50648BF42F40072600648BFF2
S3150800DA2042F480622106D96848BF42F4006282EA5D
S3150800DA30010323F080539A4819401A40C160836055
S3150800DA40984B17F4007FDA60974B07F4007200F0E2
S3150800DA50048101224FF4802583F88820E30448BF17
S3150800DA6045F48035A00348BF45F48015A10748BF93
S3150800DA7045F4001514F4001FDFF8688206D0D8F8BC
S3150800DA80000003F01EFB08B945F40025E20248BF72
S3150800DA9045F40035FB06854B48BF45F480051A6AF0
S3150800DAA0834985EA020323F001031A400A621D40EE
S3150800DAB0CB61804B16F0010F1D627F4B7F4A18BF62
S3150800DAC01A467F4B7D071B6F48BF42F000627D48B0
S3150800DAD082EA030123EA020303677B4B0A40416695
S3150800DAE01A677A4A04F00103D16CA0F5803081EAFE
S3150800DAF0030221EA0301C16482641A40744B2002BE
S3150800DB00DA64D8F8002048BF724B92F8F62058BF5E
S3150800DB10714B610748BF43F4806322B114F4C06FA8
S3150800DB2018BF43F4807332074FF03A42BDE8F04716
S3150800DB30D2F8181148BF43F0004383EA010222F4E1
S3150800DB40A02266481140C0F818111340C0F81421E5
S3150800DB50634AC2F81831FFF7BBBEA0F580630B43D2
S3150800DB6006D020F48063A3F500730B437FF418AF47
S3150800DB7003F0DDFB4449D1E9003223EA060322EA31
S3150800DB80050242EA08023B43C1E90032554A1268D7
S3150800DB9092F8F610514A09B313F4C06F1ED04FF429
S3150800DBA0807311E003F0C3FB374AD2E9003123F052
S3150800DBB004033B4341EA080157EA0807C2E9003172
S3150800DBC04FF48063454A0BD0C2F81431A2F580524F
S3150800DBD0C2F81831BDE8F04703F0A4BB4FF48073D0
S3150800DBE0C2F81831C2F81431F4E703F0A0FB264A4C
S3150800DBF0D2E9003123F001033B4341EA0801C2E9B7
S3150800DC0000310123384A57EA08071BBF9364A2F577
S3150800DC108052D364D36408BF9364DBE750EA0103F8
S3150800DC207FF4BEAEBAF1010F7FF4BAAE03F07FFB04
S3150800DC30164A136823F0010343EA090313604FF4F5
S3150800DC400053204AB9F1000F04D05366A2F580525A
S3150800DC501367BFE713675366BCE793F8881071B17B
S3150800DC6083F88820214BD3F8A41003F50053C3F892
S3150800DC70A410C3F8A0104FF05023C3F8A420002521
S3150800DC80ECE6BDE8F08700BF380A00207C7F00205C
S3150800DC90004000B8006000B8005000B8004001B865
S3150800DCA0006001B8005001B8003F00B0000002B89B
S3150800DCB0002002B8001002B8043800030418000354
S3150800DCC000C001B800E001B800D001B800C000B833
S3150800DCD000D000B80D0A0A09090A0A09002000BA84
S3150800DCE0001000BA8C7C002000E000B8004000500C
S3150800DCF0024B5868C0F3C000704700BF380A0020BE
S3150800DD00024B186800F00100704700BF380A00206F
S3150800DD10024B5868C0F3C030704700BF380A00206D
S3150800DD20034B1B6813F4C06F14BF01200020704713
S3150800DD30380A002010B50446FEF7B8FCFFF778FD50
S3150800DD402046FDF735FBFEF73BFCFEF7FFF9FEF72D
S3150800DD5071FAFFF7C7FB13490723134AD1F8FC10DA
S3150800DD6004F1F800FFF730FC4FF080710020FEF751
S3150800DD70E1FA4FF000720D4B4FF400110120C3F881
S3150800DD800021FEF7D7FAFFF7E1F820B940F2923200
S3150800DD901421FCF745F803F082F9BDE8104001208C
S3150800DDA0FEF70EB9004F00B0A43F00B000D001B88E
S3150800DDB08023074A5364082340B15364054AD2F8BE
S3150800DDC0C03E23F02003C2F8C03E7047024AF4E77B
S3150800DDD0001002B8003000B0002002B810B503F0F9
S3150800DDE0A6FA012104460020FFF7E2FF044B196159
S3150800DDF0044B5B6898472046BDE8104003F092BA8A
S3150800DE00000002B81C810020F8B5194C0546207898
S3150800DE1040F2E442B0FA80F03E214009FCF700F8EF
S3150800DE2055B9607840F2E442BDE8F840B0FA80F0AF
S3150800DE303E214009FBF7F4BF4FF440660D4F0E4DE7
S3150800DE40D7F8083140F2E442C3F381232370C5F8BA
S3150800DE50086160783E21B0FA80F04009FBF7E0FFE0
S3150800DE60D7F80C31C3F381236370C5F80C61F8BD8C
S3150800DE70CA7F0020004000B8006000B8F8B5084C1A
S3150800DE80084D636C0423084F6B64636C5B0300D412
S3150800DE90F8BD042602207E6403F080F86E64F4E779
S3150800DEA0000002B8001002B8002002B8A82238B54F
S3150800DEB01A4B5D6C03F500535A6410229A60A3F559
S3150800DEC0804302F100521A675A66FFF75DFC144B4D
S3150800DED01B7813B90320FEF7BBF90024114B9C6786
S3150800DEE0FFF7CCFF104A114BD2F8F01E0B40C2F8D0
S3150800DEF0F03E04220E4B5A640E4BAA06C3F8C840DD
S3150800DF0008D503F580739B6FB3F5817F22BF802206
S3150800DF10024B1A61BDE83840FCF738BF000002B86A
S3150800DF20CC7F002000C001B8003000B0DF0000FF41
S3150800DF30002002B8003E00B010B551B920B3154B09
S3150800DF40DB681B0E13F00E0F1ED1134B1B6CD90783
S3150800DF501AD4FFF747FC0F4C0020FEF7EBFC03280A
S3150800DF6001D0092805D1A36ADA07F5D4A36CDB0327
S3150800DF70F2D4FFF783FF0122084B5A6102229A6204
S3150800DF80042203F580535A644FF4C062044B9A6521
S3150800DF9010BD00BF000002B800C002B8001002B8E9
S3150800DFA0006001B808B503210920FEF75FFC2022AE
S3150800DFB0014B1A6108BD00BF000002B80D4A10B532
S3150800DFC0D2F8A030D2F8A4100B40B3F1804F0CD38E
S3150800DFD04FF040400849094CC1F8A400D467C1F87D
S3150800DFE0A0004FF48021064AD161034AC2F8A03046
S3150800DFF010BD00BF00400050006000500000FF0147
S3150800E000001002B838B5054603F091F90E4B0446E0
S3150800E0101868FDF7F9FA35B1FFF792FC2046BDE816
S3150800E020384003F07FB9094B1B78002BF6D0084B14
S3150800E0301D78002DF2D1FFF783FC2A464FF4804065
S3150800E0400021FFF765FCE9E78C7C0020CE7F0020E5
S3150800E050CD7F00202DE9F84F594B06460D4614464C
S3150800E0605B6C002A40F0A98013F0A00F14BF4FF094
S3150800E07001094FF00009FCF789FEA0234FF0000ABA
S3150800E080DFF858810320C8F84430FEF7E1F8042089
S3150800E090FEF7DEF84B4FFFF753FC4B4B4FF0040BE4
S3150800E0A07B67C7F878A0FFF7E9FE484B4FF4807105
S3150800E0B0D3F8C02E42F02002C3F8C02EFF22C8F8BB
S3150800E0C008203F4A1161D3F8F02E41491140C3F8A0
S3150800E0D0F01EC8F844B0C3F8C8AE7B6913F0060F43
S3150800E0E004D0FEF733F95846FEF7B2F8B9F1000F37
S3150800E0F008D04FF40062374B5A644FF40042A3F538
S3150800E100E0339A6666B1344BDB6C180701D4FFF727
S3150800E11069FBFFF747FF0420FEF79AF8FFF734FB81
S3150800E120274B5A69D10746D5DA6812F0706FFBD1CA
S3150800E1302A4B2B4A5A642B4A936E23F0F0039366B4
S3150800E14015B12046FFF75EFF274BD3F84C315A1C12
S3150800E15001D05B0002D50122204B5A615CB31E4BED
S3150800E160DA6E03F500539A6603F5D0331B6A1B4A29
S3150800E17023F00103D3611D4BD96803F50053996059
S3150800E18003F50053D3F8841003F5005399674FF04D
S3150800E1903A43D3F8181103F50053C3F81411144B76
S3150800E1A0D96C03F500539964124903F5803359660F
S3150800E1B04FF608435364BDE8F88F4FF000095AE755
S3150800E1C0000002B800C001B800000101003000B02C
S3150800E1D0DF0000FF001002B8004000B8002002B8B7
S3150800E1E010003000003F00B00080E00F004001B88A
S3150800E1F000C000B85000002F9E4B2DE9F04F9A6ED4
S3150800E200DB6E85B002EA03089B4BC3F868804FF0C3
S3150800E2103A43D3F81461D3F818311E40974BC3F824
S3150800E2201461974B9A68DB6802EA030A954BC3F8B0
S3150800E23008A003F52043DA691B6A02EA0309924B30
S3150800E24009F47702DA61914BD3F80422110706D450
S3150800E250D3F804311A07C3F3C00740F1E98003F085
S3150800E26066F88B4B5A695F6E1B6F12F0060F07EA4A
S3150800E2700307884A27F0007323F4006314BF4FF09E
S3150800E280010B4FF0000B53667B0706D5824A92F8BE
S3150800E2906D300133DBB282F86D3003F043F8B8F124
S3150800E2A0000F00F0E38018F400442BD003F03FF889
S3150800E2B00146FFF783FA0446784B1D682A682B68DF
S3150800E2C09A42FCD02A689A42FCD0FFF777FAA04215
S3150800E2D040F0B080084603F025F8714B1C60714B7E
S3150800E2E05D6C15F4E05240F0A78024F07F4424F0DA
S3150800E2F0DF040CB9FFF7DAFD6B4B01201B68984762
S3150800E3004FF0807418F0020F4FF0000514D0654BDB
S3150800E3105D495B6C03F460424A64002A00F0A08001
S3150800E3201D0400F1A08013F4005F0CBF4FF00053EA
S3150800E3304FF0006300251C43C8F340384FEA4808ED
S3150800E3405A4B3340002B4BD016F4206F0AD040F6B8
S3150800E350A31206210020FBF763FD0020FFF752FEFB
S3150800E36026F48026F00506D5FF22474B44F4C06400
S3150800E3709A60FFF737FA16F0090F0BD040F6B81275
S3150800E38008210020FBF74CFDFFF70CFE4FF03A433F
S3150800E39001225A6316F0106F0CD040F6C1120921FB
S3150800E3A00020FBF73DFDFFF7FDFD00221146104654
S3150800E3B0FDF7FEF816F4202F0AD040F6C9120721F9
S3150800E3C00020FBF72DFD0020FFF71CFE26F4802613
S3150800E3D0F10301D5FDF736FA002EB8BF48F0080854
S3150800E3E072070ED54FF03A431B6B13F4005F4FF4D8
S3150800E3F0005317BF214A2E4A136344F4000408BF8A
S3150800E4001363730548BF44F0040416F4802301938C
S3150800E41000F0B780FDF7CEF9013806284AD8DFE8BC
S3150800E42010F03B013E013B01410144014701470110
S3150800E430BB4634E7044641E70192FFF737FD124B26
S3150800E440019A5A6415F4805307D115F4806F0CBFEE
S3150800E4504FF080544FF0806454E74FF0804451E702
S3150800E4604FF0007366E74FF0004363E744464546BE
S3150800E47066E700BF004000B8006000B8002000BA98
S3150800E480004001B8006001B8002002B800E100E0D1
S3150800E49000C001B800E001B8003E00B0C837010866
S3150800E4A0787F0020000002B830810020090B0B8914
S3150800E4B0001000BA40F6FA1203210020FBF7B0FC60
S3150800E4C04FF03A420121D2F88C30D2F8AC0003F072
S3150800E4D00703063301FA03F3C0F30C001B1A9BB2B9
S3150800E4E0072B12D97E4B5B6C58020ED47D48D36C31
S3150800E4F0D26E406D58B103F0070306339940C2F354
S3150800E5000C03C91A89B2072901D844F40074764B5A
S3150800E5101B78002B35D04FF03A43D3F8143113F457
S3150800E520A02F2ED1714B724A1B7893B9FB0410D4D5
S3150800E530137873B1E3086F4943EA457383F001031F
S3150800E540D1F8F01E03F001035B0021FA03F39807E4
S3150800E55017D10420FDF77CFE674B68495967FFF71A
S3150800E560EFF9634A137843B9654B1B782BB1654BB2
S3150800E570654A1B682340134201D144F4804427F4BA
S3150800E5808057BAF1000F27D01AF4805F18BF44F4F9
S3150800E59080241AF4807F18BF44F400241AF4005F1C
S3150800E5A018BF44F010041AF4007F18BF44F0200482
S3150800E5B01AF4806F18BF44F040041AF4006F18BFAD
S3150800E5C044F080041AF0805F06D0504B002118688A
S3150800E5D045F48055FCF742FDB9F1000F3ED019F419
S3150800E5E0802F18BF45F4007519F4803F05D0484BB5
S3150800E5F003201B6844F48054984719F4801F18BFF9
S3150800E60044F4003419F4001F18BF44F0020419F446
S3150800E610003F18BF44F4801419F4800F18BF45F062
S3150800E620100519F4002F19D0324BD3F8C03E13F059
S3150800E630C00F13D02A4AD368C3F30363032B01D050
S3150800E640072B05D1936CD90602D4D36C1A0736D595
S3150800E6504FF400222F4B29F40029DA61002F00F02D
S3150800E66019813B0540F190802B49DFF88CA0CB78C7
S3150800E6702A4A002B58D04FF40060013BDBB25066A3
S3150800E680CB7033B9264B1B78E3B140F60142254BD4
S3150800E6905A670023002275E044F4803410E744F4F6
S3150800E6A000640DE744F480640AE744F4807407E7DD
S3150800E6B0174B02201B6844F00804984700E744F407
S3150800E6C00014CBE7DAF8783013F4A05F15BF4FF4DF
S3150800E6D0807340F60143CAF85830CAF87830D8E74C
S3150800E6E0000002B8004000B8CF7F0020CE7F00208F
S3150800E6F0D17F0020003000B000C001B80000010141
S3150800E700D07F0020380A0020088D01008C7C00206C
S3150800E71030810020002002B8BE7F002000E001B84A
S3150800E720CC7F002000D001B80320FDF791FDDAF870
S3150800E7301430AA4813F0060F04BF41F61F73A84AFF
S3150800E740A84908BF53674FF40062A54B5A66DAF822
S3150800E750143013F0060308BFCAF87830B0F86A30E8
S3150800E76013F400625CD023F40063A0F86A300B78D7
S3150800E77003F0FF0A002B57D1FDF7E8FDFFF796FBDC
S3150800E780534620221C431543B80009D52E20FDF711
S3150800E790D1FC4FF00052924B45F008051A675A66AD
S3150800E7A0F90606D52B20FDF7C5FC10228C4B1A67F7
S3150800E7B05A6617F0306F05D1FA045FD5BBF1000F22
S3150800E7C000F0B4803B0111D52920FDF7B3FCFFF713
S3150800E7D08FFA48B1844B8549814A53660B6701F520
S3150800E7E04051C968480422D445F0040517F0007B57
S3150800E7F028D00420FDF72CFD2720FDF79BFCFFF70A
S3150800E80055FB4FF00072764B5A66794BD3F8F02ECB
S3150800E810520674D40222774B9A6045F0020528E026
S3150800E8200B784FF40053ADE74FF4004332E7136714
S3150800E83020205366FDF77EFC2D2045F00C05FDF7DC
S3150800E84079FCD3E717F0807FDFF8ACA142D004202B
S3150800E850FDF7FEFC2820FDF76DFCDAF87830002B72
S3150800E86035D1FFF723FB5E4B5F4A45F001051A6772
S3150800E8705A66FEF7CBFF00225F4B9A65BB0409D5A3
S3150800E8805E4A5379002B00F0A480013B53710023A4
S3150800E89048EA0308424620462946FFF739F8019B0D
S3150800E8A00BB1FCF7BDFF4FF00042554B06F004369E
S3150800E8B0C3F81461534B19F4002FC3F880211EBF07
S3150800E8C04FF400224B4BDA6105B0BDE8F08FCAF869
S3150800E8D078B0C8E7F904CED50420FDF7B9FC4A4B51
S3150800E8E0CAF87430FDF732FDDAF8643013F0407F69
S3150800E8F0C1D12A20FDF71EFCFFF7D8FA85E7D3F821
S3150800E900C03E9B0689D40222404B9A60404B1B6846
S3150800E91093F82530980780D5304B93F8DC30002BD8
S3150800E9203FF47BAF80223B4B1A6176E7334A137973
S3150800E9304BB1013BDBB2137113B92C4B364A5A67FC
S3150800E94000231C439AE70420FDF782FC0320FDF709
S3150800E9507FFC294B2C4A5A6702F0E9FC82460DF1E6
S3150800E9600F00FDF7E7FF2D4B83461B780BB1FEF72B
S3150800E97039FFBBF1030F0ED1DFF898B00020FDF781
S3150800E980D9FF032807D1DBF82830D907F6D4DBF8F6
S3150800E9904830DA03F2D49DF80F30032B06D1012252
S3150800E9A01F4B50461A7002F0BDFCC9E74FF03A43B8
S3150800E9B0D3F8143113F4A02FF1D1FEF7C1FF504656
S3150800E9C002F0B0FC174B03201B6898474FF48043AE
S3150800E9D0B7E70520FDF73CFC012359E7003E00B0E8
S3150800E9E000E001B8CC7F00201000002000D001B85C
S3150800E9F0003000B0002002B800C001B8BE7F002079
S3150800EA00002000BA00E100E000000101001002B891
S3150800EA108C7C0020000002B80000010DD27F002087
S3150800EA20CE7F0020308100200122024B1A62DA6173
S3150800EA30704700BF002002B8094A08B5D369116AB1
S3150800EA400B40084923F47F00DB07C86106D5D16867
S3150800EA504FF0FF30C1F3036102F02CFB08BD00BF85
S3150800EA60000002B8002002B80C4A08B5936CD26CB4
S3150800EA7013400B4A9364DB070FD50A4B40F66342F3
S3150800EA801878122100F00100FBF7CAF9BDE8084022
S3150800EA90002201200021FEF73BBF08BD00C000B8D8
S3150800EAA000E000B8380A002070B5154D2C6C6B6C68
S3150800EAB01C40144B24F002021A64E20705D540F6FE
S3150800EAC0CA4200202968FBF7ABF9A30716D502222C
S3150800EAD00C4B1A640C4A6B6814687CB1DBB2042BC5
S3150800EAE007D100220121094B18682346BDE870406A
S3150800EAF01847052B02D100221146F4E770BD00BF66
S3150800EB000080095000A00950B47E00208C7C0020AB
S3150800EB1038B50B4C0B4DD4F88430DB0706D4A36FFD
S3150800EB20D4F884201340084A936738BDD5F80431D1
S3150800EB305A06F0D5FFF7B8FF4023C5F88431EAE74F
S3150800EB40008001B800E100E000A001B8034BD3F84B
S3150800EB50C03E99430CBF012000207047003000B02A
S3150800EB60174BD3F8C02E12F0010312D0154B93F8A9
S3150800EB704C30154A43F08073C2F8D0304FF48013F6
S3150800EB8002F50052C2F8B430A2F58052C2F8B83085
S3150800EB9070471106EDD40D4B93F84B1121B1D206EF
S3150800EBA002D593F84831E4E74FF480120020084B69
S3150800EBB00549C3F8B820C1F8D000C3F8B420704797
S3150800EBC0003000B0003F00B0004000B8003E00B082
S3150800EBD0006000B800230360704700E01846036829
S3150800EBE0002BFBD10B60016070470346006818B123
S3150800EBF002681A60002303607047FEE704E050F8D5
S3150800EC00042B41F8042B1A46531E002AF7D17047E5
S3150800EC1000B589B084460E9807900D9806909DF821
S3150800EC20300005900B9804909DF82800039000206A
S3150800EC300290019300920B4662460121F2F7F4F81E
S3150800EC4009B05DF804FB70B505460E46144602F099
S3150800EC506EFB2B685C4034405C402C6002F062FB23
S3150800EC6070BD30B583B005460C46002301934FF0BE
S3150800EC70E0231B6913F0040F0CD002F055FA01903B
S3150800EC800D2300930DB1019B2B600CB1009B2360F3
S3150800EC9003B030BD694601A8F2F742FCF2E708B5B1
S3150800ECA002F054FA0021F2F765FE08BD10B582B0ED
S3150800ECB0002301930093B0F5807F00F20781B0F539
S3150800ECC0807F00F26181DFE810F04C015F015F018F
S3150800ECD05F015F015F015F015F015F015F015F0126
S3150800ECE05F015F015F015F015F015F015F015F0116
S3150800ECF05F015F015F015F015F015F015F015F0106
S3150800ED005F015F015F015F015F014C017C014C01FE
S3150800ED107C01940194019401940194017C019E0163
S3150800ED203D012301A8013D017C017C017C015F01B5
S3150800ED305F015F015F015F015F015F015F017C01A8
S3150800ED407C017C016801B2017C015F015F015F0102
S3150800ED505F015F015F015F015F015F015F015F01A5
S3150800ED605F015F0194014C014C014C01AD013D016D
S3150800ED703D01B7017301560199015F015F015F010A
S3150800ED805F015F0113014C015F015F015F015F01D4
S3150800ED905F015F015F015F015F015F015F015F0165
S3150800EDA05F015F015F015F015F015F015F015F0155
S3150800EDB05F015F015F015F015F015F015F015F0145
S3150800EDC05F015F015F015F015F0178015F015F011C
S3150800EDD05F015F015F015F015F015F015F015F0125
S3150800EDE05F015F015F015F015F015F015F015F0115
S3150800EDF05F015F015F015F015F015F015F015F0105
S3150800EE005F015F015F015F015F015F015F015F01F4
S3150800EE105F015F015F015F015F015F015F015F01E4
S3150800EE205F015F015F015F015F015F015F015F01D4
S3150800EE305F015F015F015F015F015F015F015F01C4
S3150800EE405F015F015F015F015F015F015F015F01B4
S3150800EE505F015F015F015F015F015F015F015F01A4
S3150800EE605F015F015F015F015F015F015F015F0194
S3150800EE705F015F015F015F015F015F015F015F0184
S3150800EE805F015F015F015F015F015F015F015F0174
S3150800EE905F015F015F015F015F015F015F015F0164
S3150800EEA05F015F015F015F015F015F015F015F0154
S3150800EEB05F015F015F015F015F015F015F015F0144
S3150800EEC05F015F015F015F015F01A301B0F5D06FCC
S3150800EED000F0A38011D9B0F5106F00F0A3804FD9C8
S3150800EEE0B0F5406F00F08A805CD9B0F5486F4BD119
S3150800EEF0002101A8F2F76CFB46E0B0F5607F6BD005
S3150800EF000BD9B0F5B06F7ED02FD9B0F5C06F3BD115
S3150800EF10002101A8F2F704FB36E0B0F5007F0AD11C
S3150800EF2002F0E2F804464FF40070F2F7F5FCB4FB81
S3150800EF30F0F4019428E011D9B0F5207F41D0B0F55E
S3150800EF40407F21D102F0F0F804464FF42070F2F722
S3150800EF50E3FCB4FBF0F46408019415E0B0F5C07F57
S3150800EF6012D102F0E1F801900EE0B0F5806F40D0C2
S3150800EF70B0F5A06F08D1002101A8F2F7C3F903E0A4
S3150800EF80B0F5086F5DD002D9019802B010BDB0F592
S3150800EF90E06F4CD0B0F5F06FF6D1002101A8F2F77A
S3150800EFA06BFBF1E7B0F5206F46D0B0F5286FEBD1D3
S3150800EFB0002101A8F2F73EFBE6E702F095F801907A
S3150800EFC0E2E702F0B1F804464FF42070F2F7A4FC29
S3150800EFD0B4FBF0F40194D7E700216846F2F722FA69
S3150800EFE0009C4FF46070F2F797FCB4FBF0F40194C0
S3150800EFF0CAE7002101A8F2F75FFAC5E7002101A8D0
S3150800F000F2F74EF9C0E7002101A8F2F7DDFBBBE7EE
S3150800F010002101A8FFF725FEB6E7002101A8F2F7AF
S3150800F02023FCB1E7002101A8F2F74AFCACE700216E
S3150800F03001A8F2F7F3FBA7E7002101A8F2F796FA71
S3150800F040A2E7002101A8F2F711FA9DE708B5002901
S3150800F05003DD0121F2F78EFC08BD0021F2F78AFCD8
S3150800F060FAE708B502214FF42070F2F7DFFF08BD72
S3150800F0707047436813F0010F19D0836813F0010F26
S3150800F08003D0036913F0010F09D00A238363436D84
S3150800F09013F0500FFBD1836C13F0030FFBD100F56F
S3150800F0A0005301225A60436813F0020FFBD17047E0
S3150800F0B008B5F9B10A4600F580530121596002F0F6
S3150800F0C00F01436DC3F30B03002BFAD18163436D24
S3150800F0D013F07803FBD112F0010F00D0012312F0D0
S3150800F0E0040F01D043F00203826C02F003029A4235
S3150800F0F0FAD108BDFFF7BDFFFBE7836C13F0400F9D
S3150800F100FBD04164704708B500231A46F3F70EFF93
S3150800F11008BD08B500231A46F3F708FF08BD70B501
S3150800F12005460E46144602F002F92B685C40344048
S3150800F1305C402C6002F0F6F870BD036B13F0010F0B
S3150800F14003D0036913F0400FF7D1704738B5054669
S3150800F1500C46FFF7F2FF05F5005301221A632B6BE5
S3150800F16013F00203FBD161882279120242EA814236
S3150800F170A17A0A43617800293CD040210A43E17A02
S3150800F180002939D080210A43217B002936D0202145
S3150800F1900A43617B002933D010210A43A17B89B336
S3150800F1A008210A43E17B79B34FF400610A43A17948
S3150800F1B061B34FF480310A43E17949B34FF4003122
S3150800F1C00A436A6005F580520121116322780AB95B
S3150800F1D00222EA6000226A62217A627A42EA81029F
S3150800F1E0617901B110231343AB6023780BB1012376
S3150800F1F0EB6038BD1946C1E71946C4E71946C7E7A3
S3150800F2001946CAE71946CCE71946CFE71946D2E7A1
S3150800F2101946D5E7F8B505460F461646FFF78DFF9A
S3150800F22005F5005301221A632C6B14F00204FBD176
S3150800F230B379F2796AB34FF480121343727A52B3F0
S3150800F24010221343F27A43EAC243FA1C5201AB5026
S3150800F250337A13BBFB1C5B01EA58EA5005F5805369
S3150800F26001221A63327873781B0643EA8263F278BE
S3150800F27043EA0233327943EA8223727943EA022364
S3150800F280B27A02B104242343033705EB47156B60B2
S3150800F290F8BD2246D1E72246D3E71346AA58317B62
S3150800F2A042EA4142EA50337B013B18BF0123B27858
S3150800F2B039462846F4F7B8F8D0E738B5054614466F
S3150800F2C00B4631B1013B6400B3FBF4F31B02EB615F
S3150800F2D038BD4FF42070FFF7E9FC0346F2E700F566
S3150800F2E0805301225A60CB43934003F00A034361DB
S3150800F2F0416111B900F500504260704738B50546BE
S3150800F3000C46F4F723F905F5805301225A60AA68DA
S3150800F310238A43F00103A17B002934D04FF480618E
S3150800F3200B431343AB60AB68227D002A2DD04FF008
S3150800F33000521343AB60A37C4BBB237B43F480533F
S3150800F340EB60A26861682846FFF7B7FF637B0BB1DD
S3150800F35010236B61637D1BB1AB6843F48033AB60EC
S3150800F360A37D1BB1AB6843F40043AB60E37D1B0789
S3150800F37003F0E043227E120502F4E0021343AB6574
S3150800F38023786B6138BD0021CAE70022D1E7E17C0A
S3150800F3902846F4F7CBF8D0E770B504460E460D7844
S3150800F3A000230B70FFF7AAFFB38B96F820201343B0
S3150800F3B0B27F7AB110221343F27F6AB1082213434F
S3150800F3C096F8212052B10222134343F001036365E4
S3150800F3D035B970BD0022EEE70022F0E70022F3E718
S3150800F3E029462046FFF77BFFF3E74369002B11DB2D
S3150800F3F061B9436A13F0010FFBD100F500530122EE
S3150800F4005A60436813F0020FFBD1704700F580502D
S3150800F410012343607047436813F0010F00D170471A
S3150800F42010B5044601F08CFF636A13F0010F01D191
S3150800F4300123E36001F07FFF10BD002303627047DC
S3150800F44038B505460C46436853B16B6A002BFCD1A8
S3150800F45005F5005301225A606B6813F0020FFBD1C1
S3150800F4606378002B35D02023A278002A33D00122D6
S3150800F4701343E2788AB30222134322797AB3042229
S3150800F480134362796AB308221343A2795AB3102246
S3150800F4901343E2794AB34FF400721343227A32B324
S3150800F4A04FF480621343627B1AB34FF4807213439E
S3150800F4B0E27A43EA0263227B43EA0273A27A43EAC8
S3150800F4C00243AB6021782846FFF78FFF637A93B92A
S3150800F4D038BD0023C8E70022CAE70022CCE700228D
S3150800F4E0CEE70022D0E70022D2E70022D5E70022A5
S3150800F4F0D8E70022DBE72846FFF79FFFE8E770B565
S3150800F50005460E46144601F012FF2B685C4034404F
S3150800F5105C402C6001F006FF70BD00B500F0FC0EE3
S3150800F5200022032A0DD8131803F00303734421FAA3
S3150800F53003FC1CF0010F02D00132D2B2F1E71846E3
S3150800F54001E04FF0FF305DF804FB0020704708B576
S3150800F550002101F053FA002008BD09B121207047A7
S3150800F56008B5FFF7F4FF08BD08B501F05AFB08BD5A
S3150800F57008B500F001F808BD0020704708B5F4F793
S3150800F58057FB08BD08B540B2F4F792FB08BD08B5AD
S3150800F590F4F7B0FB08BD08B5F4F79EFB08BD08B53F
S3150800F5A0FFF7F0FF08BD70B50C461546034630B1A7
S3150800F5B05E684EB12A4621461868B04770BDF4F712
S3150800F5C0F1FB03460028F3D12320F7E72DE9F041A4
S3150800F5D082B00E4617461C46054670B18CB195B1E9
S3150800F5E0D5F80C80B8F1000F0FD023463A463146BD
S3150800F5F02868C04702B0BDE8F081F4F7D3FB05469A
S3150800F600ECE701ACEBE72320F4E72320F2E700B5AB
S3150800F61083B08DF8071001220DF10701FFF7C3FF2C
S3150800F62003B05DF804FB03280BD8DFE800F0020DF1
S3150800F6300407002070474FF4805070474FF440503D
S3150800F64070474FF4805070474FF400507047D0F819
S3150800F650A0301B689A6C12F0800F03D0DB6B0B701E
S3150800F660002070471B20704738B50446D0F8A030F4
S3150800F6701D68AB6C13F0400FFBD000231A4694F8B4
S3150800F680A91094F8A800F3F787FD00231A4694F802
S3150800F690AB1094F8AA00F3F77FFD94F8B03013F096
S3150800F6A0010F12D194F8B03013F0020F16D105F5F8
S3150800F6B0005304221A6500212846FFF7F9FCD4F8FE
S3150800F6C0A40001F04EFE002038BD00231A4694F827
S3150800F6D0AD1094F8AC00F3F75FFDE3E700231A4694
S3150800F6E094F8AF1094F8AE00F3F756FDDFE708B5C7
S3150800F6F0D0F8A0301868FFF700FD002008BD704755
S3150800F70000207047FEE74FF400534B600020704717
S3150800F71001207047012070474FF0FF3070470020E6
S3150800F720704700B583B00020019001ABFFF74EFF8C
S3150800F730019810B103B05DF804FB4FF0FF30F9E70C
S3150800F74010B514460020FFF72EFF204610BD80F89E
S3150800F7509510704790F89500704710B582B004462A
S3150800F7600DF10701007D01F073FD9DF807303BB1EF
S3150800F770206DA26CE36C134483420BD002B010BD1B
S3150800F780237D03EB43031B0103F1A04303F5802309
S3150800F790D86EEEE71046F1E710B50446FFF7DDFF31
S3150800F7A0236D834201D2C01A10BDA26CE16C0A44D3
S3150800F7B0D01AF9E738B50446007DF1F7F5FC20467E
S3150800F7C0F4F752FC0546207DF1F70EFD284638BDB4
S3150800F7D0F8B50446FFF7EEFF00B1F8BD01F0B0FD3D
S3150800F7E00646207DF1F7E0FC2046FFF7B6FF451EEA
S3150800F7F0A36CAB4202D9E56C013D1D4494F85470E4
S3150800F800207DF1F7F1FCCFB92B46D4F898209A421F
S3150800F81012D01A78112A09D0132A07D0013BA26CF4
S3150800F8209A42F2D9E36C013B1344EEE7112A14BF5E
S3150800F8300022012284F89C20C4F89850304601F032
S3150800F8407AFDCAE72DE9F84304460F46154690F8AF
S3150800F850959000264FF0010802E094F89C304BB9C9
S3150800F860AE421FD294F89630002BF6D02046FFF70A
S3150800F870AFFFF2E7B9F1000F02D03B780A2B09D0A7
S3150800F880236E5B68397820469847804650B9013719
S3150800F8900136E5E7236E5B680D21204698478046CA
S3150800F8A00028EDD04046BDE8F88308B590F89430B6
S3150800F8B01BB9FFF7C7FF002008BD0E20FCE790F82C
S3150800F8C09430DBB170B504460D460B69B3F5006F8D
S3150800F8D016D801F035FD06466C6194F88C304BB1AC
S3150800F8E0294604F19000FFF778F9304601F023FD28
S3150800F8F0002070BD2846F4F7D9FBF6E70E207047BE
S3150800F9002120F6E730B583B0144692F8543033B167
S3150800F910936D0BB1D06D9847002384F8543094F852
S3150800F920963023B9002084F8540003B030BD204631
S3150800F930F4F772FB0028F5D0236E5B681321204686
S3150800F9409847002507E0112B14BF0023012384F8EC
S3150800F9509C300135EDB20F2D0DD8236E1B680DF1C5
S3150800F96007012046984730B99DF80730112BEAD091
S3150800F970132BEED1E7E72046F4F7CCFBD2E72DE9C7
S3150800F980F04F83B090464AB104460D46002966D02A
S3150800F990FFF710FF814628B14FF00008404603B034
S3150800F9A0BDE8F08F2046FFF7F7FE4746804528BF9B
S3150800F9B0074694F896A0BAF1000F48D001F0C0FCAB
S3150800F9C00190266D2046F4F727FB8346B8460022A9
S3150800F9D011E00133C4F89830D14612E008F1FF3837
S3150800F9E0B9F1000F05D0112B14BF0023012384F8A9
S3150800F9F09C3001320136BA420BD2D4F89830B34261
S3150800FA00E7D03378112BE9D0132BE7D005F8013B63
S3150800FA10EFE7D4F89810A26CE36C1344994213D01C
S3150800FA20019801F088FC39462046F4F725FC94F83D
S3150800FA309630002BB2D0BBF1000FAFD0236E5B68B7
S3150800FA40112120469847A9E7C4F89820E8E73A46DE
S3150800FA50216D284600F0FEFCB846D346E3E74FF092
S3150800FA6000089BE72DE9F04180460F4616461D46DD
S3150800FA7000232B602968721A39444046FFF77FFF36
S3150800FA80034620B12C681C442C60B442F2D32B6880
S3150800FA9013B10020BDE8F0811B20FBE710B5144622
S3150800FAA05069002380F88C309030FFF79EF808B133
S3150800FAB0F4F7FCFA63681BB1A26800212046984750
S3150800FAC0002010BD50B138B5056801F039FC002496
S3150800FAD0AC65EC6501F02FFC204638BD2220704746
S3150800FAE038B5056895F894303BBB0446FFF7EAFF3E
S3150800FAF0F4F758F984421CD02B6E93F91000F4F7EA
S3150800FB001BF92B6E93F91000FFF741FD287D01F0D4
S3150800FB107FFB287DF1F7C0FAF1F798FA00232360F6
S3150800FB206360E3606361A3612B6EDB6828469847D0
S3150800FB3038BD0020F4F72AF9DEE70F20F8E701F0D0
S3150800FB400303DB004FF0FF0C0CFA03FC07290ED861
S3150800FB5010B54FEA910E0EF10C0150F821409A406B
S3150800FB60624002EA0C02624040F8212010BD70474C
S3150800FB7008B5F4F7EBFC08B5FFF7FAFF08BD7047C0
S3150800FB80704708B500F003FA00F006FA00F01BFA11
S3150800FB9000F006FA00F00AFA08BD08B5F4F754FDB5
S3150800FBA0FFF7EDFFF4F7D6F8F4F756F8FFF7E6FC9B
S3150800FBB0F4F76AF8F4F7F0FCFFF7E2FF00F006F84E
S3150800FBC000F0E9F9FFF7DDFF08BD704708B500F05A
S3150800FBD0DAF900F0D9F900F0D8F900F0D7F9FFF70B
S3150800FBE0F4FF08BD08B500F0E2F900F0E1F900F00D
S3150800FBF0E0F900F0DFF908BD9A4200D28854704750
S3150800FC0070470146002008E000EB8000531C0B609B
S3150800FC10137803EB4003A3F130000A681378303BEE
S3150800FC20DBB2092BF0D970472DE9F04F83B00546B2
S3150800FC300E4693461F46DDF830A00D9CDDF8389039
S3150800FC400F9B13F0030F19D1A0460192C84509D29C
S3150800FC5002F1010B3B4631462020A84708F101086E
S3150800FC605A46F3E7DDF804B008E0013C02F1010862
S3150800FC703B4631461AF80400A8474246002CF4D100
S3150800FC800F9B13F0020F03D1104603B0BDE8F08FA7
S3150800FC90A2EB0B034B45F7D2541C3B4631462020BA
S3150800FCA0A8472246F4E72DE9F04385B099460C9D0E
S3150800FCB00D9C9DF83880DDF840E0119F129E16F0E5
S3150800FCC0020F21D17FB116F0010F0CD0B8F1000F49
S3150800FCD002D116F00C0F06D0013F04E04FF0300CAD
S3150800FCE005F804C00134744501D21F2CF6D916F064
S3150800FCF0010F09D0BC4207D21F2C05D84FF0300C93
S3150800FD0005F804C00134F2E716F0100F14D016F403
S3150800FD10806F04D11CB1744522D0BC4220D00F9B01
S3150800FD20102B36D00F9B022B3ED01F2C0ED84FF02F
S3150800FD30300C05F804C001341F2C07D8B8F1000FA1
S3150800FD403AD04FF02D0C05F804C0013403960297FB
S3150800FD50019400954B46FFF767FF05B0BDE8F083B1
S3150800FD60B4F1010C13D00F9B102B0ED064460F9BD9
S3150800FD70102BD7D116F0200FD4D01F2CD2D84FF085
S3150800FD80580C05F804C00134CFE7023CC7E76446BF
S3150800FD90C5E716F0200FEAD11F2CE8D84FF0780CEB
S3150800FDA005F804C00134C0E71F2CCFD84FF0620C09
S3150800FDB005F804C00134B8E716F0040F05D04FF073
S3150800FDC02B0C05F804C00134C0E716F0080FBDD0A7
S3150800FDD04FF0200C05F804C00134B7E7F0B591B030
S3150800FDE0169C189D1B9E0CB926F0100616F4806EFC
S3150800FDF016D064B34FF0000E12E00CF1300C5FFA27
S3150800FE008CFC0EF101070EF1400EEE440EF820CCE4
S3150800FE10B4FBF5FCAC421BD31F2F19D8BE4664466B
S3150800FE20B4FBF5FC05FB1C4C5FFA8CFCBCF1090F16
S3150800FE30E3D916F0200F08D04127BC445FFA8CFCA2
S3150800FE40ACF10A0C5FFA8CFCDBE76127F5E727467D
S3150800FE5006961A9C0594199C049403959DF85C4093
S3150800FE600294019708AC0094FFF71DFF11B0F0BD8E
S3150800FE702DE9F04F95B009900A910B929846DDF856
S3150800FE8078B0DDF87C90229D239F269E5BEA0902C6
S3150800FE9001D126F0100616F480641ED05BEA09022A
S3150800FEA02FD0002419E03032D3B204F1010A04F14C
S3150800FEB050020DEB020404F8203C2A463B465846FD
S3150800FEC04946F8F78BFEAB4579EB07091BD3BAF120
S3150800FED01F0F18D85446834689462A463B46584635
S3150800FEE04946F8F77BFED2B2092ADCD916F0200F6C
S3150800FEF005D041231344DBB20A3BDBB2D5E76123C5
S3150800FF00F8E74FF0000A0696259B0593249B049371
S3150800FF1003959DF880300293CDF804A00CAB0093AE
S3150800FF2043460B9A0A990998FFF7BDFE15B0BDE836
S3150800FF30F08F00B9704708B500F001F808BD08B59C
S3150800FF4001460020FFF763FB08BD0220704738B55D
S3150800FF500546F8F711F804462846F8F7D3F828B105
S3150800FF6024B1D4F80C116088F7F776FC38BD10B5C3
S3150800FF70F6F7C6FE0446F6F7B7F92046F6F70AF985
S3150800FF8010BD70477047704770477047704708B58F
S3150800FF90FFF7EEFA08BD704708B5F0F7FFFD08BD94
S3150800FFA008B5F3F791FC00F031F808BD70477047C3
S3150800FFB070477047704708B500F00BF808BD08B5DC
S3150800FFC0F4F7F6FF08BD08B5FFF7F5FFFFF7F7FFEB
S3150800FFD008BD08B5F5F714F808BDFEE708B5FFF73C
S3150800FFE0FCFF08BD704708B5FFF7FCFF08BD704762
S3150800FFF038B504460D46F3F771FC29462046FFF747
S31508010000F6FF38BD08B5F4F7ADFF08BD08B5F5F735
S3150801001075F808BD08B5FFF7C0FDF4F7E5FEFFF76B
S31508010020E1FDF4F731FFFAE758B190F8802022B1E3
S3150801003090F881301BB101207047012070470020DC
S31508010040704700207047042070470120704701203F
S315080100507047042070470420704708B5F6F750FE2C
S31508010060F6F7EAF8F6F744FE08BD7047704708B593
S31508010070F0F7C8FC08BD0120704770470EB400B5FB
S3150801008082B003AA52F8041B0192F6F7EFFD02B0FB
S315080100905DF804EB03B070470EB400B582B003AA4D
S315080100A052F8041B0192F6F7E1FD02B05DF804EB84
S315080100B003B070470EB400B582B003AA52F8041B08
S315080100C00192F6F7D3FD02B05DF804EB03B0704771
S315080100D00EB400B582B003AA52F8041B0192F6F7D2
S315080100E0C5FD02B05DF804EB03B070470EB400B568
S315080100F082B003AA52F8041B0192F6F7B7FD02B0C3
S315080101005DF804EB03B070470EB400B582B003AADC
S3150801011052F8041B0192F6F7A9FD02B05DF804EB4B
S3150801012003B070470EB400B582B003AA52F8041B97
S315080101300192F6F79BFD02B05DF804EB03B0704738
S315080101400EB400B582B003AA52F8041B0192F6F761
S315080101508DFD02B05DF804EB03B070470EB400B52F
S3150801016082B003AA52F8041B0192F6F77FFD02B08A
S315080101705DF804EB03B0704708B5F6F75FFB08BDF9
S3150801018001207047704700B583B00020F5F716F8CF
S315080101904FF0FF324FF0FF33CDE9002300F093FC17
S315080101A0F7F736FBF7F7FEFCF7F712FA03B05DF837
S315080101B004FB70B5044616461D46F7F74DFD324653
S315080101C02B462046F7F77EFA70BD08B50020F4F7EE
S315080101D0F5FF00F0C5FB022801D9012008BD002062
S315080101E0FCE708B500F01FF8FFF7EFFF00B108BDFF
S315080101F0F7F7B6F9FBE738B505460C468A888968E4
S3150801020000F028F9E16831B16288A088121A92B221
S31508010210284400F01FF938BD1420704708B500219D
S31508010220F7F7E2FB08BD10B582B0FFF7CEFF18B1AC
S315080102300024204602B010BD0446002301934FF066
S31508010240FF330093694601A8F7F7A2FE019B002B2D
S31508010250EFD00098FFF7E2FF0446EAE708B503681E
S31508010260984708BD70B50646002400E00134336896
S315080102709847A0420FD97368204698470546B36840
S3150801028020469847002DF1D00028EFD00146284690
S31508010290F6F726F9EAE770BD08B5F7F753FD08BD85
S315080102A008B5F6F7D7FA08BD0320704708B5F7F77A
S315080102B01FFEF7F7BDFD08BD08B5F6F7BFFA08BD7D
S315080102C090F8040180F00100704708B5FFF7BBFEFE
S315080102D0042801D0002008BDFFF7B9FE08B1102097
S315080102E0F9E70820F7E738B32DE9F8430D46144630
S315080102F0814619B312F0010702D00020BDE8F88340
S31508010300FFF7A1FE8046022803D0042818D13E46ED
S315080103100EE022464946284600F09CF80120EDE702
S3150801032059F80600F7F728FF25F81700013746445C
S31508010330A642F5D30120E1E7002070470020DDE75A
S315080103400020DBE7002302789A4211D910B44468E9
S3150801035004EBC30100224A8004F83320CA800A71DB
S315080103600133DBB202789A42F1D85DF8044B704743
S3150801037070472DE9F04F85B08246019102921F46DA
S315080103804FF0000B26E00135BD421DD29AF8003028
S3150801039005FB03834FEA001B5FFA8BFB09F1040196
S315080103A0019A32F91300F7F737FF4BEA000B5FFAA8
S315080103B08BF00134E4B2012CE5D9029B98559AF8E1
S315080103C000301E440024DEE7DDF80CB00BF1010B0A
S315080103D05FFA8BFB9AF800305B450FD9DAF80430DF
S315080103E0D84603EBCB09D9F8040043F83B005E462F
S315080103F000252C462846CDF80CB0C5E705B0BDE862
S31508010400F08F2DE9F8430746884614460026D4E9B5
S315080104100195B9F1010905D52468002CF7D13046B3
S31508010420BDE8F883AB89012B07D9B5F90E3001333D
S3150801043003D029463846C04706436835E9E70244EA
S315080104400346934200D1704703F8011BF9E7704749
S31508010450704770470A44431E914200D1704710B550
S3150801046011F8014B914203F8014FF9D110BD03462A
S3150801047013F8012B002AFBD1181A0138704710F816
S31508010480012B11F8013B012A28BF9A42F7D0D01A4D
S315080104907047062008B5F9F7D1F90120FFF732F9B7
S315080104A09368013B002B936010B408DA9469A34260
S315080104B001DB0A2903D15DF8044B00F07AB9136808
S315080104C0581C1060084619705DF8044B7047F8B55A
S315080104D006460F461446D518AC4201D1002007E05E
S315080104E03A4614F8011B3046FFF7DAFF431CF3D1ED
S315080104F0F8BD2DE9F047164698468A6807460B69FE
S315080105000C46DDF820909342B8BF1346336091F844
S3150801051043200AB1013333602368990642BF336821
S3150801052002333360256815F0060506D104F1190A68
S31508010530E36832689B1AAB422BDC94F84330226895
S31508010540003B18BF0123920630D404F14302414609
S315080105503846C847013023D023681A3454F80A2C80
S3150801056003F00603042B0ABF54F80E5C0025336812
S315080105704FF0000608BFED1A54F8123C08BF25EAE9
S31508010580E5759342C4BF9B1AED18B5421AD10020EE
S3150801059008E00123524641463846C847013003D18F
S315080105A04FF0FF30BDE8F0870135C1E7E1185A1C65
S315080105B030200233224481F8430094F8451082F82A
S315080105C04310C2E70123224641463846C84701304F
S315080105D0E6D00136D9E7B1F90C202DE9F041170724
S315080105E005460C4656D44B68002B02DC0B6C002BD7
S315080105F03DDDE66A002E3AD0002312F480522F68B8
S31508010600216A2B6025D0626DA389580705D56368D1
S31508010610D21A636B0BB1236CD21A216A0023E66ADC
S315080106202846B047411C24D0002363602369236010
S31508010630A389DA0400D56065616B2F60B9B104F14D
S315080106404403994202D02846F9F734F90023636333
S315080106500DE001232846B047461C0246D4D12B6833
S31508010660002BD1D01D2B01D0162B2AD12F600020AB
S315080106702EE02A68B4F90C3042B11D2A01D0162A97
S3150801068021D10023636023692360D5E7626022696B
S315080106902260CEE70F69002FE9D093070E680F6035
S315080106A00CBF4B690023A6EB07088B60B8F1000F56
S315080106B0DDDD43463A46216A2846A66AB047002840
S315080106C008DCB4F90C3043F040034FF0FF30A38146
S315080106D0BDE8F0810744A8EB0008E7E738B50B69E0
S315080106E005460C4613B90025284638BD18B1036AD4
S315080106F00BB9F8F7BFFCB4F90C30002BF3D0626ED6
S31508010700D00704D4990502D4A06DFFF7A1FE2846A7
S315080107102146FFF760FF636E0546DA07E4D4A3892D
S315080107209B05E1D4A06DFFF794FEDDE710B50C46F5
S31508010730B1F90E10F9F770F80028ABBF636DA389FC
S315080107401B1823F48053ACBF6365A38110BD2DE943
S31508010750F0411F468B8905460C46DB05164605D52D
S3150801076002230022B1F90E10F9F744F8A38932469B
S31508010770B4F90E10284623F48053A3813B46BDE8FD
S31508010780F041F9F785B810B50C46B1F90E10F9F72D
S3150801079031F8431CA38915BF606523F4805343F4DC
S315080107A08053A38118BFA38110BDB1F90E10F8F7C4
S315080107B0EFBFF8B50E461446054618B1036A0BB9DC
S315080107C0F8F758FCA369A360A3891A0701D5236919
S315080107D043B921462846F8F785FF18B14FF0FF3788
S315080107E03846F8BD2368F6B222693746981A63690E
S315080107F0834205DC21462846FFF770FF0028EDD124
S31508010800A368013BA36023685A1C22601E70431C1F
S3150801081062699A4204D0A389DB07E1D50A2EDFD1A2
S3150801082021462846FFF75AFF0028D9D0D6E770B5E2
S315080108300C46B1F90E1096B0154600291E460CDA7B
S31508010840A389002113F0800F14BF40234FF480635E
S31508010850002031602B6016B070BD6A46F8F7A8FF14
S315080108600028EDDB019901F47041A1F500535942C5
S3150801087059414FF48063EBE78B89F7B59D07064627
S315080108800C4607D504F147032360236101236361FD
S3150801089003B0F0BD01AB6A46FFF7C9FF009F0546E5
S315080108A030463946F8F76EFD48B9B4F90C309A0561
S315080108B0EED423F0030343F00203A381E2E7A389FD
S315080108C0206043F08003A381019BC4E904075BB15F
S315080108D0B4F90E103046F8F77DFF28B1A38923F045
S315080108E0030343F00103A381A3891D43A581CFE730
S315080108F01F2938B505460C4604D9162303604FF05F
S31508010900FF3038BDC26B12B152F821304BB92846B7
S3150801091000F016F8224601462846BDE83840F8F7A1
S3150801092095BF012B0AD0591C03D116230360012058
S31508010930E7E70021204642F8241098470020E0E71F
S31508010940FEF7E6BEC9B20346024410B593421846FD
S3150801095001D1002003E0047801338C42F6D110BDA1
S31508010960FAF792BB00F0A5BA7047431E012B03D9CB
S31508010970031F584258417047012070474FF4D872F7
S315080109800021FFF75CBD70B50446FAF799F90546EB
S31508010990A8B9A169F1B1238AD3B1204604F110029D
S315080109A000F053FA38BBE16919B3638AA3B120464B
S315080109B004F1120200F01EFA78B1054603E000239D
S315080109C0A3612361E361002328466361236270BD45
S315080109D0A061E8E72082E6E7E361216A0029F2D00F
S315080109E0A28A002AEFD02046E38ABDE8704000F0CB
S315080109F0C0B96182F1E76582E561DEE7F9F7C6BA52
S31508010A0010B50C461146F9F7E7FAFAF73DFB012846
S31508010A1001D1002010BD002CF7D10520FAE7F8B561
S31508010A2006460D46F8F7DCFFD8B94FF6FF734FF0C7
S31508010A30240CEF68C1B28F4208D81C4621463046BD
S31508010A40F9F750F900F09AFA2046F8BDAA680CFBA6
S31508010A500122D4899C4202D2002CEFD023460130D0
S31508010A60E8E70024F0E7C08D70470A7838B50546EF
S31508010A701046FFF77AFF60B14C782046FFF775FFFD
S31508010A8038B12243530704D42846BDE83840F9F75C
S31508010A9073BC212038BDFFF7E8BF10B504460878B6
S31508010AA0FFF763FF58B14A781046FFF75EFF30B18A
S31508010AB0042A04D02046BDE81040F9F77BBC212062
S31508010AC010BDFFF7EABF00F0CCB808B5F8F780FF0C
S31508010AD018B1BDE80840FCF77DBC08BD70B50446F1
S31508010AE000200E4600F046FAD4F8F0503DB1002336
S31508010AF031462046AC46BDE870401A4660472B464B
S31508010B00012231462046F9F75DFD284670BD38B504
S31508010B10044648880D4600F02DFAD4F8F0302BB972
S31508010B2029462046BDE83840F9F75EBC022038BDA3
S31508010B3000F022BA00F0D2B8FBF7ECB9D0F8F00011
S31508010B40003818BF0120704738B504460D4600F035
S31508010B50EEFB0023C4F89050C4F88C30BDE8384049
S31508010B6000F0E0BB38B505460C4600F0E0FBD5F8C9
S31508010B7090301C40D5F88C302343C5F88C3000F0F2
S31508010B80D1FB211E18BF01210020490238BD13B52A
S31508010B900B7804468DF800308B788DF801304B7848
S31508010BA08DF80430CB7869468DF8053000F0ABF83E
S31508010BB018B9204601A9F9F729FE02B010BDF9F7BF
S31508010BC02DBF3F2B10B502D80024204610BDB3F522
S31508010BD0805F9BBF4FF00044B3FA83F34FF4805410
S31508010BE0DC4098BFA4B2A242134628BF2346224638
S31508010BF000F0BFF80028E7D1E7E700F0FBB8FAF7FD
S31508010C0041BEFAF745BD0346408A18B1188A00382D
S31508010C1018BF0120704700F0BAB9002070470020BC
S31508010C207047013001D1FBF779BC21207047704725
S31508010C30D0F8943003F06003402B0DD0602B03D01D
S31508010C40203B58425841704749B10B68012B06D9D8
S31508010C50486940F00100704740F2011070470020D2
S31508010C607047F7B504461046D4E954C7DDE90826A6
S31508010C708CEA020587EA06010540194085EA0C0552
S31508010C807940C4E95451002523F4004106EA0103D9
S31508010C9020F0010043F40073024043F00203CDE95A
S31508010CA00055FCF75BFE94F824309A0713D5D4F85F
S31508010CB054319B050FD54FF488112046FFF752FF93
S31508010CC094F82430024665F3410384F8243020461B
S31508010CD00B46F9F749F9002003B0F0BD0346D0F8F1
S31508010CE030010860B3F8343100208B80704790F8E2
S31508010CF030310C2B14BF90F82B00FF2070474FF4AE
S31508010D008071FDF723BF4A7810B5012A1AD80B78E6
S31508010D10012B17D890F82540E40700D582B9012B95
S31508010D2010D00B88A0F8F4304B7833B94FF03A431A
S31508010D3041F6FF721A63002010BDF9F7B1F8FAE718
S31508010D400E20F9E72120F7E738B54FF03A43054673
S31508010D50DC6A808AC4F30C04A04234BF0020012057
S31508010D6041F66A020821F9F75BF8A88A001B80B2E6
S31508010D7038BD2DE9F041884618F0030706461546A1
S31508010D80194633D1B2F5805F30D89A422ED33F2A1D
S31508010D9028D9B2FA82F401220120C4F11F03DBB279
S31508010DA09A4092B2AA422CBFC4F11904C4F11A049A
S31508010DB0E2B2931DDBB2984080B2A84214D096F8ED
S31508010DC0F530ABB9012096F8253060F3000386F8B3
S31508010DD025304046FAF706FBC6F82080B582384624
S31508010DE0BDE8F0813A46EAE70020ECE72127F6E775
S31508010DF00E27F4E7F8B511F0030607460D46144623
S31508010E0021D102B313883F2B1DD9B3FA83F3C3F15A
S31508010E101901C9B2062901D8192B12D0062928BFEA
S31508010E20062101238A1DD2B293402846238000F069
S31508010E308CF823883846FD617B82FAF7E5FB304654
S31508010E40F8BD3146EDE72126F9E738B5148811F0E2
S31508010E5003054FEAC4041ED13F2C1CD9B4FA84F405
S31508010E60C4F11903DBB2052B01D8192C11D0052BB6
S31508010E7028BF052301240633DBB204FA03F3C3F3BF
S31508010E80CF041480816104824387FAF7BDFB2846A3
S31508010E9038BD2B46EEE72125F9E710B51446084675
S31508010EA00121FBF745FC2046BDE810400121FBF76F
S31508010EB03FBC10B50023F9F789FF044608B9FCF7CA
S31508010EC08DFF204610BD8021FDF740BE10B50446B2
S31508010ED0F9F776F801462046BDE81040F9F776B8E5
S31508010EE070472DE9F74F01251C469DF83030064617
S31508010EF001930368174603F0070306339D4005F17E
S31508010F00FF380B46A1B1416804EA080BA5EB0B0AA9
S31508010F1041F00059524509EB0B0114D952461846BE
S31508010F20FFF798FA49467A1B5A445044FFF792FA52
S31508010F30019B2BB13C4448EA050804EA0804F4601D
S31508010F4003B0BDE8F08F1846F0E74FF03A430122A7
S31508010F505A6741F6FF72D96418651A67704737B53B
S31508010F60002514460095FFF7BCFF204603B030BDA7
S31508010F70FAF74AB80020704700207047704710F00A
S31508010F80FD0F14BF4FF0FF300020C0B2704708B5FF
S31508010F90FBF786F9BDE80840FBF79AB938B5044668
S31508010FA0FFF7F5FF0546FFF7F2FF431BA342FAD306
S31508010FB038BD08B521B19200FFF74CFA002008BDEB
S31508010FC02120FCE700F06F43B3F1804F02D0B3F163
S31508010FD0204F02D120F07040704700F06043B3F112
S31508010FE0204F08BF20F0805070470B0C23F4805324
S31508010FF0B3F5284FF7B50D468FB2064699B216D006
S315080110004AF60103994214D04AF60203994212D0CC
S31508011010B1F5204F14BF04240324D6F8E0300BB1F0
S31508011020196851B9D6F8DC3093B928680EE000245E
S31508011030F3E70124F1E70224EFE7234668463A4637
S31508011040FBF7CCF9DDE90003002BEBD103B0F0BDCA
S3150801105019680029E9D0234668463A46FBF7BEF9DE
S31508011060DDE90003002BE0D1F0E70204C0F38913A0
S3150801107007D56FEA83536FEA935313F5007F18B2C6
S3150801108006D0A3F1C8006FF4FF739842B8BF18469B
S3150801109070470020FBF7FCBE0120FBF7F9BE0E20C6
S315080110A070477047FDF7A8B8FDF7A6B8FDF7A4B8CD
S315080110B0FDF7A2B808B50846FDF7B6FC08BDFDF769
S315080110C09BB8002070470000034B5868C0F308001E
S315080110D0003818BF0120704700ED00E0014B186881
S315080110E0704700BFF07F002008B50B4B1B6F03F05C
S315080110F00703013B032B09D8DFE803F00B020509B7
S31508011100FFF7ECFF04E0054B186801E0FEE7044829
S3150801111008BD0448FCE700BF00800050F87F0020A6
S3150801112080D54302002D310108B5FFF7DDFF054BD8
S315080111301B6FC3F303330133B0FBF3F0024B1860A3
S3150801114008BD00BF00800050EC7F002000487047B2
S3150801115000B4C40400487047002D3101014B1868DA
S31508011160704700BFF87F00200048704780D54302CA
S315080111701A4B4FF400225A664FF0B4439868C0F3ED
S3150801118004400C2808D8DFE800F009070707070715
S3150801119022181A071C1E2000002070474FF0B4437E
S315080111A09B6803F04073B3F1807F12D0B3F1007FDF
S315080111B011D003B170470A4870470A4870470A4870
S315080111C070470A4870470A4870470A4870470A48EC
S315080111D070470A4870470A48ECE700BF009000507C
S315080111E000093D000024F400C0EA210180BA8C01FF
S315080111F00048E801005A6202405DC60080841E006C
S3150801120040420F00014B1868704700BFF47F002069
S3150801121008B50A4B1B7853B107280AD8084B03EBC4
S3150801122000131B7B3BB1F2F7A7F8002008BD054860
S31508011230FCE70548FAE70548F8E700BF997F00206B
S31508011240C00C0020028000F0018000F0078000F049
S315080112500C4B1B7873B110B50C4607280CD869B12D
S31508011260094B03EB00131B7B53B1F2F797F8207078
S31508011270002010BD054870470548FAE70448F8E715
S315080112800448F6E7997F0020C00C0020028000F090
S31508011290018000F0078000F00C4B1B7873B110B584
S315080112A00C4607280CD869B1094B03EB00131B7BC5
S315080112B053B1F2F78DF82060002010BD054870473C
S315080112C00548FAE70448F8E70448F6E7997F002055
S315080112D0C00C0020028000F0018000F0078000F0B9
S315080112E0B8B1036803F03F00C3F3821213F4E07F39
S315080112F003D0012A0FD1094A00E0094A31B102F5A2
S3150801130080520123834013600020704702F5005282
S31508011310F7E70E2070470E20704700BF688000501F
S315080113206480005010B962B6BFF36F8F7047EFF350
S31508011330108072B6704780F31188BFF36F8F7047BC
S31508011340EFF31180302383F3118870474FF400407F
S3150801135070474FF47A70704708B50121FFF7C0FF4F
S3150801136008BD08B50021FFF7BBFF08BD0000000056
S31508011370000000000000000000000000000000005E
S31508011380F8B500BFF8BC08BC9E467047F8B500BF63
S31508011390F8BC08BC9E4670471E000003A0BB0D00A2
S315080113A0C07A1000001F408240420F00C07A100028
S315080113B020D613003A1F41A20000000020D61300D0
S315080113C0905817003A1F42A20000000090581700D3
S315080113D040771B003A9F43B60000000040771B0088
S315080113E070CE2000001F408180841E0070CE200030
S315080113F040AC27003A1F41A10000000040AC27007D
S31508011400108A2E003A1F42A100000000108A2E0001
S3150801141080EE36003A9F43B50000000080EE3600A4
S31508011420E09C4100001F408000093D00E09C41000E
S3150801143080584F003A1F41A00000000080584F0015
S3150801144020145D003A1F42A00000000020145D0030
S31508011450C0047700009F43B4C0CF6A00C004770078
S31508011460408995003A9F44B40000000040899500E0
S31508011470C00DB4003A9F45B400000000C00DB40089
S3150801148000BADB00009F66B4405DC60000BADB0007
S3150801149080730601009F67B40024F4008073060177
S315080114A020992C01009F68A8C0EA210120992C01E6
S315080114B0C0286B013A9F89B800000000C0286B015B
S315080114C060EDB501009F8AB880BA8C0160EDB5015F
S315080114D080011302009FABB80048E801800113029E
S315080114E080138D02009FCCA880D5430280138D02FC
S315080114F0805A1303009FEDAC006CDC02805A13037B
S3150801150020289B03009FEEBC007E560320289B03E0
S31508011510C0C95304009FEFBC0090D003C0C953044F
S3150801152000B4C404009FF0CC00B4C4040002010056
S31508011530000800B4681501080100000F48150108E4
S31508011540000000000000000006FF6CFFA1FFBCFFC1
S31508011550CDFFD8FFE0FFE6FFEAFFEEFFF0FFF3FF5E
S31508011560F4FFF6FFF7FFF7FFC800AEFEB400E80880
S315080115707F8DFBFF4E0002036349FFFF2C00AF017D
S31508011580EFE5FFFF1B00FF00E61A00001100A700A8
S31508011590DA2800000A0062001528000006003B0050
S315080115A0A821000003000B00A10E0000012600007F
S315080115B00400000000000000000100000000000017
S315080115C00B0000000C0000000300000000002020B2
S315080115D000000000020000003C3C3C000000000046
S315080115E000000000000000000103100101090300CA
S315080115F01E000000160000001A0000005600000038
S31508011600110000000000015B15000000FC1501082F
S31508011610050000000000000000C2010000020000F1
S31508011620001000000000000000000000000000009B
S31508011630050000000000000080250000800200006F
S31508011640001000000000004000000000000000003B
S31508011650666E692B00000000666E69006E616E0099
S31508011660666E692D00000000000000000000F03FD2
S31508011670000000000000244000000000000059405E
S315080116800000000000408F40000000000088C340B1
S3150801169000000000006AF8400000000080842E4126
S315080116A000000000D01263410000000084D7974172
S315080116B00000000065CDCD41696E7374000000001D
S315080116C00A0A0A4170706C69636174696F6E205306
S315080116D0746172740A0A0A006170705F70726F63CE
S315080116E06573735F616374696F6E5F72756E73009C
S315080116F06170705F70726F636573735F616374693C
S315080117006F6E5F72756E735F6D61785F6D69637217
S315080117106F735F6265747765656E5F72756E730068
S315080117204E4F4E4500000000494E49540000000046
S3150801173052554E4E494E47004552524F52000000EF
S31508011740554E4B4E4F574E0056524547494E00008F
S31508011750534554414D50455200000000494F5644E7
S315080117604430424F4400000041564444424F44002D
S31508011770444543424F440000445644444C45424F75
S315080117804400000044564444424F440053595352BE
S31508011790455100004C4F434B5550000057444F47A5
S315080117A05F31000057444F475F300000454D340014
S315080117B050494E00504F5200D8160108F01601083C
S315080117C0FC17010800000000D817010801000000F5
S315080117D000000000C01753020000000080AEA58F6C
S315080117E000093D00000000001400FF7F148000205E
S315080117F000000000B01C0108000000000C400200B7
S3150801180001840000004200002040020000000000A0
S315080118100000000030400700000000000000000042
S315080118200000000000000000000000000040000069
S31508011830A007000350400100000000005C400200C0
S315080118400000000000000000A84001000700000099
S31508011850BC40040000000000000000000000000079
S31508011860000000000841040000480000FF4C000089
S3150801187000490000FF4D000020C0011000F80700D4
S3150801188020C00130FE01280124C00110FF0000001C
S3150801189024C001300013000028C00800EC80B303FF
S315080118A043754051A00F00F800400000A8AA0700A0
S315080118B000000000000000000000000054C01000F5
S315080118C0512130000E000DE62A000000080B0C0D10
S315080118D00D00000088C6020060050000BA1000006D
S315080118E000042000041880000B3C2001187C10021B
S315080118F02FFCE0067F000000000000000000000049
S31508011900A8C00500BD4B721511A3180510325476EF
S31508011910980A000000000000CCC004000100000085
S315080119200000000001000A0001002800080001016A
S315080119304407000018000101000000002000010111
S3150801194001A0000040402501000050610000000090
S3150801195010000000000000040FC0820000000020F3
S315080119600000000000000003000000200000000045
S315080119704902F000400800000200000012001400AD
S315080119806FB10000000000008B0D00000000000090
S31508011990110008000000066200000000040A142273
S315080119A032414A4F0000000000000000000000001C
S315080119B00000000000000000000000000000000018
S315080119C00000000000000000000000000000000008
S315080119D0000000000000000000000000E0400101D6
S315080119E00002000010410201331E0500000000003C
S315080119F01C410E0100B0B58C00000000FF048307EE
S31508011A008813C83AFF06660CFF0483078813FF0389
S31508011A10BC200AF0094B52000361A040008DF6551F
S31508011A20A022C841893B4000C003008058410201F9
S31508011A3000000000FFFD000064410D010C010000DB
S31508011A40E853FA0000000040000000000000000012
S31508011A500000000000000000000000000101000075
S31508011A600000000000000000000000000000000067
S31508011A70A44102010000000000000000B04102017B
S31508011A8000000000E09537C0BC41030100000000DA
S31508011A9000003C0069900600D04103015555555593
S31508011AA0E5015F8004006200E041160100000000C4
S31508011AB0DE635E36BF6F07006FEA1600E530CE00BB
S31508011AC0B2B9D90E4B8494045A1FA924DE635E3633
S31508011AD0BF6F07006FEA1600E530CE00B2B9D90E1E
S31508011AE04B8494045A1FA9240000008000000000BA
S31508011AF040000000000000006018004000000000DF
S31508011B00000000003C4201010000000044420301BC
S31508011B1014000000000000000800030468420101E7
S31508011B200000000080420201000000008100000060
S31508011B30984205013F000002FFFF0000FFFF000079
S31508011B40FF030000FFFF0000B4420101000000008E
S31508011B5030430A0140002001A0000000085000019E
S31508011B601F1F1F1F1F1F1F1B18151311100E0D0CEA
S31508011B7045C1872F00000000000000001080010108
S31508011B800300000038800201E4461000010000004D
S31508011B909C8003010000000070780300FFC002006A
S31508011BA0A8800111F0010000A88001310542CB018E
S31508011BB0AC800111F0010000AC800131050A0D006D
S31508011BC0B080020100030002370000019C000102F7
S31508011BD0000C0004D8000302050040AA8801000091
S31508011BE0C0000000EC000112E00F0000EC00013219
S31508011BF00C205111F00001022B0100001001011205
S31508011C0000FF0F00100101320200003150010112DC
S31508011C1000C0010050010132C100A2007401010295
S31508011C2069811B0C7801011200001C007801013240
S31508011C301004E0CF8001011279070000800101320A
S31508011C4002000000840102020000000050000000AA
S31508011C50FC4F01035C1C0108FFFFFFFF1400000095
S31508011C6000008000000000001C1D01080C1D010871
S31508011C7000000000000000000048E80180841E0002
S31508011C800101F800E446500200000000B41C0108F6
S31508011C900000000000000000000000006B841E0028
S31508011CA0000000000000000000000000080000001D
S31508011CB00000000002000000C017530206140000CD
S31508011CC0802FA60405380000A00800000000580966
S31508011CD001040706100A01040707C80A00040807D1
S31508011CE0800B00040808380C000409086108000084
S31508011CF000008A0800000000C709010404032C0B30
S31508011D0001040404920C010405040000B40900004E
S31508011D10B4090000F401000000000000193F0106A3
S31508011D20041001000001010600102700000C000044
S31508011D300000000000000000020200004C444D4172
S31508011D40206C656674207374617274206572726F93
S31508011D50723A2025580A0000414443206C6566748E
S31508011D6020444D4120627566666572202575206E90
S31508011D706F74207374616C65207965742C206F7695
S31508011D80657277726974696E67206F6C64657374BE
S31508011D9020756E7265616420646174610A000000D1
S31508011DA0300000002F55736572732F6D6979616272
S31508011DB06C6F6E2F53696D706C69636974795374AE
S31508011DC07564696F2F76365F776F726B73706163AF
S31508011DD0652F54585F426F6172642F6C6962726134
S31508011DE0726965732F4144432E6300004C444D418B
S31508011DF020726967687420737461727420657272DF
S31508011E006F723A2025580A00444D414452562069BA
S31508011E106E6974206661696C65643A2025580A0002
S31508011E20416C6C6F63617465204572726F723A20FA
S31508011E3025580A00476F74205258204C656674204D
S31508011E40444D41204368616E6E656C3A2025750ADA
S31508011E5000000000476F7420525820526967687461
S31508011E6020444D41204368616E6E656C3A202575A4
S31508011E700A00000053746172746564204C444D4134
S31508011E805F4348414E4E454C5F52585F4C45465458
S31508011E900A00000053746172746564204C444D4114
S31508011EA05F4348414E4E454C5F52585F5249474839
S31508011EB0540A000041444320726967687420444DFE
S31508011EC04120627566666572202575206E6F7420DD
S31508011ED07374616C65207965742C206F76657277E9
S31508011EE0726974696E67206F6C6465737420756EA8
S31508011EF07265616420646174610A0000414443208B
S31508011F0025732062756666657220707265766965E5
S31508011F107720756E617661696C61626C650A00008D
S31508011F204144432025732062756666657220707286
S31508011F3065766965770A000025732073616D706C93
S31508011F40652025753A20253032582025303258200B
S31508011F502530325820253032580A00006C697474CD
S31508011F606C650000626967006C65667400000000B4
S31508011F7072696768740000004144432073616D709B
S31508011F806C652073697A653A2025752062797465CE
S31508011F90730A00004144432073616D706C652061CA
S31508011FA070706561727320746F2062652025732DC8
S31508011FB0656E6469616E0A004144432073616D7000
S31508011FC06C65206170706561727320746F2062653B
S31508011FD02025732D6A75737469666965640A00003C
S31508011FE057616974696E6720666F722041444320A0
S31508011FF07374617274757020627566666572730AA8
S3150801200000000000414443207374617274757020A6
S315080120106C656674206275666665722072656164B0
S31508012020790A000041444320737461727475702003
S315080120307269676874206275666665722072656181
S3150801204064790A004144432073746172747570207F
S31508012050627566666572732076616C69646174651A
S31508012060640A00004445494E495449414C495A4974
S315080120704E47204144430A00524553455454494E5C
S31508012080472055534152540A000000005245534512
S31508012090542055534152540A000000004445494E04
S315080120A0495449414C495A4544204C4546542044D3
S315080120B04D41204348414E4E454C3A2025750A006C
S315080120C04C45465420444D41204348414E4E454CCB
S315080120D03A20257520616C7265616479206672659E
S315080120E065640A004445494E495449414C495A4593
S315080120F04420524947485420444D41204348414EC3
S315080121004E454C3A2025750A0000000052494748B9
S315080121105420444D41204348414E4E454C3A2025D2
S315080121207520414C52454144592046524545440A79
S3150801213000000000414443204C69627261727920B3
S31508012140416C726561647920496E697469616C696B
S315080121507A65642E2044652D496E697469616C69D6
S315080121607A696E670A00000041444320496E697422
S315080121702053746572656F20466C61673A20257530
S315080121800A00000041444320496E697420436F6D7B
S31508012190706C6574650A00006164635F5F646569F4
S315080121A06E6974006164635F5F776169745F666F06
S315080121B0725F737461727475705F76616C6964615C
S315080121C074696F6E00000000444D415F726967686B
S315080121D0745F63616C6C6261636B0000444D415FBF
S315080121E06C6566745F63616C6C6261636B000000A9
S315080121F06164635F5F6C646D615F696E6974000039
S315080122006164635F73616D706C65735F7265636545
S31508012210697665645F6C6566740000006164635F76
S3150801222073616D706C65735F726563656976656404
S315080122305F726967687400006164635F62797465D7
S31508012240735F72656365697665645F6C656674005C
S315080122506164635F62797465735F726563656976E4
S3150801226065645F72696768740000000000220108EE
S315080122701C22010838220108502201080400000026
S315080122800000000040420F000D010100000000009F
S315080122900000000000000000000501000000000029
S315080122A072696E675F6275666665725F6C6566748C
S315080122B05F62797465735F696E00000072696E67A3
S315080122C05F6275666665725F72696768745F62796F
S315080122D07465735F696E000072696E675F62756621
S315080122E06665725F6C6566745F62797465735F6F44
S315080122F07574000072696E675F6275666665725FFE
S3150801230072696768745F62797465735F6F75740063
S31508012310A0220108BC220108D8220108F4220108DA
S3150801232042616420524742315F54494D4552206308
S31508012330686F6963650A00002F55736572732F6D9F
S31508012340697961626C6F6E2F53696D706C69636927
S31508012350747953747564696F2F76365F776F726B0C
S3150801236073706163652F54585F426F6172642F6C95
S3150801237069627261726965732F5247422E63000062
S3150801238042616420524742325F54494D45522063A7
S31508012390686F6963650A0000496E76616C69642035
S315080123A05247423120696E6465780A00496E766142
S315080123B06C6964205247423220696E6465780A0066
S315080123C07267625F5F74696D65725F696E697400D1
S315080123D000000000FFFF000000FF0000FF000000F2
S315080123E04750494F20436F6E666967757265204588
S315080123F072726F723A2025580A000000456E6162B2
S315080124006C656420427574746F6E200A00000000C2
S315080124102F55736572732F6D697961626C6F6E2FB3
S3150801242053696D706C696369747953747564696FFE
S315080124302F76365F776F726B73706163652F5458A9
S315080124405F426F6172642F6C69627261726965734A
S315080124502F636F756E746572735F6E65772E630091
S315080124605265676973746572656420636F756E7406
S3150801247065723A20257320617420696E6465782037
S3150801248025750A00436F756E7465727320736176DC
S3150801249065642061742074696D657374616D703A41
S315080124A020257500202575203A2025732C202575B1
S315080124B00A000000636F756E746572735F5F7361FE
S315080124C076655F636F756E746572730052657365C1
S315080124D0742C20436865636B696E67204361737565
S315080124E07365200A00000000526573657420436114
S315080124F0757365203A2025730A000000496E6974D0
S3150801250069616C697A696E6720425552414D3A0A8A
S31508012510000000004665746368696E67204255527B
S31508012520414D3A0A00000000526573657420436FF5
S31508012530756E746572733A0A000000002D202573C2
S31508012540203A2025750A000054657374696E672060
S315080125504D6963726F7365636F6E642054696D6547
S31508012560722077697468203530755320576169740C
S31508012570203A2043757272656E742025750A00002B
S315080125804D6963726F7365636F6E642054696D6517
S31508012590722046696E697368656420546573746947
S315080125A06E670A006D6963726F5F7469636B735F47
S315080125B073696E63655F6C6173745F726573657465
S315080125C0000000002D2D2053746F7070696E67200E
S315080125D04D6963726F7365636F6E64205469636BCB
S315080125E02054696D65720A002D2D2046696E69733E
S315080125F06865642053746F7070696E67204D6963EE
S31508012600726F7365636F6E64205469636B205469D6
S315080126106D65720A000000002D2D205374617274D5
S31508012620696E67204D6963726F7365636F6E6420A7
S31508012630436F756E742054696D65720A0000000057
S315080126402F55736572732F6D697961626C6F6E2F81
S3150801265053696D706C696369747953747564696FCC
S315080126602F76365F776F726B73706163652F545877
S315080126705F426F6172642F6C696272617269657318
S315080126802F6D6963726F7365636F6E64732E630072
S31508012690546F702056616C75653A2025750A0000DD
S315080126A02D2D2053746172746564204D6963726FB0
S315080126B07365636F6E6420436F756E742054696D1C
S315080126C065720A002D2D205374617274696E672034
S315080126D04D6963726F7365636F6E64205469636BCA
S315080126E02054696D65720A004D6963726F732074AF
S315080126F0696D6572206261736520706572697068BB
S315080127006572616C2073706565643A2025750A00E7
S315080127104D6963726F732074696D657220626173A6
S3150801272065207065726970686572616C2073706581
S31508012730656420746F6F204C6F770A004D69637268
S315080127406F732074696D65722062617365207065A7
S31508012750726970686572616C207370656564206959
S3150801276073206E6F74206D756C7469706C65206F5B
S315080127706620314D487A0A005072657363616C654B
S31508012780722043686F73656E3A2025750A0000004A
S315080127904E6577205072657363616C65642053706A
S315080127A06565643A2025750A0000000053657420A2
S315080127B035307065722064757479206379636C6548
S315080127C02076616C75653A2025750A002D2D2053F2
S315080127D0746172746564204D6963726F7365636FA2
S315080127E06E64205469636B2054696D65720A000032
S315080127F06D6963726F7365636F6E64735F5F696E2C
S3150801280069745F6D6963726F7365636F6E645F6325
S315080128106F756E74000000006D6963726F7365638E
S315080128206F6E64735F5F696E69745F6D6963726FFA
S315080128307365636F6E640000256C6C75000000009B
S3150801284028743A2573292000257300006D735F7378
S31508012850696E63655F6C6173745F72657365740035
S315080128605374617274696E67205379735469636B23
S31508012870204465496E69740A0000000046696E695C
S315080128807368205379735469636B204465496E698B
S31508012890740A00000A2D2053746172742057444F3C
S315080128A04720496E69740A002D20456E64205744F5
S315080128B04F4720496E69740A000000000A2D20530B
S315080128C074617274696E67204D6963726F736563AB
S315080128D06F6E6420496E69740A0000002D20456EEA
S315080128E064204D6963726F7365636F6E6420496E08
S315080128F069740A006D6963726F73203A2025750A37
S31508012900000000000A2D20537461727420436F750C
S315080129106E7465727320496E69740A000A2D205314
S315080129207461727420417564696F204275666665C3
S31508012930727320496E69740A000000002D20456EE5
S315080129406420417564696F204275666665727320F5
S31508012950496E69740A0000000A2D20537461727465
S3150801296020526164696F20496E69740A000000008B
S315080129702D20456E6420526164696F20496E697421
S315080129800A0000000A2D20537461727420524742CE
S3150801299020496E69740A00002D20456E642052474D
S315080129A04220496E69740A005374617274204E6537
S315080129B07720436F756E7465727320496E69740A60
S315080129C0000000002D20456E64204E657720436F78
S315080129D0756E7465727320496E69740A0000000089
S315080129E00A2D20537461727420427574746F6E20B7
S315080129F0496E6974202D200A000000002D20456EBD
S31508012A006420427574746F6E20496E69740A0000F9
S31508012A100A2D2053746172742041444320496E691A
S31508012A2074202D200A0000002D20456E64204144A3
S31508012A304320496E69740A000A2D20537461727421
S31508012A40696E6720524144494F204465696E69742D
S31508012A500A0000002D20456E6420526164696F20CA
S31508012A604465696E69740A000A2D2053746172748B
S31508012A70696E67204D6963726F7365636F6E642053
S31508012A804465696E69740A002D20456E64204D6996
S31508012A9063726F7365636F6E64204465696E6974EA
S31508012AA00A0000000A2D205374617274696E67204A
S31508012AB05379735469636B204465696E69740A00B6
S31508012AC02D20456E64205379735469636B204465E0
S31508012AD0696E69740A0000000A2D205374617274C4
S31508012AE0696E6720427574746F6E204465696E69F4
S31508012AF0740A00002D20456E6420427574746F6E49
S31508012B00204465696E69740A000000000A2D205385
S31508012B1074617274696E6720524742204465696E12
S31508012B2069740A002D20456E642052474220446587
S31508012B30696E69740A0000000A2D20537461727463
S31508012B40696E6720414443204465696E69740A00C9
S31508012B502D20456E6420414443204465696E69749D
S31508012B600A0000000A2A2A496E69742050657269AA
S31508012B7070686572616C732053746172740A00001F
S31508012B800A2A2A496E6974205065726970686572E5
S31508012B90616C73205375636365737366756C0A009C
S31508012BA00A2A2A496E6974205065726970686572C5
S31508012BB0616C73204661696C65640A004E657874B8
S31508012BC02053746174652052657175657374656403
S31508012BD03A202573202C2043757272656E743A204B
S31508012BE025730A004E6577205374617465203A206F
S31508012BF02573202C2050726576696F7573203A20EB
S31508012C0025730A005374617465203D204E6F6E6505
S31508012C10000000004261642074696D657220636872
S31508012C206F6963650A0000002F55736572732F6D0E
S31508012C30697961626C6F6E2F53696D706C6963692E
S31508012C40747953747564696F2F76365F776F726B13
S31508012C5073706163652F54585F426F6172642F7494
S31508012C60696D65725F68656C7065722E6300000038
S31508012C7074696D6572735F5F696E69745F74696D96
S31508012C8065725F636D75000074696D6572735F5F68
S31508012C906465696E69745F74696D65725F636D7584
S31508012CA00000000074696D6572735F5F6765745F24
S31508012CB0636D755F747970650000000057444F476E
S31508012CC0204849540A00000057444F4720436C6F77
S31508012CD0636B206973205365742057726F6E673A68
S31508012CE0200A00005241494C5F536574527846697F
S31508012CF0666F206661696C65642C2053746174750E
S31508012D007320436F64653A2025580A002F55736569
S31508012D1072732F6D697961626C6F6E2F53696D706D
S31508012D206C696369747953747564696F2F76365F54
S31508012D30776F726B73706163652F54585F426F6169
S31508012D4072642F726164696F2F726164696F5F7251
S31508012D506563656976652E63000000005241494C3A
S31508012D605F53657452784669666F204661696C657A
S31508012D70642E20526571756573746564203A202541
S31508012D80752042797465732C20476F742025752048
S31508012D904279746573200A005241494C5F53657440
S31508012DA052784669666F20537563636573732C2081
S31508012DB025752042797465730A00000052582072FD
S31508012DC06571756573742073697A6520746F6F20F0
S31508012DD06C617267653A2025750A00002575202DF4
S31508012DE020476F74205265717565737420466F723A
S31508012DF02053657175656E6365204E756D626572E2
S31508012E00203A2025750A0000726164696F5F726550
S31508012E1063656976655F5F696E6974005374657287
S31508012E20656F00004D6F6E6F00000000202B20417A
S31508012E304450434D0000000053657420436F6E668D
S31508012E40696720746F20257325730A002D2045783C
S31508012E5070656374656420545820436F756E7420D9
S31508012E60506572205365636F6E64203A2025750A92
S31508012E70000000002D204578706563746564205450
S31508012E80582044656C7461203A2025750A000000B3
S31508012E902D2054582055707065722044656C7461F4
S31508012EA0205468726573686F6C64203A2025750A28
S31508012EB0000000002D205458204C6F77657220447D
S31508012EC0656C7461205468726573686F6C64203A26
S31508012ED02025750A00000000496E69742052616454
S31508012EE0696F20537461746973746963730A0000A6
S31508012EF02D20205265736574204D61782044656CD8
S31508012F00746120746F3A2025750A00002D2020521D
S31508012F1065736574204D696E2044656C746120740F
S31508012F206F3A2025750A00002D202042616420543D
S31508012F30696D657374616D7073204C696D69742070
S31508012F40526561636865643A202020002D20204E71
S31508012F506577204D61782044656C74613A20257542
S31508012F602020536571203A2025750A002D20204E10
S31508012F706577204D696E2044656C74613A20257524
S31508012F802020536571203A2025750A006A0A000037
S31508012F90740B00005F090000770100004275666640
S31508012FA0657220496E64657820546F6F2048696799
S31508012FB0680A00005772697465204865616465721C
S31508012FC020546F205458204649464F204661696C63
S31508012FD065643A20307825753A0A00002F557365DD
S31508012FE072732F6D697961626C6F6E2F53696D709B
S31508012FF06C696369747953747564696F2F76365F82
S31508013000776F726B73706163652F54585F426F6196
S3150801301072642F726164696F2F726164696F5F747C
S3150801302072616E736D69742E63000000577269745C
S3150801303065204C656674204461746120546F205480
S3150801304058204649464F204661696C65643A2030E6
S315080130507825753A0A000000577269746520526925
S31508013060676874204461746120546F20545820465F
S3150801307049464F204661696C65643A203078257562
S315080130803A0A00005241494C5F53657454784669BF
S31508013090666F204661696C65642E20526571756597
S315080130A073746564203A2025752042797465732CFA
S315080130B020476F74202575204279746573200A00AC
S315080130C05241494C5F53657454784669666F20537B
S315080130D07563636573732C2025752042797465734E
S315080130E00A0000005241494C5F5365745478506F89
S315080130F077657244626D206661696C65642C20533C
S31508013100746174757320436F64653A2025580A0003
S315080131105241494C5F5365745478506F77657244D0
S31508013120626D20537563636573730A00554E484192
S315080131304E444C4544205458204552524F523A2049
S31508013140307825753A0A0000726164696F5F747296
S31508013150616E736D69745F5F73656E645F706163D9
S315080131606B657400726164696F5F7472616E736D09
S3150801317069745F5F696E6974000000006E756D623F
S3150801318065725F6F665F54585F617474656D7074BC
S31508013190730000006E756D6265725F6F665F5458E5
S315080131A05F617474656D70745F737563636573735A
S315080131B0000000006E756D6265725F6F665F545838
S315080131C05F617474656D70745F6661696C656400CE
S315080131D06E756D6265725F6F665F54585F7375636E
S315080131E063657373000000006E756D6265725F6FCB
S315080131F0665F54585F6661696C5F6661696C656490
S315080132005F746F5F73656E64000000006E756D62B2
S3150801321065725F6F665F54585F6661696C5F61626C
S315080132206F7274006E756D6265725F6F665F545872
S315080132305F6661696C5F626C6F636B006E756D6268
S3150801324065725F6F665F54585F6661696C5F756E1C
S31508013250646572666C6F77006E756D6265725F6F15
S31508013260665F54585F6661696C5F627573790000C1
S315080132706E756D6265725F6F665F54585F666169E8
S315080132806C5F6D6973736564000000006E756D622D
S3150801329065725F6F665F54585F72657472795F61B4
S315080132A07474656D707473006E756D6265725F6FA7
S315080132B0665F54585F72657472795F617474656D7F
S315080132C070745F7375636365737300006E756D6201
S315080132D065725F6F665F54585F72657472795F6174
S315080132E07474656D70745F6661696C65640000006D
S315080132F06E756D6265725F6F665F54585F7265744D
S3150801330072795F7375636365737300006E756D62B9
S3150801331065725F6F665F54585F72657472795F662E
S3150801332061696C5F6661696C65645F746F5F73651B
S315080133306E6400006E756D6265725F6F665F5458E4
S315080133405F72657472795F6661696C5F61626F72DB
S31508013350740000006E756D6265725F6F665F545822
S315080133605F72657472795F6661696C5F626C6F63BF
S315080133706B0000006E756D6265725F6F665F54580B
S315080133805F72657472795F6661696C5F756E646593
S3150801339072666C6F770000006E756D6265725F6F9D
S315080133A0665F54585F72657472795F6661696C5FAE
S315080133B062757379000000006E756D6265725F6FE4
S315080133C0665F54585F72657472795F6661696C5F8E
S315080133D06D697373656400007C31010894310108D5
S315080133E0B4310108D0310108E83101080C3201086D
S315080133F0243201083C3201085832010870320108AA
S315080134008C320108A8320108CC320108F0320108D1
S315080134100C330108343301085433010874330108A5
S3150801342098330108B833010844657461696C733AC5
S315080134300A000000414E0008817B0008316D000832
S31508013440F9570008BD7E0008395B000881010108AB
S315080134500D6D00081D6D00087700010875680008E4
S315080134608D6800084BFF0008194E00082D4E00080C
S3150801347053000108D1570008E5570008A9020108B9
S31508013480957E0008A97E000857000108115B00080F
S31508013490255B000819020108597B00086D7B0008A5
S315080134A04572726F723A2073616D706C655F7369EC
S315080134B07A655F627974657320697320300A000042
S315080134C02F55736572732F6D697961626C6F6E2FF3
S315080134D053696D706C696369747953747564696F3E
S315080134E02F76365F776F726B73706163652F5458E9
S315080134F05F426F6172642F617564696F5F7069708D
S31508013500656C696E652E6300617564696F5F7069C4
S3150801351070656C696E655F5F7472795F746F5F62FF
S3150801352075696C645F726164696F5F7061636B650D
S31508013530745F66726F6D5F72696E675F62756666E4
S31508013540657200006C6566745F73616D706C657396
S315080135505F70726F6365737365640000726967688B
S31508013560745F73616D706C65735F70726F63657399
S3150801357073656400726164696F5F7061636B65741A
S31508013580735F6275696C7400443501085C3501081E
S31508013590743501084572726F723A20417474656D0B
S315080135A07074696E6720746F206D61726B2061207B
S315080135B07061636B657420627566666572206173F6
S315080135C02075736564207468617420697320616C61
S315080135D07265616479206D61726B6564206173201F
S315080135E0757365642E20496E6465783A2025750AD7
S315080135F0000000002F55736572732F6D697961623A
S315080136006C6F6E2F53696D706C6963697479537445
S315080136107564696F2F76365F776F726B7370616346
S31508013620652F54585F426F6172642F726164696FC6
S315080136305F7061636B65745F627566666572732E2A
S3150801364063000000726164696F5F7061636B657422
S315080136505F627566666572735F5F6D61726B5F70D7
S3150801366061636B65745F6275666665725F757365BE
S31508013670640000000700080009000A000B000C009E
S315080136800D000E0010001100130015001700190097
S315080136901C001F002200250029002D0032003700DA
S315080136A03C00420049005000580061006B0076005A
S315080136B082008F009D00AD00BE00D100E600FD002E
S315080136C017013301510173019801C101EE0120026D
S315080136D056029202D4021C036C03C30324048E040B
S315080136E0020583051006AB0656071208E008C3094A
S315080136F0BD0AD00BFF0C4C0EBA0F4C110713EE1472
S3150801370006175419DC1BA51EB6211525CA28DF2C58
S315080137105B314B36B93BB24144487E4F71572F60F6
S31508013720CE696274FF7F0000FFFFFFFF02040608EF
S31508013730FFFFFFFF020406082C2066756E63746995
S315080137406F6E3A2000617373657274696F6E202219
S31508013750257322206661696C65643A2066696C6521
S3150801376020222573222C206C696E65202564257319
S3150801377025730A00232D302B2000686C4C006566E2
S3150801378067454647003031323334353637383941A3
S3150801379042434445460030313233343536373839B9
S315080137A0616263646566000000000000B001000004
S315080137B00808002010000000B809002000000001D8
S315080137C0000001010001010120C001B80B00000041
S315080137D000000000000000000000000000000000DA
S315080137E005000000000000000000020000001000B3
S315080137F000000000000000000000000000000000BA
S3150801380009000000000000000000000000000000A0
S315080138100000000003000000000000000000000096
S315080138200000100012000000010000000000000066
S315080138300000000006000000000000000000000073
S315080138400000000000000000000000000000000069
S315080138500000000000001000020000000100000046
S31508013860000000000000000002030303030404042F
S31508013870040505000000000101010102020202031C
S315080138800303030304040404040000000101010105
S3150801389007070808030303050404040505050606C6
S315080138A006070707080302020404040304050506BC
S315080138B006060607070702020203030303040404B4
S315080138C004050505050506060606010202020203A8
S315080138D00303030304040404040505050506060693
S315080138E00C0C0C0C0B0B0B0B0B0B0B0B0B0B0B0B15
S315080138F00B0B0B0B0B0B0C0C0C0C0C0C0C0C0C0CFF
S315080139000B0B0B0B0B0B0B0B03040404040505052E
S315080139100506060606060702020202030303030456
S315080139200404040405050505050606060202020245
S315080139300707030406070404030303030405060330
S31508013940030506070804050604030404030304051E
S315080139500606030405060708C7BFBEBEBEB5B5B44D
S31508013960B4ABABDCDCDBDBD2D2D1D1C8C8C8C7BFAC
S31508013970BEBEBEBDB5B5B4B4B4DCDBDBD2D2D2D1E2
S315080139801B1B16162E2D2D2A2929292524242020EC
S315080139901F1B1B1B162E2D2D2A2A292925242420D7
S315080139A020201F1B1B1B2D2DBEB5B5B4B4ABABAB6D
S315080139B0AAA2A1A1A1A099999898C7BFBEBEBDB553
S315080139C0B5B4B4B4ABABABAAAAA2A1A1A199999972
S315080139D000000000030303030302020202020202BB
S315080139E003030202020201010101010100000000B4
S315080139F00303030303020202D0C7C6C6C6BDBDBC84
S31508013A00BCB3B3B2B2B2A9DBDBDADAD1D1D0D0C753
S31508013A10C7C6C6C6BDBDBCBCBCB3B3B2DBDBDADA4E
S31508013A201F1F2D2B221E2E2E323232312D262430E7
S31508013A303028231F1B2B26222E322E2E31312D28DC
S31508013A402424302C27231E1AC8C8C8C8C8C8C8C801
S31508013A50C8C8C8C800B801B802B800B00304040849
S31508013A600805040008007C0031003B001B0000002B
S31508013A704C3900007C030000CC3C00000400000027
S31508013A801C3E00000400000054340000F804000045
S31508013A90C83C000004000000183E000003000000B6
S31508013AA00000000054340000D03C00000100000072
S31508013AB0203E000037000000CD3B000055340000D1
S31508013AC0010000000006800F7047944909684143C8
S31508013AD0880B7047924800680104C80F704730B5D3
S31508013AE0002090490A680023FA24A401521C65683B
S31508013AF0AA4200D322681578AD06AD0E9D4005434E
S31508013B0028009B1D1E2BF1D30A6030BD844801682D
S31508013B10090408D584490A68824B1A604A68C26151
S31508013B208868B14908607047F3B583B01700C006C5
S31508013B30000E00901038912833D2FFF7CBFF0028EA
S31508013B402FD00026794C01250398FFF7BBFF0028E3
S31508013B5002D0022803D003E02068284000D00126BD
S31508013B600197734F04980C21615E40180E21615E1E
S31508013B704018FFF7AAFF0199401838600498009980
S31508013B804018FFF7A2FF019940187860C02080010C
S31508013B9068490860300368490860FCF703FF9348E1
S31508013BA0057005B0F0BDFEB5644B654DC0208004B7
S31508013BB00290F020000501901869022805D22868AC
S31508013BC00199014002988142F0D089480068C01CD9
S31508013BD08849014388480160884A894C0421A068BC
S31508013BE0084204D0187D8006C10F490023E0022649
S31508013BF0304022D01869042805D22F680198384028
S31508013C00029FB842F6D0187D0007000F072814D185
S31508013C10587D022811DD987D8006800E02280CDB6E
S31508013C20D87D009007460F4207D0C00700D50A2164
S31508013C30374200D0891D00290BD172486E490860A8
S31508013C4000201860802189026F4B1960106020617D
S31508013C50F7BD481C1E69864205D22F68019E3E4063
S31508013C60029FBE42F6D06948405C009020610098E8
S31508013C70C000F821014002D08020C00418606448C1
S31508013C800668012E00D149005960216800291DD115
S31508013C9059490B682026A65F36039B059B0D3343BE
S31508013CA00B6001261660022191600099890909D1E4
S31508013CB00068002801D1182000E01A20225E009829
S31508013CC0FFF732FF207A000700D42660F7BD4A487D
S31508013CD04C4901600021194A1160802292024A4B1F
S31508013CE01A60464A11604B4A026142613F480170B7
S31508013CF07047062048490860002048490860F021B5
S31508013D000901474A116080214900464A116008495C
S31508013D10404A0A604A60354908707047A83E000063
S31508013D20C04101A81C3E0000883E0000A43E0000D8
S31508013D30C84101A8C06101A8C05101A8C44000A892
S31508013D400C0002A830B581B00400A00314D5304890
S31508013D500068002801D1162000E00C20FEF7C0FA01
S31508013D603148806E0007C10F30480170082030497C
S31508013D700860C003244908602E4D2868000406D54A
S31508013D80FFF7ADFEE861FFF7AAFE17490860A0072D
S31508013D9027D58020C0021C490860FCF726FE0028AA
S31508013DA01FD0254A1068C0B2002802D00621234B2D
S31508013DB01960810915D01C490B68012BFBD9496883
S31508013DC00905090D091DC900114B1B68012B00D1F5
S31508013DD04908002B01D1182300E01A23D25EFFF708
S31508013DE0A3FE01B030BD00005C4201A8563E0000AA
S31508013DF0204000A800F0FF3FB84101A8044003A8ED
S31508013E009C3E0000FFF3FF3F106001A8D84000A8C0
S31508013E106C3F0000FFFF0300006401A8504000A8A2
S31508013E200C6000A80C5000A81C4000A8D03C00005B
S31508013E30846000A8C04101A8A03E0000005401A862
S31508013E4070B50822814B1A60FB239B011B68DC03B2
S31508013E5002D50020088070BD0C880019401E007824
S31508013E607B4DA870641C0C8045076D0F052D05D880
S31508013E70784E3668F60603D5022D0DD0032070BD9F
S31508013E809604AE401E4001D1082070BD052D03D110
S31508013E90104201D1641E0C80A9484860002070BDFB
S31508013EA0F3B582B008886C490978491CC9B28142C0
S31508013EB004D202990918491E097800E00021644ACA
S31508013EC0517093785B075B0F01933023019C052C96
S31508013ED028D1194233D19478E5081E242C40CD0700
S31508013EE002D5250001242C430125A14EE6402E408A
S31508013EF073D0019F9F4EE641402426403E434C061F
S31508013F0002D5340020262643947889080D40A7084F
S31508013F100C2139402943C02525400D432021294339
S31508013F2096705170FB2189010C6855780221232668
S31508013F302E4008D0660302D52B40202B01D0052040
S31508013F4082E0424B196093789B0601D4202203E054
S31508013F509278120702D540223C4B1A603C4A927865
S31508013F606B461A70C022844B1E680E4001D1154259
S31508013F7012D06E46377827263E40232E03D1E60215
S31508013F8007D4012606E0252E03D0212E04D12603C7
S31508013F9002D504262D4F3E601B6819402026019F35
S31508013FA0002F1CD11E4027D0294B5B781A40402A86
S31508013FB013D00C221A40042A0FD02A073BD4012217
S31508013FC0002902D0E100CB0F5A4069460978CB0790
S31508013FD0DB0F1A422FD021012AD4072034E0022F01
S31508013FE0E2D11E4008D00029DED1CC232B4003D1D3
S31508013FF06B461B785B0601D5032025E0A30311D583
S315080140009C4E73691B051B0D5B1C3668F60205D5AC
S31508014010994E36683607B60F9B1B5B1E9BB2052B5E
S3150801402004D1C1E7029B1B78052BBDD006200BE006
S315080140308021064A1160E90702D4401C03990880C9
S31508014040AB4803994860002004B0F0BD4C1002A8A3
S31508014050183E0000480002A8343E0000F2B5874920
S315080140604978CA0705D4009A12888018401E037831
S3150801407000E00023FB229201106802249D4D2E6860
S31508014080F60611D512695340DBB2002B03D16E68CF
S31508014090D30973402340002B03D0020204D40A201B
S315080140A0F2BDE206944E3260744A1E02C0230B40EA
S315080140B03343914E336093785E07760F022E06D10D
S315080140C06D682C4003D1002000990880F2BDA02517
S315080140D00D409E08102737402F433D090E0702D48D
S315080140E02E0010253543CC240C401A262E400A2EC4
S315080140F004D1CC2C02D02E00FD2535407F4EEE4052
S31508014100F60705D4000416D5412B10D1082912D17A
S315080141107B48E840112101402143202008431070C3
S315080141200D210140009808D000F0AAF8F2BD0B2B2A
S3150801413001D10029ECD00720F2BD00F01FF8F2BD2D
S31508014140B534000038B50C006E490B781A09533995
S315080141509500491925881B071B0FEB1A9A1A80180F
S31508014160FEF75CFD010002D1200000F007F832BD20
S31508014170F300A3E3981440684C0002A8F8B50400BC
S31508014180614805683D4F3878D026304202D00D2166
S31508014190014005D008205D490860EF20FEF7FBFCC9
S315080141A039782000314204D00909397000F068F8DD
S315080141B0F2BD0521294020D00288FB218901CA6068
S315080141C0534BEC0705D5521C0280690607D4514B9F
S315080141D005E043242C40422C03D1521C0280436043
S315080141E00DE01022494B1A604B4A09688B00DB0F18
S315080141F01901116380210903116000210180002042
S31508014200F2BD0A888018401E0078830601D4121D63
S315080142100A801822024004D0088852088018C01E55
S31508014220088039480068C00702D50888401C0880FC
S315080142303848486000207047334A1368DB0708D5B9
S315080142401268920705D40A888018401E0078042847
S315080142500DD110202D4A10602F48FB2292011268B9
S315080142609300DB0F1A010263802212030260002009
S31508014270088070470C4000A8080001A8183E0000F5
S3150801428031B581B02549002000900822244B1D78BC
S3150801429002230C24254202D10022224903E02C40A4
S315080142A0082C00D10222EC0703D50C001E2161401F
S315080142B000931D4207D014490968090601D51A4910
S315080142C001E00021C943019B184C21601849FF24CC
S315080142D08C70009C15012543CD70087018880099CB
S315080142E040188018188013485860002036BD000011
S315080142F071360000480002A8481002A80D0F0C0DDF
S31508014300071708504B3F00004C0002A84C2002A892
S31508014310173800004D3800001C1002A8DE1B2501C5
S31508014320183E00002084100000FCFF01F43E000046
S31508014330483F000059370000183E000021340000AC
S3150801434039340000393400003934000039340000AA
S3150801435039340000000000000000000000000000E1
S3150801436000000000393400003934000039340000F7
S315080143702D2B0000393400005F2C00006F2C000043
S315080143809B2D0000FD2D0000872E00000D3000003A
S31508014390B12E0000BD3000000D2F00005D2F00007A
S315080143A0D52F0000753200006D330000312C000056
S315080143B01F280000CD23000039340000C928000059
S315080143C039340000052A0000C929000039340000E3
S315080143D039340000452A0000393400003934000018
S315080143E0393400003934000039340000393400000A
S315080143F01F1200001512000090488068000200D4C0
S31508014400704780B580208002AB490860CF2000F054
S3150801441051FA01BDF8B58A4800688A4C8022920390
S315080144202260FB26B601316809051DD5110BA023AB
S31508014430034001D0216017E002403FD18027824A1C
S315080144401760824A1760084038D07C4D287A4007A1
S3150801445005D501207E49086000027E490860287852
S31508014460002801D0062801DB0020F2BD00F07AFB06
S31508014470716889684E682978052907D1B905A16047
S315080144806E60B668CC218901724A116000F073FB2F
S31508014490012E00DA0226BC2080058849086094208E
S315080144A080058749086068480021C943016471424B
S315080144B0416484490F6040210160D5E78248016063
S315080144C0FFF79AFF0120F2BD5D480168890504D509
S315080144D0C06E0004000F022801D000207047012099
S315080144E0704738B580245848046000F03BFB050046
S315080144F07648006800F068F9280000F03CFBFFF7F1
S315080145007BFF4E48007A000705D5A0004D49086093
S3150801451000F03AFC31BD60036B490860B14804609C
S3150801452031BDFEB50500CC208001694948600126E8
S3150801453068480660FFF7C8FF00287DD03F4C207801
S31508014540002879D031020195052802D02A460A4069
S3150801455072D1CC27BF015E4A17608D4A1268812342
S315080145601B02134001D0032301E053075B0F022806
S3150801457005D1022B5ED3080136490860F7BD4D0106
S31508014580032804D1022B55D932480560F7BD042802
S3150801459002D111404ED0F7BD05284BD1019800280C
S315080145A048D0C005C10F684641700198C004C10FC3
S315080145B06846017000F0D6FA029060686946497843
S315080145C0002903D006688021204A11602C048649F7
S315080145D06A461278002A0CD0C2680B68D21A834B35
S315080145E01B68234001D0066800E04668964200DD54
S315080145F01600684640786A461278024308D0086869
S315080146004242B01E824202DA7042886000E0002609
S31508014610029800F0B0FA0198800501D59648046021
S315080146200198054001D095480460002E02D009483A
S315080146300760F7BDFFF755FFF7BD0000203E0000F4
S31508014640440002A8442002A80CC001A890E001A8D1
S31508014650C4D000A8145001A838B58024884804603D
S3150801466001201C490860874D2878052802D060007A
S3150801467085490860FFF728FF002812D0134800680B
S31508014680000A80214140A868000EC9B2814208D2B9
S315080146903F4800684007400F022802D2FFF721FF72
S315080146A031BD7A480168C0220A4002D1C06F204054
S315080146B001D00448046031BD1C1002A808E001A815
S315080146C008D001A894D001A8441002A818C000A8CF
S315080146D0106001A8C4E000A8F1B582B00F00A020BF
S315080146E0384003D0802080006A494DE000F03AFA4C
S315080146F0009067480468F80202D5A068006902902C
S3150801470000F0ABFB80210903606800F07DF926788B
S315080147100020761C6178B14200D200261821714327
S3150801472065180C3529780829F3DA2670A5605549E4
S315080147302A780A70BA0507D5554800688068C0689E
S31508014740FA0201D40322904388600127384003D135
S3150801475000F0A0FC01F004F9F904686900F054F9C5
S315080147603C2000F0A7F8F0B200F0A4F860884A49A6
S3150801477001406180009800F0FEF938054549086056
S31508014780464807603802464908600298FEBD00009F
S31508014790184001A810B543480068800501D4FE20D9
S315080147A010BDC02080034049086000F0DBF9384994
S315080147B009688A78D20702D589688C7800E00C786E
S315080147C000F0D9F9200010BD314909688A688B784B
S315080147D0DB0704D5927818235A438A180C3290605D
S315080147E070470000100002A848C001A84C0002A8A2
S315080147F0F1B582B02D4F3C680026200F000702D183
S31508014800E00102902AE001F0ABF800F0ABF9019063
S3150801481080210903606800F0F7F825786D1C607837
S31508014820A84200D20025E80020180C300090006844
S315080148300290802109030098406800F0E5F83D20C0
S3150801484000F038F8E8B200F035F825700098A06055
S31508014850019800F090F902A801F0DCF81448006804
S31508014860800407D5F86901F0CCFD02990818029071
S3150801487000D502960298FEBD4C1002A84C2002A84B
S3150801488094E001A8203E0000146001A814C001A804
S31508014890C43E0000442002A8FEFF0000C0E000A8B4
S315080148A0106001A8440002A8441002A8C83E0000EE
S315080148B0FC0302A849490968002901D54849086045
S315080148C07047F3B581B0474FB968474C4A0057D589
S315080148D00125090100D521250100444A10685668B9
S315080148E022689206920E94463A68930080221340F3
S315080148F062461343802252001A4300920A0023D0CB
S31508014900890601D5012008E0F021014007D1694651
S31508014910097A0C220A4002D0022000F04AF83449EA
S31508014920096809040AD53968090701D5022605E087
S315080149303968490301D5002600E003264835009A5F
S315080149402C490968890003E0009A2A49896B0909F3
S315080149504023194011430207120F032A05D1226881
S31508014960120904231A403243160080225200002EEF
S3150801497002D0164326660835216602432266256655
S31508014980E06D4407640F00F0D7F8A0070BD0052C9B
S3150801499009D0B868000406D400F0E4F80221164AE2
S315080149A0116000F0E8F800F0D0F8002000F001F8F6
S315080149B0F7BD0E490A68F0239A43000110430860BF
S315080149C0C0B270478020C0020C490968890701D125
S315080149D00B4900E00B49086070470000500002A827
S315080149E0884000A8480002A8284000A8683F00009F
S315080149F0684101A8184001A8D4D40350844000A8EE
S31508014A00486000A8485000A880B56F4A116001F0B7
S31508014A1023FDFFF7D7FF01BDFEB5FB25AD012878BC
S31508014A20000604D5287F002801D0182400E0462472
S31508014A3000F098F802906548C0684005C20DD52A6D
S31508014A4001D2D52204E0D1204000824200D90200D9
S31508014A50100001005E4B01932B6B5B011DD55D4B6D
S31508014A6000931D1D5C4E367806277E43AA53002502
S31508014A70019B1B7CEB40DB070CD5009B06266E438E
S31508014A809B199B888FB2BB4200D2190086B29E42FF
S31508014A9000D218006D1C022DEAD389B2091909043E
S31508014AA04E4B0B40001BC005C00D18434749086013
S31508014AB0C02000064A4908604548017D00290CD0F6
S31508014AC04849D52A02D98023DB050B60D1235B002F
S31508014AD09A4202D280231B060B600021424B1960C1
S31508014AE04188002900D10280029800F044F800F0BC
S31508014AF071FDF7BD80B53D483D4908603D48C1682F
S31508014B000902090A19225143416005210160FFF78B
S31508014B1083FF01BD80B5FB2080010178090604D514
S31508014B20007F002801D0FFF777FF32480068C003ED
S31508014B3001D5FFF771FF01BD8020C0022249086037
S31508014B402D4800684007FBD470478020C0022B49D6
S31508014B500860704701E02A4908602A490968014046
S31508014B60F9D17047284800682021284A1160102188
S31508014B70274A116070473021014002D1102023498C
S31508014B80086070472048006830210140102901D18A
S31508014B9001207047002070471E4801210160C1604D
S31508014BA0704701201C49086070471C480078062197
S31508014BB0014007D01A480068022803D0032801D00B
S31508014BC00120704700207047441002A87C4000501D
S31508014BD0743F0000443E0000403E00000000FF0113
S31508014BE0A0600050A450005018E000E07F1A0601AA
S31508014BF0540002A810E000E0440002A8442002A8DC
S31508014C00282002A8280002A8600002A8602002A89D
S31508014C10601002A8789001A884A001A8A43E00000B
S31508014C206C3F0000F8B5634880214902C161022141
S31508014C30614A51600021614AD162614A11800321AA
S31508014C405D4A1160022101605E4DCC01A8682040D1
S31508014C5010D05A480068F021090501409020000546
S31508014C60814207D0022058490860012001F018FC4A
S31508014C705648046020205649086080205549086036
S31508014C80CC208001544908600124544804602E68E8
S31508014C903004070F52480068C505ED0D103DC020C8
S31508014CA02843C0B2FFF706FE4448C06B800309D506
S31508014CB0092F07D0FFF779FF002801D003F0F9F88B
S31508014CC001F028FA3007000F009046480668009858
S31508014CD0032803D0022806D1032F37D000F05EFA45
S31508014CE00098032803D0062F30D1062D2ED03E4832
S31508014CF00068C00B204001D001F004FD3B48006864
S31508014D00000108D5052D06D101253948046060053D
S31508014D10FFF720FF00E000253100380000F078FA9F
S31508014D200600002D06D000F01FFC32480460022060
S31508014D303149086060052F49486580092F4908608F
S31508014D40FFF733FF002801D003F0A1F81A48210420
S31508014D500162002F08D10221416000201749C8636A
S31508014D60C020C0001C4948643000F2BD80B5FFF779
S31508014D70E3FEFB2080010078800602D40220204948
S31508014D800860FFF7E2FE01BD02201E490860704770
S31508014D90802000061C49096801400AD0C10D1B4A3A
S31508014DA01278920701D51A4A00E01A4A11601A497F
S31508014DB0086070472C1002A8282002A80C0002A837
S31508014DC0503E0000B00002A86C1102A8B82002A843
S31508014DD094E001A80CC001A8146001A8C4E000A8C9
S31508014DE004ED00E0B44000A800E200E0F03E000057
S31508014DF0645000A8646000A82C4000A880E200E086
S31508014E00081002A8082002A8440002A8703E000063
S31508014E10FC1302A8FC2302A8442002A85A480068E9
S31508014E20800700D4704770B5944801210422BB4B12
S31508014E300C02E025ED0086682E4002D01C601A613E
S31508014E4019610068054002D01C609A60996070BDBE
S31508014E50BF48012181600160704710B5012088496A
S31508014E608A680240FCD1BB4A042313610C680440DA
S31508014E70FCD193600002106010BD824908680122C6
S31508014E80104200D1704710B5E023DB000340FF2430
S31508014E90A41CA34204D3C04B1B689B0600D54868D3
S31508014EA0024001D000F044F910BDFEB50700764E68
S31508014EB030683F2188437549097801433160FFF716
S31508014EC0DCFF734880214903954C0825954A1268E9
S31508014ED0D20504D525600322B262016006E0C82224
S31508014EE0B2620622904B1A60904A116000978909AE
S31508014EF0C16000980068984FB968814201D2019152
S31508014F0000E001900199401A009908600121009872
S31508014F1000F0FAFB0600009800680199401800990C
S31508014F200860FFF77BFF8D4800683860002E13D1B3
S31508014F30002060627B480168C90501D410216162BD
S31508014F400068284001D0256000E065609548006842
S31508014F50400001D5680260623000FEBDFB20800179
S31508014F60017809060DD5007F00280AD08A484168CC
S31508014F70C90606D40068A0210140481E8041C00F19
S31508014F807047002070470000500002A880B5FFF75F
S31508014F90E5FF002803D00021042001F047FC01BDEC
S31508014FA0F1B581488149C860EE20C004086080488F
S31508014FB080490860FFF7D2FF002803D000210420AA
S31508014FC001F034FC7C4C8020C001206008277B4816
S31508014FD087650125754845641D2078498862784E9C
S31508014FE09B204000B061072001F05AFA022073495C
S31508014FF088624C490A68D20603D57049714A0A6023
S3150801500008E00F220968394002D03100103101E069
S31508015010310014310A606C490968002900D4B76166
S31508015020E32109013160C021C900684A1268F823E1
S31508015030DB01134001D1F16201E05C4A9165216C03
S31508015040294008D0616BC90705D461490968084038
S3150801505001D101F009FC0020C0435E490860606B7C
S31508015060054001D1FFF7DAFE009801F007FA606BF7
S315080150708001FCD4606A58490860F1BD900102A814
S31508015080940102A8783F00002C8001A8523E000036
S31508015090981002A870B5FB2080010178090606D58B
S315080150A0007F002803D00021052001F0BFFB4B48F3
S315080150B001683F2291434A4A12780A4302603E48F0
S315080150C048490122436B134001D10A638A62972238
S315080150D052000A6010220A60434AE2231B019366C2
S315080150E0424BCB610021424B196080235B000724A8
S315080150F008210C4D2E680E4005D094672C68234074
S3150801510006D1916704E0D4672C68234000D1D167A2
S315080151100323136011630903016070BD881102A896
S31508015120601102A8FC0302A80C9001A8982002A805
S31508015130F02109012F4A116001402F480160202002
S315080151402E4908602E4909680840BF49086070471A
S31508015150902102A8882102A8A03F0000340002A8D5
S315080151602848294982680A4002D1C268114001D0FB
S315080151700F49016012480821A64A13680B4000D05E
S3150801518081611178C90602D58C21090101601420B3
S31508015190AE490860E9E10000440002A8044805494F
S315080151A008607047EC0002A8000FFF00242102A83E
S315080151B001200000706201A8100002A8C01002A810
S315080151C0501102A8BD03000028C000A8A88001A8A4
S315080151D0283E0000B46000A89C3F00002C8001A86E
S315080151E0533E0000682102A8E82002A8101000001A
S315080151F0C00002A8586001A8585001A8482002A872
S31508015200184001A8704201A800800080704700007C
S31508015210F8B586B005000C008D480068400102D536
S315080152202000402404438B48C66AFFF79BFC05907F
S31508015230B00503D588480068FFF7C6FA0020019033
S3150801524001237006C00F0290844A9168002090607D
S31508015250B8204000824E30606608B8203040127887
S31508015260F0261640402E02D10200402010430D2D93
S3150801527002D10A00042111434A0704D50200142069
S31508015280104310229443774A12686D462B70D20553
S3150801529006D580225200744B1A6002000120104381
S315080152A0029A002A11D10C220240082A0DD00200C6
S315080152B0684B9B6BDD0601D41025AA439B0601D4D6
S315080152C020239A43B12313404FD06A461278002A05
S315080152D04ED0A34A956B966D01236D076D0FAD1DD3
S315080152E0AB40F504ED0C5B1B9BB2082B09D2802061
S315080152F00623584D2B6043029A4D2B6000236D46B9
S315080153002B708123034036D00823029D002D00D13E
S3150801531013620D000821294310239C4304231D050C
S31508015320954E3560DD04954E35606D462D78002D18
S315080153301ED0062B25D3464DEE6CF60621D5904E8A
S315080153403668360E01966D69ADB28D4EF66B360628
S3150801535003D02E0080256D01354315612D12156187
S31508015360404A1268D50592D40BE008227C4B1A6292
S315080153700491009032E000BF27A34506ED0E5B5D60
S31508015380D3E7049100903348026B7D490968744D4F
S315080153902E686F463E81282616401E43930CDB0174
S315080153A033431600120E3240102632401A43890042
S315080153B040231940114302AA9170406B000A02A9C1
S315080153C0C870FFF7E7F902A90871019848716D4895
S315080153D00068C8800298E8660398E8660598FFF7AA
S315080153E0CAFB0825600601D563488560FFF7DDFB22
S315080153F0002805D064480078002801D06348056074
S315080154000498C1B20098C0B2FFF75BFA200007B052
S31508015410F0BD0000F84F0000030107060301070667
S315080154200501060605010606030207060302070625
S315080154300502060605020606081A03D25449096832
S315080154404018401C70470000481002A8703F000031
S31508015450084000A8180002A81CC000A8683F000060
S31508015460B46000A81C0100AA1C2100AAF8B5494F7E
S31508015470494E0F24012549494948806BC0061BD569
S31508015480012008704748006847490968FFF7D4FFB3
S31508015490316F4018012858DB01F08EFA4349096833
S315080154A0090B0C40022C4ED16905414A11601021A5
S315080154B039643B490D6046E03948006CC0001FD588
S315080154C03C480068E021890501403ED0374D2868EF
S315080154D02103014080208001814236D1FFF742FB3A
S315080154E0354A36490968C90502D535490968116039
S315080154F02968090B21400229F3D0FFF73CFBF1BDCE
S3150801550030480068002820D001220A7000F0B6FF52
S3150801551000281AD101F050FA24490968090B0C40F0
S31508015520022C10D102213278D20705D5264A1268F3
S315080155300A4001D01A4A1560CA031D4B1A60396020
S315080155400021204A116001F03BFAF1BD8020800458
S315080155501E4908607047802040041C49086070474E
S31508015560540000AA141100AA00BF19480168490786
S3150801557001D0FF2141617047441002A84C5001A88F
S31508015580184001A8448001A8D03C0000845000A816
S3150801559038C001A8082002A8703E0000553E000048
S315080155A0100002A81CC101A820C001A8B00002A8C9
S315080155B01C1002A84C4001A8800000AA084000A8B7
S315080155C0904000A82C3E0000F03E00003C2002A8B6
S315080155D00C4000A83D480068000217D53C48016800
S315080155E00BA2008ACA384009105C081840B208287C
S315080155F001DB401F02E0002800D5401D35490A6835
S31508015600354B1340000680111843086070470000A7
S3150801561002010000FFFEFD00FF2807D0032805D27E
S315080156202E490978C140C807C00F70470020704746
S31508015630F0B5802000020821294A11600A230121B8
S31508015640284A01249C40044329A5ED5C254395601D
S31508015650F025254E3560224D28A6F65C02273743EC
S315080156602F6004262E60214D2D680D4006D1CD02EE
S315080156706D1E03D0966C3603FAD401E00220F0BD04
S31508015680956CD66C6D036D0BAE4200D220005B1E85
S31508015690D7D50823144C23609060AC4B1B685B017B
S315080156A012D5AB4C63785D1C01262E4066701D0031
S315080156B00626754365191268AA80E880237007488B
S315080156C002789940114301700020F0BD500002A8EC
S315080156D0643F0000F80302A8FFFFE3FF843F0000D0
S315080156E0889001A8448001A888A001A8140002A8EE
S315080156F0000000010102040810202000505050400B
S315080157004040403020202000F1B584B0914C9248A9
S315080157104068C00516D5606AE021C900084088427C
S3150801572010D1AA48006E0004000F8C490A68D206F7
S3150801573001D5072804D00968C90603D40B2801D165
S31508015740002001E1FFF784FBA1484069400101D42B
S3150801575001251CE09F48826B00207D49C3B20625BE
S315080157606B43CB189B8895B2AB4204D0401CC3B29D
S31508015770022BF3D3FF2008700125954840694001A3
S3150801578005D50878FFF748FF002800D0002592487C
S315080157905021405C000608D58D480078002804D0C1
S315080157A08B484078002800D10125E06902906A48B3
S315080157B00068E061894E04980068316D4718012F29
S315080157C016DB00F0D2FD3060C001381A01280FDB64
S315080157D0FFF743FB00F0C4F804980068316D4018E0
S315080157E000F04CFE002803D00021049A116010E055
S315080157F07B4FC020C00038602068072832D00521B9
S315080158000840052808D021600C2000F049FE002830
S3150801581002D00299E16197E0724EFF207A307062F8
S315080158200420B062FFF719FB02203060E020C004B3
S315080158306D49486080208004786002203860012024
S3150801584000F02EFE802080007062022000F028FE03
S315080158508020C00070620820B062022000F020FE9D
S315080158600220B062614EE0204000F0615A4800789B
S31508015870C00705D5802000065D49086040083060EC
S31508015880042000F00DFE019000284BD10220564954
S31508015890086080027064C001706410204D49086078
S315080158A00120B0674C4F4948006840061ED4484855
S315080158B04069400113D5264800786946087068464C
S315080158C00078FFF7A9FE002809D02148694609781A
S315080158D0062251434018C0883E49086406E0012063
S315080158E03873FFF7A5FE019000281BD1012039491D
S315080158F008600020C867022000F0D2FD3C4E402017
S31508015900F061C030F0613878C00705D5C0200006BF
S3150801591030603048006CF881022000F0C1FD81201A
S31508015920C0027064002D05D028480068800101D4A2
S31508015930FFF7F0F8E069E0214903014002982D4A92
S3150801594002400A43E261019805B0F0BDF03E00004D
S31508015950403E00005C0102A8F80302A8B04301A872
S3150801596070B5FFF775FAFFF778FA234C23480068F4
S31508015970C00509D5E06F000B0F210F220240072A47
S3150801598023D001400B2920D00225124805601C4E60
S315080159900820B062C0017062012000F081FD280272
S315080159A0706235600620B06216487062E0204000D9
S315080159B0154908600C4805600021144A1160C02188
S315080159C0C900016020681249086070BD500002A82C
S315080159D0DC3E00000C8001A8703E00008C3F0000F0
S315080159E0981002A85C1102A8982002A8109001A894
S315080159F010A001A8FFFFE3FF340002A8FC0302A8D8
S31508015A005C2102A8F96100002CA001A85C0102A88A
S31508015A10943F000070B50600FFF71FFA2848C02119
S31508015A20C900284A1268F823DB01134001D1C16174
S31508015A3001E0254A1160254980225200244B1C6841
S31508015A40144003D008240460032001E0AC20400080
S31508015A5088641868024001D10A2008601D4880211F
S31508015A60490301608909C1601B4C6069AF21C901FD
S31508015A7045183068854200D30500401B3060002177
S31508015A803000FFF741FE3168491931601349096849
S31508015A90216070BD8020000111490860000111498B
S31508015AA00860704710B50400FFF75CF80E490A68EC
S31508015AB00E4B13401C430C60FFF75DF810BD000048
S31508015AC0601102A8AC8001A87C2102A80C8001A85B
S31508015AD0FC0302A8981002A8903F0000340002A80F
S31508015AE0441002A8685000A83040005AFFF8FFFF8A
S31508015AF0F1B584B0E020C000FFF7D4FFB0480068D4
S31508015B000190B048006BAF21C9014018AE49097828
S31508015B10C90708D40499884205D2081A00F0AEFCD0
S31508015B20002800D016E2A94C6068C00700D511E22A
S31508015B300425A748C562A803A6498862A248006D3C
S31508015B400090A06B8607B60F032E03D01020A0493C
S31508015B50C86223E00846E9038162E16B890601D53B
S31508015B60012053E00099090610D5E26B02210A408B
S31508015B700CD1994A05231360E36B10273B4019435F
S31508015B80116000211160A16B090A1160C562E06B01
S31508015B90002803D5E8038E4988620026A06B2840B1
S31508015BA004D0A06BC000A901084003E085488068BD
S31508015BB0C10701D5FFF7BCFA01200099014008D0B9
S31508015BC0BE49B2018918096AC904C90C491EBC4AE9
S31508015BD011600021BB4A13681B0403D5926F002A82
S31508015BE000D40121C0208000B74A50653202764BA5
S31508015BF01B78DB0701D4002901D0010000E0110060
S31508015C00B24B1960B04988655A600020216C94220C
S31508015C1092050A40110000D001216A4611706E02F0
S31508015C206F036946097801432CD0CB480078C02117
S31508015C300140402902D1FFF799F801E0FFF7A4F8DE
S31508015C40202020606846007800281AD0A06B2840DA
S31508015C5009D028035F4988620220C049086000F01C
S31508015C60A1FA002805D05A48C5625A488662BB4837
S31508015C70076055485021405C000602D5680454491E
S31508015C80086067E16068C007FBD4E8035149C86248
S31508015C90FEF752FF8A48406E216C394008D1C0068A
S31508015CA006D5FEF75FFF0221AD4A1160FEF763FFD5
S31508015CB0FEF74BFFA8022060C0200006A949C8606C
S31508015CC0A803A9490860A06B4007C10F684601707F
S31508015CD00198C00700D4CDE000F06EFE0290FEF7F1
S31508015CE05BFF206C40040DD400BF00BF00BF00BF9E
S31508015CF000BF00BF00BF00BF00BF00BF8020000675
S31508015D009A490860FEF74DFF029800F059FEEE2009
S31508015D10C004AD49086093484662954903220A645E
S31508015D207F224A644222019BDB0501D40A6000E016
S31508015D3002600646A020B06008208B490866A34881
S31508015D400560206CC0025BD5A14841680A0B0F2388
S31508015D5013401A01D21A09090F250D4051190F3995
S31508015D6001D1002200E04A1E82A55B00EB5A01938D
S31508015D70102945D313490D88E72D41D395235B0097
S31508015D809D42019B9C4608D895235B005B1B1B091A
S31508015D9065465D43AB0A5D4205E08E4BEB181B0970
S31508015DA065465D43AD0A6DB252190B6B9C46CB6BCA
S31508015DB05D4363465B190B63B32A0FD3B32210E025
S31508015DC0FC0302A8743F0000703E0000100002A800
S31508015DD01C2002A81C1002A8E40000AA0F2A00D25F
S31508015DE00F227D485043C00C7C49784B1960411CF1
S31508015DF009030301C01A1018401C00010843B066C4
S31508015E00714D7748A864C0208001F06056487549ED
S31508015E10416775498167F020000168657809B061B5
S31508015E200A2000F03DFB82204002B066C42000062D
S31508015E30F060C02040016D490860012000F030FB88
S31508015E400120F060062000F02BFBF760082000F027
S31508015E5027FB7802F0604008F0604008F060C00057
S31508015E60F0604000A864032000F01AFB7800574947
S31508015E70086004E05E4A4021002001F015F8002080
S31508015E80C0431149086000F070FA9B4E401DC001DD
S31508015E90316B47188020C00198494D6F05409849D4
S31508015EA008600498874214D2316B401A00F0E6FA6A
S31508015EB000280DD0934805604CE000BF0C0000AAED
S31508015EC0204000A8684101A8B46000A8085100A8AC
S31508015ED0049F8D482349C860012000F0E1FA606AF1
S31508015EE0F0628020400020490860380000F0C6FAB8
S31508015EF0864F3878C00703D58C204005FEF72AFE61
S31508015F0068460078002806D17C48006878678020B2
S31508015F10C0037F4908607B4805602B4802218164DC
S31508015F20C02189018164606A706268460078002828
S31508015F300AD0012000F0B4FA5020385C000603D5D7
S31508015F408020000396490860206CC00202D52048CB
S31508015F500068306305B0F0BDF03E0000685000A847
S31508015F60D4E40350601102A8B81002A804500950DD
S31508015F70600102A800000000000400080008010CE6
S31508015F8001100218021C0324042C043005340000F5
S31508015F9080B55E490978C90701D5002803D0C02014
S31508015FA08000FFF77FFDFEF7DDFD954900220A60B7
S31508015FB00A22CA61FEF7DFFD9248C0218902016003
S31508015FC09149416001BD0000242102A8C82102A807
S31508015FD0F83F0000D6FEFFFF89880000F0F00000B8
S31508015FE004040000020300000004FF00B05101A8E8
S31508015FF0050700008548806B800300D47047F8B513
S315080160008348006800900024002001260099314049
S3150801601001D0C02080017F4902220A60086408274E
S315080160207D4807607D480068C00403D47C48006841
S315080160303840FBD07B4D34486865042000F030FABF
S315080160408820C00468650098304027D0F005686547
S3150801605080006865012000F023FA6E65F003686523
S315080160604002686500F0A8FC0600FEF795FD674842
S31508016070006C40040DD400BF00BF00BF00BF00BFC5
S3150801608000BF00BF00BF00BF00BF802000066649F1
S315080160900860FEF786FD300000F092FC634E00981A
S315080160A0C00501D5376000E034607460C020000681
S315080160B06865C00C5E490860012000F0F1F9F0201E
S315080160C00001E8665B480099C90502D5032101600C
S315080160D000E0046086204002574908605748686511
S315080160E02F60A020286534647464B80247490860A3
S315080160F0000153490860F1BD743F000020C001A8A2
S3150801610094E001A894D001A802400000703E000066
S315080161101C1002A8F8B54B4800680D27074004244F
S31508016120002F00D104274848102566030821474A4D
S31508016130474B1B682340126814D04260394004D08B
S315080161400220FEF736FC434806603C4007D0424829
S315080161500068054340480560B0083E4908600220CA
S315080161603E4915E00260394005D00220FEF721FCC0
S31508016170A002384908603C4006D0374801680D43FB
S3150801618005607009334908603448066030032C49B4
S315080161900860FFF72FFF00210020FEF792FBF1BDF3
S315080161A01C2002A810B580202D490A6802400AD091
S315080161B02C4B1A680624144005D15C6E2A4A2240E3
S315080161C01B6D9C0101D5002010BD096808400DD042
S315080161D02648824203D1180501D5012010BD24485D
S315080161E00068C107C90F481E8041C00F10BD21486C
S315080161F003210164A821C1631021016070470000D1
S31508016200D80000AA442002A804000080100002A8B1
S31508016210FC0302A82C1102A8106001A8D84001A805
S31508016220104001A8182102A804600950600102A8BB
S31508016230B06101A8548001A8C82102A8043400004D
S31508016240482002A8B44000A8E83E00001CC101A8E5
S31508016250480002A8441002A8683F0000685000A838
S31508016260440002A814C001A81F1F0000010C000069
S3150801627030C101A8082002A86C480068012108421B
S3150801628009D16B4A12686B4B000C1840F0329140E9
S315080162900B40984201D00220704700207047F8B59C
S315080162A007000F386A461080604CE0680A0004D17E
S315080162B06B461B8882B29A423AD200226B461A80F2
S315080162C0012502263A0013D02268324007D0002958
S315080162D02ED059480088401C5749088000203900AB
S315080162E0216156490E6080B2B84201D369460D80D4
S315080162F05348456000E030BF2068304003D1FFF7BE
S31508016300BBFF0028F7D04D484560390010D02168F9
S31508016310314005D048490A886B461B88D2180A803D
S31508016320066000202061E068B84201D24448066050
S31508016330FFF7A2FFF2BD38B5050000F03DFB0400EA
S31508016340012199204543A8093E4A12688018123846
S3150801635080B2FFF7A4FF05008020C0013A49086012
S31508016360200000F02DFB280032BD3348038835494B
S31508016370096802889342F9D1100408187047FEB5D6
S315080163801238070C6946088000F016FB0190274C65
S31508016390294D2888B8421ADA01202C490860274E67
S315080163A030BF02202168014006D0306040032649EB
S315080163B008602888401C2880FFF75EFF002802D164
S315080163C02988B942ECDB0121716000280DD12888A2
S315080163D0B8420AD1E06869460988884205D200218F
S315080163E068460088FFF75BFF01E0FFF745FF0400F9
S315080163F08020C00114490860019800F0E1FA2000E4
S31508016400FEBD10B512490A680E4B1B680C6894420A
S31508016410FAD0DB014033141A02D288692418641CA5
S315080164200C4800684443181B10BD0000280002A848
S3150801643004ED00E0FF3F0000503E0000282002A8BE
S31508016440281002A8340002A880E200E02C1002A855
S3150801645020C001A8B43F0000F0B502E00A601C6044
S315080164602E607EC84F1C07D05F1C04D06F1CF5D167
S315080164700A601C60F0BD0A60F0BD000010B5C409D1
S31508016480FFF773FF201A312806DAC000183801D43D
S31508016490C01EFDD5002010BD2000FFF770FF10BDFE
S315080164A0C32148436F3801D41E38FDD500207047F3
S315080164B080B5FEF77EFA01208C49086001BD38B522
S315080164C08B490C6808258B490D60FFF7F1FF2C40B5
S315080164D001D08948056031BD80B5EB2000F001F88F
S315080164E001BD30B585490B6818401022134211D0F9
S315080164F0834BFB24A4012468224008D0B04A1468BF
S315080165002402FF252D0225401D63002414608022E4
S3150801651052031A60086030BDF3B5010016001C006D
S3150801652000250095A748019A330000270BE0BC46D1
S315080165304F5D4743AE009E597E40575D47433740FE
S31508016540664637436D1CA542F1D3390939438A0892
S315080165500A43510811430840C10901430F208A0B18
S315080165600A4302405040F6BDF1B582B00E00002044
S3150801657093490860FD25AD01EF7AA87A01900F21AC
S31508016580394000910ED00B468F4A90490298FFF781
S31508016590C3FF019901408A4801608D4841438D48EE
S315080165A0084001D1012400E04401380915D0320020
S315080165B03B0929000298009E6D7A75194019FFF763
S315080165C0ABFF0199091101407D4802680B0113438C
S315080165D00360002901D0480044437F4800682040F1
S315080165E001D10420FEBD0020FEBD80B50A000021B0
S315080165F011807A4952888018FFF7B6FF02BDF0B5B7
S315080166000F22774B5C7905780F202040C540200979
S31508016610284001259C79C4402C4001D10320F0BDB6
S31508016620FB24A4012468254008D06E4D9E684700C6
S31508016630F65B761E2E608026B601EE60DD78DE7981
S31508016640C640F00711D5E0060FD5002D0DD06648D6
S3150801665048600888488008881C7800192A408018EC
S315080166605A7880182A09801800E00020088000203E
S31508016670F0BD10B55D4801685D4A0820014200D0A9
S315080166809061C90602D58C210901116059495A4AF6
S315080166905A4B1B681B040CD54B685C0402D5C30313
S315080166A0136006E0C024A4011C4043029C4200D0AA
S315080166B010600B68034005D0514B1B689B0F9B0765
S315080166C000D01060FB2080010078C023034002D16E
S315080166D0802040051060086820210840106049485C
S315080166E00068C00101D4FFF7F7FE10BD2C4000A8D1
S315080166F04C4000A84C6000A84C5000A8703F000010
S315080167001C1002A8F8B5404F38687E6806403F4815
S3150801671030403F4908608024A4033E4DF00228D545
S31508016720FB208001016801200A0605D53A49096856
S31508016730A9602870022014E0014202D03749A960F5
S315080167400FE00020C9060CD52749A960344A91787B
S315080167500B071B0F12789A1809095118A980E880A6
S31508016760A888A880A888002801D0264301E0FFF759
S31508016770B3FE264023D0264E74603460A8880028CC
S315080167800BD0396A814208D3291D2648AA68904741
S315080167900100F3D0FFF78CFEF1BD01000CD0FC21FE
S315080167A08902F16120490203CA6134604C603A6A80
S315080167B0824204D30C60F1BDEB20FFF792FEF1BDD6
S315080167C0303E000001010101F83E0000383F00009B
S315080167D01111000021840000F43E0000183F00005A
S315080167E0483F0000204000A8B3220000F84F0000EF
S315080167F0502102A8184001A8481002A8684101A81A
S315080168004C4201A8D04000A8B44000A8FFFFDFFF12
S31508016810B46000A8343E0000C83C0000C72200004E
S31508016820493F0000D84000A8B45000A870B505003B
S315080168300C0000F0C1F80600FEF7AEF92002054388
S3150801684006480560022006490860FEF7AAF93000E5
S3150801685000F0B6F801200349087070BD048009509C
S3150801686040900950543E0000FEB5C020C00433498B
S3150801687008603348334948653348886533484024B6
S31508016880046044601020FFF70BFE002854D1FF2056
S3150801689000052F4908602F482F4908602F482949C4
S315080168A00860A5032A4805602D4807680820FFF7F0
S315080168B0F7FD002840D108262A4806600120FFF77F
S315080168C0EFFD2748806801902748066027481D493B
S315080168D008601F4805600820FFF7E2FD00282BD154
S315080168E0204806600120FFF7DBFD1D4880680090FF
S315080168F01D480660134D1E4828600199009800F04E
S315080169003FF88606B60E0198C10B0098C00B00F039
S3150801691037F80002FC2189010140314329601048FA
S31508016920076060030A490860124804604460124916
S315080169300164124941640020FEBD000020E000A860
S31508016940571400004C0102A8FF3FFF3F601102A83F
S31508016950B42002A80000380EB41002A83030000096
S31508016960104101A8105101A8106101A810100000DA
S3150801697020200000602102A8F703F000FF3F000075
S3150801698010B54904CA104004C310991A00209A1870
S31508016990D30F9A18521052188B115B0E5B18DB1124
S315080169A0D2182023541A01D422001843CC0F611897
S315080169B049105B08F6D110BDEFF3108072B6704727
S315080169C0002800D162B6704710B5C20018231340DB
S315080169D0FF249C40E2438907090E9940030004D429
S315080169E074489B089B00C01806E0734B0007000F0C
S315080169F0083880088000181803681A401143016096
S31508016A0010BD80B573225421002000F04DFA01BD56
S31508016A1010B5FFF7D1FF694901220A60684B694C35
S31508016A202360694C23600323684C2360684C236008
S31508016A30684B1A60684B1A60684B80241C601A60A0
S31508016A40674A1A6011228A63FFF7BAFF3F20654930
S31508016A50096801400A1D402A00D2081D624A1070C1
S31508016A60A548017010BD80B501001120FFF7ACFFE4
S31508016A7001BDFFF7A1FF05000024012160B2FFF760
S31508016A80A3FF641C0E2CF8D301210F20FFF79CFFEE
S31508016A9001211320FFF798FF01211720FFF794FF23
S31508016AA003210120C043FFF78FFF01211E20FFF7B5
S31508016AB08BFF4E484E49086002204E490860012066
S31508016AC09B49086047044C4C20693840FCD0206833
S31508016AD0800101D4FEF70EF82800FFF771FF474839
S31508016AE00068400311D4FF2226325321002000F00A
S31508016AF0DBF90AE000281CD0FEF734F819E0206912
S31508016B003840FCD02800FFF75BFF206E0004000F19
S31508016B10022801D1FEF7AAFCFFF74EFF0500774EC2
S31508016B20FEF730F800287078E4D0002801D1FEF786
S31508016B3022F801202F493278002A05D17D4A1268A8
S31508016B40920600D4086030BF0022327002220A6021
S31508016B5077490860D3E77848016842680A4080485F
S31508016B60104018490860800700D4704710B57D4861
S31508016B700188491C0180FB24A4012078000617D549
S31508016B8079490A680F20120B0240032A10D1774A65
S31508016B9012685207520F032A0AD80968090B0840D6
S31508016BA0032805D10D20FFF78AFCE08A401CE08204
S31508016BB010BD000000E400E01CED00E0040002A89E
S31508016BC00000FF3F282002A82C1002A840E002A8D6
S31508016BD044C002A804C001A8044001A8145001A891
S31508016BE0200060062C8001A8523E0000FFFF9B4052
S31508016BF000E100E0602002A8500002A8F80702A8F8
S31508016C00F8B55B4C206865680540904805605948A9
S31508016C10284007D0FDF7C9FF002803D028005649A8
S31508016C20096888470121022289480078C00701D5E9
S31508016C30022300E001232B408648002B10D0864B07
S31508016C401A60864A12680A4007D10268F0231B05B2
S31508016C501340902212059342F3D00902804A11602B
S31508016C6080210D4220D0A26AF823DB0113401BD0F4
S31508016C70C0221201934217D880231B06894E33601E
S31508016C80A76AF826F6013E40374F3F683F043F0F93
S31508016C90022F01D0032F03D1002E01D09642EFD344
S31508016CA0904A1360694A11608F49097806290DDAF5
S31508016CB0CC20800128401DD0FFF77EFE0400280065
S31508016CC0FDF72FFC2000FFF77BFEF1BD806B8005E9
S31508016CD010D58648284005D0FEF798FA2800FDF712
S31508016CE020FCF1BDA80205D580204001574908605E
S31508016CF07F490860F1BD0000533E0000553E000083
S31508016D0010B57C48016844680C407B4804608021C2
S31508016D100C4205D04160794801600020FDF701FC6D
S31508016D20600403D5802040057549086010BD000040
S31508016D30601002A8F40302A8280002A838B5714811
S31508016D40016844680C40E00707D5FFF735FE0500E2
S31508016D50FDF782FC2800FFF733FE6B48046031BD5E
S31508016D60FFFF00C0503E0000B00002A8184001A86D
S31508016D70104001A802000600CC3C0000FEB5634C99
S31508016D80206C676C074001252F4216D02E066048F5
S31508016D90066020685F490D60002802D00021FDF7D2
S31508016DA033FE5D480068A021C90188428041C0437D
S31508016DB0C00F5A4948705A480660FDF7D3FE01903C
S31508016DC0022007403ED06168CEB20F0A5549082213
S31508016DD0494B4403012E24D0022E31D1012F22D151
S31508016DE0514EF6780096504E37780126BE404F4FE1
S31508016DF03E604D4E3678760590277F04F7190326AF
S31508016E003E434B4F3E601C604A4B1C600B68009C1E
S31508016E101B194B65444909788D4047490D60474917
S31508016E200DE00090DFE7002F0AD1454E35600025B9
S31508016E304D655C601C60C104424B196042490A6099
S31508016E40344908600198FDF796FEF7BD106001A860
S31508016E50703E00000C0002A86C1102A8B44000A8FC
S31508016E60B82002A870B5FDF77DFE0400FFF7A4FD62
S31508016E702F490A68D2070FD52A4A566D1368334D2A
S31508016E802E60CE686E604968E9818021C904204E6A
S31508016E903160297B59185165FFF792FD2000FDF7EE
S31508016EA06AFE70BDE06101A8002800D0704770B580
S31508016EB00C00FDF757FE0500FFF77EFD0600FDF7FE
S31508016EC06BFE234804600121224A1160026C0A40C4
S31508016ED0FCD1FDF766FE3000FFF772FD2800FDF7CD
S31508016EE04AFE70BDE05101A8203E00000010400690
S31508016EF0145001A890C001A890E001A80CC001A8EF
S31508016F0004ED00E0C0C000A8C0E000A800C002A8C7
S31508016F10441002A840E002A8404000A8553E0000DF
S31508016F20442002A818800A50693E000068A00A5049
S31508016F3060C101A894D001A868900A50F42302A858
S31508016F4060E101A880E200E0F41302A8603E0000B7
S31508016F50008009504090095080B5FDF726FE0028AB
S31508016F6001D000F0B3FE01BD80B5FDF75BFEC34855
S31508016F70006800030AD4FEF711F9FFF73BF8FEF79C
S31508016F8089F80120FFF704F8FEF7EAFC802080055E
S31508016F90FDF7E0FD01BD80B5FDF744FE8020400206
S31508016FA0FDF7D8FD01BDFEB505208D4908608D4860
S31508016FB006680124264201D1FDF74AFFFDF732FE94
S31508016FC09C49086800909C4849680160B105CA0F48
S31508016FD069460A710025264210D0009597494968E5
S31508016FE001609648026896490B68981A9A4202D334
S31508016FF08B69C018401CA24B9842F5D3A14805607D
S3150801700068460079002804D031000098FDF764FB32
S31508017010009000279B480068204003D16846FDF789
S3150801702044FF0700FDF79AFF002840D08348407CBB
S3150801703000283CD19449814DEE680A6933689A4221
S3150801704000D00120914A9446914A13780622534367
S315080170506246D35AB4460200182672436646B218E7
S315080170605360009A0192EA6801234340182043437A
S31508017070D61830680861B0680860A248F1680160EE
S31508017080316901627069A049086001A8FDF70DFF21
S31508017090002806D17D497E4A127806235A43895A21
S315080170A07160390007000F4301D16C7401E0002FAC
S315080170B002D10098FDF774FF9E48046002209E499C
S315080170C00860C820C004BC4908606004FDF742FD99
S315080170D0F7BDF8B5994C8025EF02FDF73FFF00286B
S315080170E008D097480078002804D13800FDF732FD0A
S315080170F02560F1BD206CC00506D5802000062060FC
S3150801710000BF00BF40082060FEF72AF8FDF78AFD98
S31508017110FDF780F90600A948A9490860FFF71CFF91
S315080171203800FDF717FD002E00D025600120A5497E
S315080171300870F1BDF8B50120FFF795FCA24CA348EC
S3150801714000682060FDF76EFD7820205C052101406E
S3150801715002D0FDF70BFE01E0FDF716FE774D02277B
S31508017160A06F384001D0012028601020C0439849FB
S3150801717008600026EE6397480660FDF716FD0028AD
S3150801718002D000F0F0FD00E06663FDF7D5FC9248F9
S315080171900068296C090407D4000705D5FDF7E2FC48
S315080171A08E490F60FDF7E7FCFDF7CFFCFFF761FAA3
S315080171B0B804FDF7CFFC0020FFF755FCF1BD80B5FB
S315080171C0FDF730FD2D480068000303D4FDF762FF83
S315080171D0FEF7C6FB80204003FDF7BCFC01BD00009D
S315080171E05C1102A8440002A838B5FDF71BFD534CF3
S315080171F02025FEF7D7FF002806D0606B000704D5C7
S31508017200FEF7F5FFFEF746FC2560FDF743FFFEF79F
S31508017210A7FB734800780C210140042902D1FDF728
S31508017220A5FD01E0FDF7B0FD6804FDF793FC4020DC
S31508017230206031BDB83F00002C3E0000CC3E000066
S3150801724020C001A81CB5052066490860FDF7EAFCBF
S31508017250FEF7CDFF6448006800906846FEF7DAFB42
S315080172600400FFF779FE002C02D10098FEF740FCD6
S3150801727080204004FDF76EFC13BD00000C0002A837
S3150801728001FF0000283E0000348001A8463E0000A8
S31508017290403E0000F8B5FDF7C5FC544CA56A5020E0
S315080172A0284002D0FDF762FD01E0FDF76DFD234F91
S315080172B0FEF778FF00281BD1B86B40071DD4786B01
S315080172C0E0214901014018D1A80611D4FDF734FC83
S315080172D0A56A474E354207D0FF20C0432D18A5623F
S315080172E080200005A9490860FDF72FFC2E4002D031
S315080172F00120386001E00020206080208004FDF72D
S3150801730029FCF1BD1C4101A8284000A880B5FDF75C
S3150801731089FC9F480068C00501D5FDF7BBFE012021
S31508017320FEF736FEFEF71CFB8020C004FDF712FCB3
S3150801733001BD0000442002A8305201A8100002A88D
S31508017340DD3E000010B526480468FDF76BFC91493F
S31508017350096809032AD40321C00601D5214001E0A1
S31508017360A0080140012902D1FDF700FD0BE020012B
S3150801737007D50E20FFF79CF88748042101600821EC
S315080173800160FDF701FDFDF778FD844C206984490C
S315080173900860FFF7E1FD2068002807D040001228A1
S315080173A002D2FFF77DF801E0FEF7C5FF80208003D2
S315080173B0FDF7D0FB10BD0000106001A87001200088
S315080173C0B46000A8553E0000783E000008C000A839
S315080173D0482002A8303E0000844000A8D4E40350A7
S315080173E0F03E00005C1102A8CC3F0000C83E000038
S315080173F000FFFF00FEB500246A490C7301206946A7
S3150801740008700294FDF70EFC0600624F3868000307
S3150801741000D5B5E003209F4908649F480268FF200C
S3150801742080019E4910255F4B1B78DB0720D5120783
S31508017430120F022A03D09A4A12682A4004D1594ADD
S315080174405268584B5B7801E08A680B688E6A096A4C
S315080174500091911B14225143DBB2C918009A891A6B
S3150801746009014068081801D5019453E0019051E0DB
S3150801747013071B0F032B03D01204120F062A3AD146
S315080174808968426802923A6C920701D5806802902F
S315080174900800FEF7B6FF0299401801D5019400E0ED
S315080174A00190B86B0107C80F03213F4A12680A40C9
S315080174B0022A1AD12E4018D03A4A126DD30512D58E
S315080174C0FE6B984B1E409E4202D172490D640CE038
S315080174D092050AD43A6C2823134006D16B461C70D0
S315080174E02A4A116001E06A461470029068460678D5
S315080174F0002E03D10FE0006801900126FEF752FE27
S31508017500002808D0FEF773FE0298002802D0FEF77D
S31508017510C1FA00E0002602205E490860002E10D05C
S31508017520214800780C210140042902D0F86B054056
S3150801753002D0FDF71BFC01E0FDF726FC2020786050
S315080175401EE018480078C00705D55548006805406B
S3150801755001D1FDF71DFCFDF79DFD802000060B49B5
S3150801756008600020C0437049086001A8FEF752FA76
S315080175700400FFF7F1FC002C02D10198FEF7B8FAD6
S3150801758080200004FDF7E6FAF7BD0000481002A8BE
S31508017590680102A80C0002A880E200E0AC3F0000E6
S315080175A02C3E0000703E0000F03E0000FEB50024AF
S315080175B05E490C730094FDF735FBFFF7CDFC5C4D76
S315080175C0E86E5C4E0007000F07280BD16868002893
S315080175D008D40020FEF7DCFC306857490860FDF73F
S315080175E0D5FC52E001201027696849070DD4534993
S315080175F00968014009D001024C4A126D0A4208D0B5
S31508017600520502D42A68114001D1009001E04C4884
S31508017610076046480078C00705D521480068384004
S3150801762001D0FDF7B5FB474801680320009A002AF7
S3150801763001D0890900E00909084001900020FEF7F8
S31508017640A7FC0198002805D16868074002D1FDF713
S315080176509BFB01E0FDF78AFB00200099002903D175
S3150801766039480068FEF7CDFE7169401801D50094C6
S3150801767000E000906846FDF718FC002805D100983F
S31508017680FDF78EFCB0692C49086080200005FDF7DE
S3150801769061FAF7BD082002A8B00002A804C101A832
S315080176A0B04301A8F8B5FDF7BDFA0024002527481F
S315080176B0466B80277F05300606D5300709D5FEF7C4
S315080176C096FDFEF7E7F929E001251C4800682840E0
S315080176D019D00020FEF75CFC0220064002D01C49A6
S315080176E00C60C8611B480468002D03D02000FDF713
S315080176F07FF80400FEF77BFD2000FEF7F9F9380054
S31508017700FDF728FAF1BD0F480078C021014040294C
S3150801771002D1FDF72BFB01E0FDF736FB20200B49D3
S315080177200860ECE710000010B46000A8703E000085
S31508017730440002A8BC3F00002C3E0000B44000A84B
S31508017740481002A8F03E00001CC101A8100002A8BA
S31508017750180000AAD83F0000FFF75AF90248034962
S315080177604860FFF786F900BF3B27000000000000CC
S3150801777080B5EFF305800B2801D23A2100E02921D3
S31108017780FF2216320020FFF78FFBFEE700
S30D0801778CFC91FE7F01000000DB
S31108017794A0770108E07F002064000000D7
S315080177A00000000000000000FFFF0000C0EA210100
S315080177B0C0EA210100800000C01753020400E40C4E
S315080177C00A0000007081002003000000C0170108AC
S315080177D000000000FFFFFFFFFFFFFFFF20800020E2
S315080177E07C0E0020B81601080200000001500008AE
S315080177F0000000000000000000000000000000007A
S315080178000B000000FFFFFFFF00090000FFFFFFFF5D
S315080178104017010848170108501701085C170108A5
S3150801782068170108701701087817010884170108F5
S315080178308C170108941701089C170108A417010859
S31508017840AC170108B0170108B41701082017010879
S315080178502817010830170108381701080A0000001F
S315080178608C2F01080100000094650020010000002A
S315080178709C6500200000000003000000447B0020F6
S31508017880C480002000000000447B0020AC7B00205F
S31508017890147C002000000000000000000000000029
S315080178A000000000000000000000000000000000C9
S315080178B000000000000000000000000000000000B9
S315080178C000000000000000000000000000000000A9
S315080178D069090108A8370108FFFFFFFF1F0C010806
S315080178E01B0C0108FFFFFFFFFFFFFFFF2F0C01081D
S315080178F0E10E0108FFFFFFFFB30F0108FFFFFFFFBE
S31508017900FFFFFFFFFFFFFFFFFFFFFFFFCB26000083
S31508017910FFFFFFFF0002FFFF0C0000000000280127
S3150801792001FF0C01FF0F0000650900083D09000869
S70508000A499F
