:020000040800F2
:1000000000080020490A00082BE400082BE400083F
:10001000DBF300082BE400082BE400082BE40008C5
:100020002BE400082BE400082BE400082BE4000874
:100030002BE400082BE400082BE40008F968000812
:100040002BE400082BE400082BE400082BE4000854
:100050002BE400082BE400082BE400082BE4000844
:100060002BE400081D5600082BE400083D50000852
:100070002D5000082BE400082BE400082BE40008B6
:100080002BE400082BE400082BE400082BE4000814
:100090002BE40008291200082BE400082BE40008D8
:1000A0002BE40008010E0008D90D00082BE400081D
:1000B0002BE40008EDD7000899E200083F0601088C
:1000C0003B06010829DA0008550601084306010825
:1000D00069E2000847060108D9E2000841E3000888
:1000E0002BE400082BE40008657000082BE40008EE
:1000F0002BE400082BE400082BE400082BE40008A4
:100100002BE400082BE400082BE400082BE4000893
:100110002BE400082BE400082BE400082BE4000883
:100120002BE400082BE400082BE400082BE4000873
:100130002BE400082BE400082BE400082BE4000863
:100140002BE400082BE400082BE400082BE4000853
:10015000A1C700082BE40008290601082F060108A2
:100160002BE400082BE400082BE400082BE4000833
:100170002DE9F04F2DED028B93B082460C4693464D
:100180001D4657EC106B8DED080B32463B46304652
:10019000394608F0C1F8002800F009814FF0FF321D
:1001A000B14B3046394608F0DFF8002840F0FF80B8
:1001B0004FF0FF326FF480133046394608F0B6F83E
:1001C000002840F0F48000220023DDE90867304673
:1001D000394608F0ABF8002840F0FC809DED087B24
:1001E0008DED067B209B13F48063119301D10623D0
:1001F0001E93DDE906010246C1F30A50C1F3130361
:10020000904643F07F5949F44019A0F2FF3007F0BF
:10021000B1FD83A3D3E9002307F016FE82A3D3E93F
:10022000002307F05BFC06460F4600228F4B40463A
:10023000494607F051FC7EA3D3E9002307F004FEF2
:1002400002460B463046394607F048FC08F096F85F
:10025000064607F08FFD8046894677A3D3E9002341
:1002600007F0F2FD0022824B07F038FC08F086F818
:10027000074673A3D3E900234046494607F0E4FD4F
:1002800080468946384607F075FD6FA3D3E9002301
:1002900007F0DAFD02460B464046494607F01CFCD3
:1002A0008046894602460B4607F0CEFDCDE90C019B
:1002B00007F2FF3700210022CDE90A123B050B931C
:1002C00000230A9342464B464046494607F006FC47
:1002D000CDE90E0142464B4600204FF0804107F029
:1002E000FBFB804689460022624BDDE90C0107F0EA
:1002F000D5FE0022604B07F0F1FB02460B46DDE91C
:100300000C0107F0CBFE00225C4B07F0E7FB024636
:100310000B46DDE90C0107F0C1FE02460B464046E4
:10032000494607F0DBFB02460B46DDE90E0107F00C
:10033000B5FE0022524B07F0D1FBDDE90A2307F09E
:1003400083FD8046894649EC188BDDE9062308F0D9
:100350000BF840B1013E0022474B4046494607F0AA
:100360009DFE41EC180B06F16303C62B3BD8042716
:10037000209B13F4006F40D035A3D3E90023DDE9BF
:1003800006894046494607F0E5FF00283BD032A3E6
:10039000D3E900234046494607F0C8FF002832D081
:1003A0001E9BB34221DD9E1B731E1E931FE0209BEC
:1003B00002931F9B01931E9B00939DED080B2B4600
:1003C0005A462146504600F0CBF813B0BDEC028BE4
:1003D000BDE8F08F9FED227B8DED067B069607F141
:1003E00000430793FEE60527C2E700231E93209BE8
:1003F00043F48063209300273E461F9B9F4241D2D7
:10040000A3EB070840E01E9B002BF6D0119B002BAE
:10041000F3D01E9B013B1E93EFE700BFAFF30080BC
:10042000FB799F501344D33FB3C8608B288AC63FE3
:1004300061436F63A787D23F71A379094F930A4045
:100440001655B5BBB16B0240EF39FAFE422EE63FBE
:100450002D431CEBE2361A3F0000000080842E4141
:100460000000000000000000FFFFEF7F0000F83FE9
:100470000000E03F00002C40000024400000184035
:100480000000F03F4FF00008209B13F0020902D05B
:100490000FB14FF000083EB153EC182BDDE9060117
:1004A00007F0FCFDCDE9060100220023DDE908018B
:1004B00007F03CFF00283BD1209B23F4006302930C
:1004C000CDF804801E9B00939DED060B2B465A46EB
:1004D0002146504600F044F8002F3FF476AF209BB1
:1004E00013F0200F2CD04FF0450C00F101082B46E3
:1004F000024621466046D04786EAE672A2EBE672E3
:1005000005230593013F0497002303930A230293D5
:10051000F30F019300922B464246214650460FF0BE
:100520008FF8B9F1000F3FF450AF02461F9F10E063
:10053000DDE90601024601F10043CDE90623BBE7F0
:100540004FF0650CD1E7561C2B4621462020D047A2
:100550003246A2EB0B03BB42F5D3104635E700BF92
:100560002DE9F04F2DED028B93B005900891924646
:100570009B4659EC108B1E9D42464B4640464946D1
:1005800007F0CAFE002840D04FF0FF326FF480130E
:100590004046494607F0CAFE002845D14FF0FF32D9
:1005A000B14B4046494607F0DFFE00284BD1AAA3D5
:1005B000D3E900234046494607F0D6FE00285AD129
:1005C000A7A3D3E900234046494607F0AFFE002821
:1005D00051D1002200234046494607F0A7FE0028DB
:1005E00057D100230993209B13F4806F5CD0002423
:1005F0001F2C5BD8092D59D904F148036B443022D4
:1006000003F8202C013D0134F2E7209B03931F9B4C
:10061000029303230193954B00935B46524608993E
:1006200005980EF033FF10E1209B03931F9B02936C
:10063000042301938E4B00935B465246089905981C
:100640000EF024FF01E1209B13F004030FD0894A30
:100650007BB10423209903911F9902910193009289
:100660005B465246089905980EF010FFEDE0824A6D
:10067000EEE70323EEE7209B02931F9B0193009577
:1006800049EC108B5B46524608990598FFF770FDC0
:10069000DBE042464B460020002107F01DFA804671
:1006A0008946012309939EE70625A0E7404649466F
:1006B00007F064FE064607F05DFB02460B46404627
:1006C000494607F009FA6D4B03EBC50393ED008B28
:1006D00053EC182B07F0B8FB02460B46CDE9062376
:1006E00007F074FE074607F035FB02460B46DDE9CE
:1006F000060107F0F1F902460B46CDE90623002278
:100700005F4B07F031FE50B30137384607F022FB4C
:1007100002460B4651EC180B07F012FE08B10136E9
:10072000002755BB304607F025FB02460B464046E6
:10073000494607F0D1F9804689460022504B07F020
:10074000F5FD38B100224E4B4046494607F00CFEFD
:10075000002842D016F0010F3FD001363DE00022C4
:10076000474BDDE9060107F0E1FD0028D9D117B1BB
:1007700017F0010FD5D00137D3E71F2C17D8013D53
:10078000404BA3FB0723DB08194603EB8303A7EBCE
:100790004303621C303304F148000DEB000404F8FD
:1007A000203C092F02D90F461446E6E714461F2CB9
:1007B0000AD86B1E45B104F148026A44302102F8A0
:1007C000201C1D460134F2E71F2C06D804F1480313
:1007D0006B442E2203F8202C01341F2C17D82A4AF0
:1007E00082FB0632F317C3EBA2031A4603EB830323
:1007F000A6EB4303611C303304F148000DEB000409
:1008000004F8203C16460AB10C46E6E70C46209B4D
:1008100003F00303012B39D01F2C09D8099B002BAF
:1008200051D004F148036B442D2203F8202C0134ED
:10083000209B03931F9B029301940AAB00935B469A
:100840005246089905980EF021FE13B0BDEC028BBC
:10085000BDE8F08FAFF300800000000065CDCD4112
:100860000000000065CDCDC1FFFFEF7FDC0B01086C
:10087000E00B0108D00B0108D80B0108E80B0108B8
:100880000000E03FCDCCCCCC676666661F9BB3B161
:10089000099B1BB9209B13F00C0F12D01F9B013B2F
:1008A0001F93194606E004F148036B44302203F815
:1008B000202C01348C42AFD21F2CF4D9ACE71F9905
:1008C000F8E71F99F6E7209B13F0040F07D004F117
:1008D00048036B442B2203F8202C0134A8E7209B0B
:1008E00013F0080FA4D004F148036B44202203F84E
:1008F000202C01349CE700BF0348044B834202D004
:10090000034B03B118477047B4940020B4940020FF
:1009100000000000064B0749C91A891048BF013181
:10092000491003D0044B0BB101481847704700BF72
:10093000B4940020B49400200000000010B5064CD0
:10094000237843B9FFF7D8FF044B13B10448AFF342
:1009500000800123237010BD689200200000000079
:100960000C69010808B5054B1BB105490548AFF3F3
:100970000080BDE80840FFF7CDBF00BF00000000C9
:10098000400A00200C690108A3F5803A704700BFB7
:10099000174B002B08BF134B9D46FFF7F5FF0021B7
:1009A0008B460F461348144A121A0FF01BF80E4BD1
:1009B000002B00D098470D4B002B00D0984700200B
:1009C000002104000D000D48002802D00C48AFF3B0
:1009D000008007F091FF200029000EF030FF07F0A3
:1009E000C3FE00BF0000080000000000000000007F
:1009F0000008002000080020A09200200000000055
:100A000000000000BFF34F8F0549CA6802F4E0629E
:100A1000044B1343CB60BFF34F8F00BFFDE700BF14
:100A200000ED00E00400FA0508B50448044A121A73
:100A3000921004490DF0FAFC08BD00BF80010008C7
:100A400080010008A092002008B5154B83F30A88A6
:100A500000F030F8FFF7E8FF124A0AE0106851682A
:100A600050F8230041F82300013391688B42F5D3FD
:100A70000C320D4B9A4201D20023F6E70B4A08E0F4
:100A80001168002041F82300013351688B42F7D3ED
:100A90000832074B9A4201D20023F6E7FFF778FFAE
:100AA000000000201469010820690108206901087C
:100AB0002069010870B5134B134A9A60D3F8882057
:100AC00042F47002C3F88820104A4FF480419166C6
:100AD0000F4D05F500544FF0FF3222660D4A626655
:100AE0000222C3F8D020BFF34F8FBFF36F8F0020D7
:100AF00003F022F94FF44036E66000200EF07DF955
:100B00002E6170BD00ED00E0000000080090005074
:100B100000800044F7FF3700014B1860704700BFAA
:100B2000B092002008B5064B1860064B1B6F03F00F
:100B30000703032B00D008BD0FF0B6FDFBE700BF95
:100B4000B89200200080005010B504460FE0012349
:100B5000834024EA03040F2814D800EB40020E4B14
:100B600003EB82035A6812B19968C0B2904794B1FE
:100B7000234600201F28EAD813F0010FE7D10130E7
:100B80005B08F7E7103800EB40039B00B033024AE4
:100B900013440433E6E710BD580A002008B50D4899
:100BA0000FF09AFE192003F0B7F828B91A2003F0C5
:100BB000B3F840B9002008BD192003F0BDF8192092
:100BC0000EF01BF9F2E71A2003F0B6F81A200EF027
:100BD00014F9EFE7780B010840B310B50446037829
:100BE0004BB1022B1DD0032B1ED0012B01D00023B3
:100BF00003E03F2301E040F2FF336278D34013F07B
:100C0000010F15D00FF05CFE23786278012191402E
:100C100003EB43031B01074AD1500FF04CFE0020A9
:100C200010BD40F2FF33E8E73F23E6E7222070479C
:100C30002120F5E740D0035040B310B504460378B7
:100C40004BB1022B1DD0032B1ED0012B01D0002352
:100C500003E03F2301E040F2FF336278D34013F01A
:100C6000010F15D00FF02CFE2378627801219140FE
:100C700003EB43031B01074AD1500FF01CFE002079
:100C800010BD40F2FF33E8E73F23E6E7222070473C
:100C90002120F5E740E00350002866D02DE9F0411F
:100CA0000C4615461F460646002960D002784AB118
:100CB000022A3ED0032A3FD0012A01D0002303E0BC
:100CC0003F2301E040F2FF337178CB4013F0010F76
:100CD00001D1FF2A4DD1022D01D9042D4BD10FF0A6
:100CE000EFFD80463378FF2B28D12368B3F1FF3F17
:100CF0002BD02268B2F1FF3F32D0204B02EB4202F0
:100D000003EB82025760226802EB420203EB82038C
:100D1000069A9A603378FF2B05D02268012393400E
:100D2000174AC2F8243440460FF0C5FD0020BDE844
:100D3000F08140F2FF33C7E73F23C5E72A46216829
:100D4000304602F029FC2060CFE73378FF2BD0D16A
:100D50000C4BD3F8241470780EF011F82060C8E71B
:100D600040460FF0A8FD2D20E1E722207047222009
:100D7000DDE72120DBE72120D9E700BF580A00206A
:100D800000D0035000C00350B0F1FF3F1AD038B577
:100D900004460F2818DC002818DB0FF091FD012312
:100DA000A3400B4AC2F82034C2F82434094B04EBA8
:100DB000440203EB82020025556095600FF07BFD35
:100DC000284638BD212070472120FAE72120F8E786
:100DD00000E00350580A002008B5084BD3F824045B
:100DE000D3F82024104000F0553020F0502003F5B7
:100DF0000053C3F82004FFF7A7FE08BD00C003504E
:100E000008B5084BD3F82404D3F82024104000F090
:100E1000AA3020F0A02003F50053C3F82004FFF708
:100E200093FE08BD00C00350F0B585B00C46944653
:100E30009DF83410664A1278002A00F0BD800546FD
:100E4000BCF1070F00F2BA800A9A002A00F0B880BD
:100E50000B9A002A00F0B6800E9AB2F5006F00F3EC
:100E6000B38001285BD05B4A02EB0C12127B002A94
:100E700000F0AC8000220092019202920392564A46
:100E800002EB4C1E002C4FD14FEA4C160020905123
:100E9000CEF80400CEF80800CEF80C009EF8020050
:100EA00040F010008EF802009EF8030040F0300081
:100EB0008EF8030021B9C1B241F003018EF803108E
:100EC00000930E9B013B444A4FEA4C1002EB4C113D
:100ED000165A63F30E1616520A9B8B600B9B4B60DF
:100EE000CB789DF83C2062F38303CB70012D36D084
:100EF000109B002B56D0374A4FEA0C1102EB0C1313
:100F000010985050119A5A6000249C605D7372468C
:100F10006946604602F0E4F9204605B0F0BD0C9A3F
:100F2000002AA0D12D48F8E72B4F4FEA4C1607EBCB
:100F30004C120020B85150609060D060907840F022
:100F400010009070D07840F00300D0700029B7D125
:100F500007EB4C12C1B241F03001D170B0E70E4640
:100F60000A7B42F001020A73D2B242F002020A7313
:100F7000CA68042161F39F02F26006F1100796E847
:100F80000F0087E80F00F2696FF0030161F39F0221
:100F9000F2610C9B7361012CAAD10B9AB2610C9A7D
:100FA0007260A5E7002DA6D10B4B03EB4C139A788A
:100FB0006FF304129A709EE70948AEE70748ACE762
:100FC0000648AAE70548A8E70448A6E70548A4E7B5
:100FD00069920020C00C0020C00B0020018000F0AE
:100FE000028000F0078000F0134B1B78FBB110B5B6
:100FF0000446F0B10FF064FC0023072B13D80F4A0E
:1010000002EB0312127B0AB10133F6E723600B4AAD
:10101000190102EB031301241C73002454500FF038
:101020004AFC204602E00FF046FC054810BD05488A
:1010300070470548FAE700BF69920020C00C002005
:10104000048000F0028000F0018000F038B50FF05D
:1010500037FC04460023072B06DC0C4A02EB031284
:10106000127B12B90133F6E7002222B120460FF0BD
:1010700022FC074838BD02F0DFF80025054B1D7043
:1010800020460FF018FC2846F4E700BFC00C0020F3
:10109000058000F0699200200F4B1B78BBB110B5A2
:1010A0000446072815D80FF00BFC0C4B03EB041378
:1010B0001B7B1BB90FF0FFFB09480BE0074B03EB51
:1010C000041300241C730FF0F6FB204602E00548D1
:1010D0007047054810BD00BF69920020C00C002079
:1010E000068000F0028000F0018000F000B583B0BF
:1010F000134B1B68019300238DF804300FF0E0FBC5
:10110000104B1B7833B90F4B01221A700FF0D3FB31
:10111000002309E00FF0CFFB0B480EE00B4A02EB77
:101120000312002111730133072BF7DD08238DF81B
:10113000073001A802F0A4F8002003B05DF804FB1A
:101140001809010869920020038000F0C00C0020FB
:1011500010B5104C2478BCB1072817DC0E4C04EBFA
:101160000014247BA4B10C4C4FEA001E04EB001CBD
:1011700044F80E30029BCCF804300024CCF8084030
:1011800002F0AEF8204610BD0448FCE70448FAE738
:101190000448F8E769920020C00C0020028000F0AB
:1011A000018000F0078000F008B50A4B1B785BB1A6
:1011B00007280BD8084B03EB00131B7B43B100211E
:1011C00002F050F8002008BD0448FCE70448FAE7A4
:1011D0000448F8E769920020C00C0020028000F06B
:1011E000018000F0078000F008B50A4B1B785BB166
:1011F00007280BD8084B03EB00131B7B43B10121DD
:1012000002F030F8002008BD0448FCE70448FAE783
:101210000448F8E769920020C00C0020028000F02A
:10122000018000F0078000F0F8B5194B1F6D5B6D71
:101230001F4002D40125002402E0FEE701346D00C6
:10124000072C24D83D42F9D0124B1D652301124AC8
:10125000D358002BF2D002EB0416B1680131B16013
:1012600072682046984780F00100C0B2737B012B62
:10127000E4D10028E2D0094B03EB44131A7B6FF34F
:1012800041021A731A7F6FF341021A77D6E7F8BD4D
:101290000000045000200450C00C0020C00B0020AF
:1012A00038B505460C46164BD3F8283103F0070332
:1012B000013B052B20D8DFE803F003131B0F0B17AE
:1012C0000FF0CCF9052305B1286004B1236038BDC7
:1012D0000FF0C4F90623F6E70FF00AFA0723F2E746
:1012E0000FF0FCF90323EEE70FF0F8F90423EAE727
:1012F0000FF0F0F90223E6E700231846E3E700BF0A
:101300000080005030B583B005460C4600230193A1
:10131000154BD3F8203203F00703042B21D8DFE864
:1013200003F0030B11161B0001230DB1019A2A6073
:1013300004B1236003B030BD002101A8FFF7B0FF66
:101340001223F2E70FF0D4F901900723EDE70FF035
:10135000BDFA01900A23E8E70FF014FA019009237F
:10136000E3E70023E1E700BF00800050024B4FF4A9
:1013700080321A67704700BF00900050204B98429F
:1013800036D009D91F4B984236D01F4B984222D1F4
:101390001E4BD3F8D0007047A3F5B703A3F55863ED
:1013A000984221D006D91A4B984212D1174BD3F844
:1013B000BC007047174B984202D0174B984203D19C
:1013C000124BD3F8A0007047144B9842F8D000207D
:1013D000704700207047124B984203D10B4BD3F853
:1013E000C800704700207047084BD3F8B80070471A
:1013F000064BD3F8C0007047044BD3F8CC007047BD
:10140000C0EA21010048E801005A62020080E00FB2
:101410000024F40080841E0000093D0040420F00BB
:1014200080BA8C0138B505460C460F4BD3F8803096
:1014300003F00303022B0ED0032B10D0012B06D098
:101440000023184605B1286004B1236038BD0FF0B1
:101450000BF90E23F6E70FF04BF90723F2E70FF035
:10146000FDF80623EEE700BF0080005038B50546C2
:101470000C46104BD3F8000100F00300032815D8E8
:10148000DFE800F002080C10012305B1286004B168
:10149000236038BD0FF022F90323F6E70FF072F94D
:1014A0000923F2E70FF020F90823EEE7002318469E
:1014B000EBE700BF0080005038B505460C46174BDF
:1014C000D3F8200100F00700062823D8DFE800F059
:1014D000040A0E16121A1E00012305B1286004B179
:1014E000236038BD0FF0BAF80523F6E70FF0F6F8E1
:1014F0000323F2E70FF0FCF80723EEE70FF0EAF81A
:101500000223EAE70FF0AAF80623E6E70FF0E6F871
:101510000423E2E700231846DFE700BF0080005005
:1015200038B505460C46104BD3F8400100F00300D7
:10153000032815D8DFE800F002080C10012305B1DC
:10154000286004B1236038BD0FF0C0F90A23F6E724
:101550000FF018F90923F2E70FF0BBF90C23EEE7BF
:1015600000231846EBE700BF0080005030B583B081
:1015700005460C4600230193144BD3F8603203F068
:101580000703013B032B1FD8DFE803F0020E1914F9
:10159000002101A8FFF790FF10230DB1019A2A60E6
:1015A00004B1236003B030BD002101A8FFF7B8FFEC
:1015B0001123F2E70FF09CF801900723EDE70FF0FD
:1015C00089F801900223E8E70023E6E70080005055
:1015D00030B583B005460C4600230193144BD3F875
:1015E000943203F00703013B032B1FD8DFE803F01D
:1015F000020E1914002101A8FFF75EFF10230DB1A0
:10160000019A2A6004B1236003B030BD002101A813
:10161000FFF786FF1123F2E70FF06AF80190072326
:10162000EDE70FF057F801900223E8E70023E6E723
:101630000080005030B583B005460C46002301936E
:101640000C4BD3F8703203F00303012B09D0022BAB
:101650000DD115230DB1019A2A6004B1236003B0A6
:1016600030BD002101A8FFF75BFF1123F2E7002343
:10167000F0E700BF0080005038B505460C46104B1F
:10168000D3F8600100F00300032815D8DFE800F06C
:1016900002080C10012305B1286004B1236038BD95
:1016A0000FF014F90A23F6E70FF06CF80923F2E7BC
:1016B0000FF00FF90C23EEE700231846EBE700BF0D
:1016C00000800050324B984252D029D8314B98427A
:1016D00048D009D9304B984247D0304B98421DD161
:1016E0002F4BD3F8800070472E4B984237D005D946
:1016F0002D4B984210D12A4B186F70472B4B9842B4
:1017000002D02B4B984202D1254B986D7047294B44
:101710009842F9D0002070470020704700207047A1
:10172000254B98422CD00CD9244B98422CD003F551
:10173000740303F5105398420FD1194BD3F8980056
:1017400070471F4B984217D01E4B984203D1144B41
:10175000D3F88C0070470020704700207047104B72
:10176000586E70470E4B586F70470D4B986F70470F
:101770000B4BD3F884007047094BD3F888007047AF
:10178000074BD3F890007047054BD3F8940070478F
:101790000048E8010024F400C0EA210180BA8C016D
:1017A0000080E00FC0CF6A00405DC60080841E004C
:1017B00000093D0040420F00007E56030090D00318
:1017C00080D54302006CDC0270B582B006460D463F
:1017D00000230193104BD3F8804104F00304022C42
:1017E00016D0032C0FD0012C07D000240EB1019B82
:1017F000336005B12C6002B070BD002101A8FFF775
:101800005BFE1024F2E70EF073FF01900724EDE772
:101810000EF060FF0190E9E70080005038B5054602
:101820000C46104BD3F8400200F00300032815D8F3
:10183000DFE800F002080C10012305B1286004B1B4
:10184000236038BD0FF042F80A23F6E70EF09AFF46
:101850000923F2E70FF03DF80C23EEE700231846CA
:10186000EBE700BF0080005038B505460C46134B2F
:10187000D3F8000200F0070004281BD8DFE800F0CE
:1018800003090D111500012305B1286004B123607F
:1018900038BD0FF01BF80A23F6E70EF073FF09239B
:1018A000F2E70FF016F80C23EEE70EF0FDFE800ACB
:1018B0000F23E9E700231846E6E700BF0080005049
:1018C00038B505460C46134BD3F8080200F0070064
:1018D00004281BD8DFE800F003090D1115000123CF
:1018E00005B1286004B1236038BD0EF0EFFF0A2374
:1018F000F6E70EF047FF0923F2E70EF0EAFF0C23AC
:10190000EEE70EF0D1FE800A0F23E9E70023184628
:10191000E6E700BF00800050B0F5207F20D00ED851
:10192000B0F5007F16D020D810B1B0F5C07F04D13B
:101930000F4B186FC0F3033018E0002016E0B0F52D
:10194000607F05D10A4BD3F88000C0F301100DE091
:1019500000200BE0064BD3F89000C0F3046005E0D4
:10196000034B186FC0F3802000E000200130704767
:101970000080005038B505460C46174B4FF48032B6
:101980009A660020FFF7C8FF05FB00F0134BDA69E9
:1019900002F4803241F67131D9635B6823F440135D
:1019A0006CB90F49884207D800210B430B494B60A3
:1019B0000AB10022CA6338BD4FF48011F5E7002C4C
:1019C00007DD0849884201D80021EEE74FF4801175
:1019D000EBE74FF44011E8E700900050000003509F
:1019E000005A6202002D3101430905D0012B0DD0B0
:1019F000022B0DD0002200E0002200F01F0049B1B0
:101A000002F580520123834013607047034AF4E7D4
:101A1000034AF2E702F50052F4E700BF6480005089
:101A20006880005008B580200CF072FD034B98428E
:101A300003D8034B4FF480321A6708BD005A620284
:101A400000A0005000B583B000230193B0F5807F63
:101A500000F04A8118D9B0F5F06F00F04A8140F2E9
:101A6000DB80B0F5206F00F0538140F20481B0F5C7
:101A7000406F00F04881B0F5486F40F00C8101A93B
:101A80000020FFF7A5FDDFE0802800F2DD8024289C
:101A9000C0F0DA8024385C2800F2D68001A353F825
:101AA00020F000BFDF1C0008DF1C0008DF1C00085E
:101AB000DF1C0008DF1C0008491C0008D51C0008BA
:101AC000491C00086D1C0008FD1C0008491C00088A
:101AD000491C0008491C0008491C0008491C000852
:101AE000491C0008491C0008491C0008491C000842
:101AF000491C0008491C0008491C0008491C000832
:101B0000491C0008491C0008F31C00082D1C000893
:101B1000491C0008491C0008491C0008491C000811
:101B2000491C0008491C0008491C0008491C000801
:101B3000491C0008491C0008491C0008491C0008F1
:101B4000491C0008491C0008DF1C0008491C00084B
:101B5000491C0008491C00088D1C0008491C00088D
:101B6000491C0008111D00089D1C00085D1C000890
:101B7000071D0008491C0008491C0008491C0008F2
:101B8000491C0008491C00087F1A0008491C00086D
:101B9000491C0008491C0008491C0008491C000891
:101BA000491C0008491C0008491C0008491C000881
:101BB000491C0008491C0008491C0008491C000871
:101BC000491C0008491C0008491C0008491C000861
:101BD000491C0008491C0008491C0008491C000851
:101BE000491C0008491C0008491C0008491C000841
:101BF000491C0008491C0008491C0008491C000831
:101C0000491C0008491C0008491C0008491C000820
:101C1000491C0008A71C0008B0F5B06F5AD00AD9BB
:101C2000B0F5D06F6AD0B0F5E06F1CD101A90020EB
:101C3000FFF7F4FD08E0B0F5607F04D101A90020B2
:101C4000FFF7F0FB00E003D2019803B05DF804FB5E
:101C5000B0F5806F43D0B0F5A06FF5D101A9002099
:101C6000FFF750FBF0E7B0F5C06FEDD101A9002000
:101C7000FFF756FCE8E7B0F5086F04D101A9002092
:101C8000FFF7F4FBE0E7B0F5106FDDD101A900200C
:101C9000FFF716FED8E7B0F5286FD5D101A90020CF
:101CA000FFF7C8FCD0E71D4B1B6F03F00703013B98
:101CB000032BC9D8DFE803F00B02050805230193C5
:101CC000C2E703230193BFE708230193BCE7022384
:101CD0000193B9E701A90020FFF776FDB4E701A958
:101CE0000020FFF7E9FBAFE701A900200CF0EBFBB8
:101CF000AAE701A90020FFF7BFFCA5E701A9002082
:101D0000FFF7B2FDA0E701A90020FFF7C9FA9BE7A2
:101D100001A90020FFF72AFC96E700BF00800050D1
:101D2000094B596E03F580534FF480325A66074AC7
:101D3000536A23F00103536211F4803F03D1044B33
:101D40004FF480325A6670470080005000C0075040
:101D500000A0005010B504468020FFF773FE032852
:101D600000F0AE805D4B4FF480125A665C4B45F636
:101D70000E02C3F8802003F580524FF0A0619162FB
:101D800003F500534FF480329A62554B9B6D13F468
:101D9000803FFAD1524B9B6D13F0804FFAD12268ED
:101DA00063681B0543EA0263227B43EA0243627BCA
:101DB00043EA0233A27B43EA8213E27B1343484A9D
:101DC0001361936903F00043216943EA8163616908
:101DD00043EA0163217E43EA0143617E43EA012332
:101DE000A17E0B439361136A23F00F03E269002A7B
:101DF00046D111460B43E17E43EA81031A43384B37
:101E00001A62E369002B3DD1354A916A354B0B408C
:101E100094F8201043EA411394F8211043EA011387
:101E200094F8241043EAC10343F4803393622C4BAB
:101E30009A6D2D4B9343FAD1294A02F580514FF008
:101E400080738B62136923F47003A06843EA005324
:101E500013614FF000438B6194F822301BB9234B80
:101E60004FF080729A6294F8233013BB1F4B4FF4EB
:101E700080329A621A4B9B6D13F0804FFAD118E0B2
:101E80000821B7E7022B1CD0154A916A154B0B406D
:101E900094F8201043EA411394F8221043EA0163B6
:101EA00094F8241043EAC10394F8231043EA014351
:101EB000936294F825301BB1094B0D4AC3F880207A
:101EC00010BD074B00221A619A614FF408524FF47B
:101ED0007F4108480CF0E9FAD6E700BF00900050B7
:101EE0000040005AC7FFFEFE030001000060005AD8
:101EF000F1A7FFFF3440005A014B93F900007047EF
:101F0000A294002010B443784F2B28BF4F231A46C9
:101F10001C4B4FF40001596603F5B8334FF4D1510F
:101F2000596203F5805102244C6003F500530121EE
:101F30005960154B1B6913F4803FFAD1037842EACC
:101F40000323114A5361416883681B0143EA01235B
:101F5000017B43EA4103417B0B439360817BC37B5D
:101F60001B0143EA4113017C43EA4103417C0B43DB
:101F70005360837C1BB113466FF4D1525A625DF8F3
:101F8000044B70470090005000000250014B188035
:101F9000704700BF96940020014B1880704700BF27
:101FA0009494002008B51B4B4FF480025A6603F549
:101FB000D83302225A60184B9B6813F4803FFAD141
:101FC000012806D0144B00225A62134B00225A609B
:101FD00008BD0EF083FB114B984212D003F512237B
:101FE00003F5F863984210D000EB8001490A400ADB
:101FF0000B4AB2FBF0F2084BD9621A6301225A6213
:10200000E3E745F67A120749F5E745F61A0206496D
:10201000F1E700BF009000500040025000F049027C
:1020200064666666D8B80500BBCF0500B0F5207FB2
:102030005DD02DD8B0F5007F4ED061D810B1B0F58D
:10204000C07F24D110B54C1E0CF05BFA0CF03BFCA9
:10205000FFF78CF92B4A136F23F4704343EA0433E0
:1020600013670EF021FB284BD3F8843013F0100FC8
:10207000F9D1254BD3F88410C1F38111C1F10201CC
:102080000CF016FC00F058F8FFF7CCFC10BD7047C0
:10209000B0F5607F1FD11D4BD3F8FC2012F0807289
:1020A00006D01846D3F8FC3023F08073C0F8FC301B
:1020B00001391448D0F8803023F0300343EA01138B
:1020C000C0F88030E2B1114AD2F8FC3043F080739E
:1020D000C2F8FC307047704701390A4AD2F8903094
:1020E00023F0F85343EA0163C2F890307047013996
:1020F000044A136F23F4806343EA81231367704714
:10210000704700BF008000500040005000ED00E02C
:1021100008B50121022000F0F3FC4FF42070FFF716
:10212000FBFB044B18700CF0ECF90CF0CCFBFFF748
:102130001DF908BD6A92002008B54FF4C0700CF07C
:10214000E7F9054B984205D902214FF42070FFF7BB
:102150006DFF08BD0121F8E780F0FA0210B50446D2
:102160000EF0A2FA0F4BD3F8843013F0100FF9D110
:102170000C4BD3F88410C1F38111C1F102010CF0B2
:1021800097FB0121002000F001FD24B1FFF7D4FFEF
:10219000FFF748FC10BD044B19784FF42070FFF78F
:1021A00045FFF5E7004000506A92002070B50C46EC
:1021B000B0F5807F00F0348229D9B0F5F06F00F0DF
:1021C000938240F2EB80B0F5206F00F01A8340F26A
:1021D0006081B0F5406F00F0EC82B0F5486F40F0E0
:1021E0007E81023C0F2C00F22B83DFE814F03903D0
:1021F0002903290329032903330329032903290375
:1022000029032903290329032903350337038028D8
:1022100000F20F812428C0F00C8124385C2800F2E1
:10222000088101A353F820F0E5250008E525000802
:10223000E5250008E5250008E52500083324000809
:10224000BD250008332400086D2400081D27000860
:102250003324000833240008332400083324000802
:1022600033240008332400083324000833240008F2
:1022700033240008332400083324000833240008E2
:10228000332400083324000833240008E92600081A
:10229000B523000833240008332400083324000841
:1022A00033240008332400083324000833240008B2
:1022B00033240008332400083324000833240008A2
:1022C000332400083324000833240008E5250008DF
:1022D000332400083324000833240008C5240008F0
:1022E000332400083324000803280008E5240008EC
:1022F00043240008B32700083324000833240008CF
:10230000332400083324000833240008E3210008A4
:102310003324000833240008332400083324000841
:102320003324000833240008332400083324000831
:102330003324000833240008332400083324000821
:102340003324000833240008332400083324000811
:102350003324000833240008332400083324000801
:1023600033240008332400083324000833240008F1
:1023700033240008332400083324000833240008E1
:1023800033240008332400083324000833240008D1
:10239000332400083324000805250008B0F5B06F89
:1023A00000F00C8119D9B0F5D06F00F0B781B0F50D
:1023B000E06F58D10B2C00F21A820A2C80F01B829D
:1023C000092C40F01A820222A249D1F8403223F0AF
:1023D00003031343C1F840322BE0B0F5607F27D1EF
:1023E0009D4BD3F8FC2012F0807206D01946D3F82A
:1023F000FC3023F08073C1F8FC30072C00F0C3815F
:102400000E2C00F0C281062C00F0BB810020914907
:10241000D1F8803023F003030343C1F8803042B188
:102420008D4AD2F8FC3043F08073C2F8FC3000E0F3
:1024300000D270BDB0F5806F00F0D480B0F5A06F11
:10244000F7D1073C0B2C00F2A281DFE814F0AA01BF
:10245000A001AE01AC01AC01A001A001A001A0014E
:10246000A001A001B001B0F5C06FE2D10B2C00F2C9
:1024700031810A2C80F03281092C40F03181022216
:102480007449D1F8403123F003031343C1F84031BC
:10249000CFE7B0F5086F12D1082900F06E81092945
:1024A00000F06D81032900F066810021694AD2F8AD
:1024B000003123F003030B43C2F80031B9E7B0F554
:1024C000106FB6D1093C062C00F24381DFE814F00E
:1024D0004301490149014501410141014701B0F56D
:1024E000286FA6D1112C00F0BD81152C40F0BC81C5
:1024F0000221584AD2F8703223F003030B43C2F88A
:10250000703296E78B1E062B05D8DFE803F0513FAB
:10251000045404044E0000252E460121022000F040
:10252000EFFA0BF0EEFF0CF0CEF9FEF71FFF494A71
:10253000136F23F00703334313670EF0B5F8474BCF
:10254000D3F8843013F0100FF9D1444BD3F8841032
:10255000C1F38111C1F102010CF0AAF9012100209F
:1025600000F014FBFFF7E8FDFFF75CFA002D7FF4A5
:1025700060AF032C7FF45DAF394B4FF480329A6229
:10258000384B9B6D13F0804FFAD152E7364B4FF426
:1025900080125A66334B9D6AC5F3006503F580537C
:1025A0004FF480329A620E46B7E700250426B4E75E
:1025B00000250126B1E700250226AEE7072C0DD045
:1025C000102C0DD0022C00D00024224AD2F88031E9
:1025D00023F003032343C2F880312AE70324F4E7FE
:1025E0000124F2E7023C052C04D8DFE804F00905D9
:1025F0000D0F0B0700210AE0022108E0042106E08C
:10260000032104E0052102E0062100E00121114A36
:10261000D2F8203123F007030B43C2F8203108E73A
:10262000A1F10904082C3FF604AF01A353F824F0EC
:102630006D2600086D260008332400086D2600086A
:10264000A12600083324000833240008332400089E
:102650006D2600080080005000ED00E000400050B2
:102660000060005A0040005A009000507F4B596EA5
:1026700003F580534FF480325A667D4A536A43F023
:102680000103536211F4803F03D17A4B4FF480323F
:102690005A664FF0E022136923F004031361C8E681
:1026A000724B596E03F580534FF480325A66704A6C
:1026B000536A23F00103536211F4803F03D16D4B41
:1026C0004FF480325A664FF0E022136943F004035E
:1026D0001361AEE60C2C05D10322D1E60122CFE630
:1026E0000022CDE60022CBE60B2C0DD80A2C0FD20F
:1026F000092C0FD102225D49D1F8603123F0030388
:102700001343C1F8603194E60C2C05D10322F2E7A3
:102710000122F0E70022EEE70022ECE7093C062C5C
:1027200005D8DFE804F0060C0C0804040A000021B8
:1027300006E0022104E0032102E0042100E001217F
:102740004A4AD2F8003223F007030B43C2F80032A2
:102750006FE6002106E0022104E0032102E00421EB
:1027600000E00121414AD2F8083223F007030B436D
:10277000C2F808325DE6012198E6032196E60221BF
:1027800094E6032043E6022041E601203FE60021D3
:10279000364AD2F8203223F007030B43C2F8203226
:1027A00047E60221F4E70321F2E70421F0E70121E3
:1027B000EEE7023C052C04D8DFE804F0090B0D0F0E
:1027C000050700210AE0052108E0042106E00321B5
:1027D00004E0022102E0062100E00121234AD2F8B0
:1027E000283123F007030B43C2F8283121E60C2CD3
:1027F00005D10322E8E50122E6E50022E4E5002216
:10280000E2E5023C0F2C09D8DFE804F018080808BC
:102810000812080808080808080814160021134AB6
:10282000D2F8603223F007030B43C2F8603200E6AF
:102830000421F4E70121F2E70221F0E70321EEE7AA
:1028400000210A4AD2F8943223F007030B43C2F85E
:102850009432EEE50421F4E70121F2E70221F0E7EA
:102860000321EEE7012144E6002142E6008000500A
:1028700000C0075000A000502DE9F0410646844BEF
:102880004FF4C0225A6603F598335C6804F00104E3
:1028900003F5005301225A607E4B5B6813F0020F70
:1028A000FAD130687C4BD3F88430C3F3001513F0B1
:1028B000100FF7D1784BD3F88430C3F38113012B79
:1028C00001D02B4606E0754B984200F2D8802B468B
:1028D00000E00133182B0AD81A0171498A58904236
:1028E000F7D301EB031252689042F2D800E00023C4
:1028F000192B00F0C6806A4A02EB0313D3F8088054
:10290000D86848BB8020FFF79DF805282BD000270A
:10291000644BDB6813F0060FFAD1624B9A68C3F878
:1029200008809B6883EA080313F4F8137DD1B1880B
:10293000F28842EA01425749CA60B268032A31D09C
:10294000092A66D0082A37D15749D1F8002142F028
:102950000302C1F800212FE0FEF7B4FE00F07F0073
:1029600048EA0008CEE70BF0CCFD0BF0ACFFFEF719
:10297000FDFC4FF4C070FEF7CFFF0546012803D0E1
:10298000022808D00027C3E702214FF4C070FFF7E8
:102990004DFB0127BCE704214FF4C070FFF746FB55
:1029A0000127B5E7A1F5A031D1F8002122F00302FB
:1029B00042F00102C1F80021327D002A33D0042206
:1029C000717D01B140231343327B43EA42033269F4
:1029D0001343304A93603068FEF79EF800262D4B73
:1029E00003F500520721116103F5805301225A605B
:1029F000284B1C6914F00704FAD08020FFF722F856
:102A0000052819D0002E3ED1012C3ED03046BDE81D
:102A1000F0812549D1F8002122F0030242F00202A0
:102A2000C1F80021C8E71A46CAE71E4B9A600CB1EC
:102A30000126D4E70126E0E7DFB90DF035FE0546B3
:102A40000DF00CFE0DF00AFE134BD3F8843013F09A
:102A5000100FF9D1104BD3F88410C1F38111C1F1DB
:102A6000020128460BF024FFFFF766FBFEF7DAFFB2
:102A7000C8E729464FF4C070FFF7D8FADDE7002613
:102A8000C4E70026C2E70026C0E70126BEE700BF74
:102A90000090005000C0015000400050005A6202F7
:102AA0001C090108000001500080005010B50446C8
:102AB000FEF764FC0A4B4FF400225A6620F0407087
:102AC000084A944206D0084A944206D04FF0B442D5
:102AD000906010BD40F00070F8E740F08070F5E7BE
:102AE0000090005040420F0080841E00034AD36EC5
:102AF00023F0300301790B43D36670470040005048
:102B0000F8B50446204BD3F8843013F0100FF9D1F8
:102B10001D4BD3F88430C3F381139C422DD00DF0AC
:102B2000A3FD0646012C11D00DF0C1FE0546164F3F
:102B300007F500534FF000725A6620460BF0CAFEAC
:102B4000621E4FF4806393403B6706E001210BF067
:102B5000AFFEE9E70C4BD3F884300B4B5B6E13F000
:102B6000007F05D1084BD3F8843013F0200FF1D04B
:102B700028460DF097FE022C00D0F8BD002130460B
:102B80000BF096FEF9E700BF0040005010B50C4670
:102B9000034650B1094A127812B1094A934208D942
:102BA00021460220FFF7ACFF10BD0DF05DFD03468E
:102BB000F0E721460120FFF7A3FFF5E7400D0020D5
:102BC000005A620238B52F4B4FF000425A6603F5A7
:102BD0000B235C6C04F001044AF6CD321A64E8B9A8
:102BE000294B5B6B13F00103FAD1274A556815F0A6
:102BF000010539D002F50052012151601A462249DF
:102C0000096B11F0010F04D120498A4201D8013229
:102C1000F5E71E498A422FD81D4625E000231A4AAF
:102C2000126B12F0080F04D0184A934201D80133F6
:102C3000F5E7164A934221D8134B03F500522021A1
:102C4000916203F5805301225A60002300E00133B2
:102C50000D4A926A12F0200F02D10C4A9342F6D923
:102C60000A4A93420CD8002514B1074B084A1A644B
:102C70000DF0F6F9284638BD0725F5E70725F3E7F7
:102C80000725F1E700900050004009503F420F0037
:102C90003254FFFF10B51A4B4FF000425A6603F54D
:102CA0000B235C6C04F001044AF6CD321A644378BD
:102CB0005B0043F00103134AD363134B5B6B13F0C8
:102CC0000B0FFAD1104A536823F4F873817843EA62
:102CD00001135360C178437943EA0123936001797A
:102CE000837943EA012313610078FFF76BFF14B186
:102CF000054B064A1A640DF0B3F9012010BD00BF60
:102D00000090005000400050004009503254FFFF36
:102D100010B50F2800D90F20124B5C6E03F58053BD
:102D20004FF000425A6603F50B235A6C02F0010281
:102D30004AF6CD3119640C4B5B6B13F0800FFAD15E
:102D400009490B6A23F00F0303430B620AB1074AD8
:102D50000A64002C03DB064B4FF000425A660DF06C
:102D60007FF910BD00800050004009503254FFFF31
:102D700000A0005010B5134B5C6E03F580534FF06C
:102D800000425A6603F50B235A6C02F001024AF620
:102D9000CD3119640C4B5B6B13F0800FFAD10A49EB
:102DA0000B6A23F4F85343EA00230B620AB1074A83
:102DB0000A64002C03DB064B4FF000425A660DF00C
:102DC0004FF910BD00800050004009503254FFFF01
:102DD00000A00050054B984206D0054B984201D008
:102DE0000020704757207047562070470000015B55
:102DF00000000A5010B504460BF06DFD042307E0F7
:102E000004F5805304221A6104F500531A610B463D
:102E1000591E002BF4D1202323610023E360A3601B
:102E200041F202026261A361A3654FF4A0226262D3
:102E3000E3612362A362E3626363236504F50052E6
:102E40000149D164236310BDFF3F0D03F8B504466B
:102E500015460846E1B1A36813F0010F34D0666847
:102E6000B0FBF5F0451E16F001062BD0636D13F094
:102E7000280FFBD1A36C13F0030F0FD1A36C13F039
:102E8000010F1BD1A36C13F0020F19D1002706E02C
:102E90002046FFF79FFF0BF03BFBDCE705272046B2
:102EA0000BF019FD236923F07F4343EA0563236197
:102EB0006EB3394620460BF02DFD28E00927EEE7DA
:102EC0000627ECE70027EDE76368A36D13F0010F19
:102ED00000D06D00A36803F0E003402B1DD017D98C
:102EE000602B1ED0802B12D10123400105FB03F380
:102EF000B0FBF3F020380C4A02EAC002636D13F015
:102F0000010FFBD12263636D13F0010FFBD1F8BDFC
:102F10002BB1202BFBD10823E7E70623E5E710239D
:102F2000E3E70423E1E700BFF8FF7F00F8B50446BC
:102F30000D4617461E46436823B1616DC1F30B0170
:102F40000029FAD12046FFF755FF636923F44C535B
:102F500023F00F036A7B1343EA8913432A8A13433E
:102F60006361A36823F0804323F0E2032A7B1343C9
:102F70002A7E13436A691343A360AB681BB9A36835
:102F800043F00043A360EB69002B69D0A2687B4942
:102F900011401A7A41EA82519A7A41EA42419A886A
:102FA00002F4C04211435A7841EA82015A7B41EA55
:102FB000C2019A7B41EA02119B7841EA8321A16018
:102FC000E2686F4B1340EA6911690B4351690B4387
:102FD000917943EA8123D27943EA4223E360EB69A2
:102FE0001B78012B01D0032B03D1E36843F00403CA
:102FF000E360EB691B78023BDBB2012B67D9614BC5
:103000009C427CD0604B9C4277D04FF0FF335B01F9
:1030100003F1A04303F5703342F294420221995028
:10302000EB695A7A04F580539A62EB695B7A1BB1BB
:10303000E36843F40063E360EB69DB7A4BB1E36878
:1030400043F40043E3604F4B9C425AD04E4B9C42AA
:103050005ED0636A23F00303EA69D27B13436362A1
:103060003FB197F82030002B5AD004F5805301224D
:103070001A62DEB12B7E23B104F580534FF4004277
:103080009A65404B9C425CD03F4B9C4257D0A36D0D
:1030900023F4F95323F01E0396F821201343728C76
:1030A0001343A36504F5805301229A6504F5805308
:1030B00001225A60AA68002A5BD1297820460BF0C9
:1030C00029FCA36CDB4313F4405FFAD1F8BD2D4B10
:1030D0009C4210D02C4B9C420BD04FF0FF335B0135
:1030E00003F1A04303F5703341F294420221995059
:1030F00096E70123F3E70023F1E7012387E70023A5
:1031000085E7EB691B7B03F00F03204A53679DE7BC
:10311000EB691B7B03F00F031C4AC2F8803098E771
:10312000E36923F0090397F82220134397F821203D
:10313000134343F0010304F58052D36199E701235F
:1031400000E0002396F82120102A0AD8104A012115
:10315000D154728CB2F5006F07D80E4A0121D154B8
:1031600095E70B4A0221D154F3E70A4A0221D154D0
:103170008DE769682046FFF769FE9EE7E39BBDFF88
:10318000FFF9F0870000015B00000A500090035037
:10319000480D0020440D0020F8B504460D461E469B
:1031A00017463AB1FBB101228A4000EB4001090108
:1031B0001D4B5A50072D1ED8A90004EB44031B01D8
:1031C00007FA01F20F2000FA01F1184818440BF039
:1031D000D8FB3FB9FEB10122AA4004EB440424010C
:1031E000114B1A51F8BD01228A4000EB4001090140
:1031F0000F4B5A50DEE7A5F108039B0004EB440C8B
:103200004FEA0C1C07FA03F20F2199400948604469
:103210000BF0B7FBDDE70122AA4004EB44042401D4
:10322000034B1A51DEE700BF40D0035034C00350B7
:1032300040E003503CC0035010B515200BF0D9FD01
:10324000074B00245C65FF229A625C6021462020C7
:10325000FEF7CAFB21462120FEF7C6FB10BD00BFCA
:103260000000045029B9044A012303FA00F0106059
:103270007047024AF8E700BF401004504020045055
:1032800010B5044601212020FEF7AEFB01212120CC
:10329000FEF7AAFB114B01225A60227812069A60AF
:1032A0006178A27842EA01429A61FF229A62002282
:1032B0009A631A644FF000425A6503F500534FF0C9
:1032C000FF321A65152000F037FDE17815200BF06C
:1032D00098FD15200BF091FD10BD00BF00000450BB
:1032E00070B50C46C3B201259D40214901F500533C
:1032F0001D65830003F1A04303F5882326685E6003
:10330000637B00EB400C01EB0C1CCCF8603094F8B4
:103310000AE0E37A1B0543EA0E4394F80CE043EA23
:103320004E53CCF85C3022F00302CCF870200DF044
:10333000C7FA104B5D65237A0BB10E4B1D64637A9F
:103340000BB10C4B9D632379A27942EA0342084BEF
:1033500003F500518A6194F805C0E27942EA0C4213
:1033600003F58054A2614D639D640DF0A4FA70BD15
:10337000000004500010045010B5C0B20124844075
:103380000DF09EFA044B5A6D22EA04025A659C62C3
:103390000DF091FA10BD00BF0000045010B5C0B28E
:1033A000012484400DF08CFA084BDB6A234205D1DE
:1033B000064B5B6B9C4306D0002400E000240DF01C
:1033C0007AFA204610BD0124F9E700BF000004503E
:1033D00070B50446C3B201259D400DF071FA084B4B
:1033E0005E6B04EB440403EB04135C6E0DF063FAB4
:1033F000354203D1C4F30A10013070BD0020FCE750
:1034000000000450074B4FF480325A6603F5E62360
:103410009B69C3F38512827003F03F0242701B0B5D
:10342000037070470090005010B4184CA04211D0A7
:1034300004F58044A04219D004F58044A04217D07E
:1034400004F58044A04215D004F58044A0420AD17E
:10345000042000E000207BB100EB400001EB4000C5
:1034600080000B4B1A505DF8044B70470120F2E7C7
:103470000220F0E70320EEE7120200EB400001EB30
:1034800040018900024B5A50EDE700BF0080045014
:103490004881035010B5044600F5805301221A6399
:1034A0000223C36000238360836100F500521E493C
:1034B000516103624FF6FF72C261436209E0D91C99
:1034C00004EB411100224A6004EB43118A660A674B
:1034D0000133022BF3DD4CF68063C4F8FC3000238B
:1034E000C4F8EC30C4F8F0301F23C4F8F83020469C
:1034F0000BF055FA04F5005301221A63236B13F005
:10350000020FFBD10023636004E0DA1C52010021AA
:10351000A1500133022BF8DD0023C4F8E030C4F8D9
:10352000E830C4F8E43010BD77007707064B9842C6
:1035300004D000F580508023C3657047A3F5103395
:10354000C3F8C811F5E700BF00C0055000F580536F
:1035500001225A6040F6AA63436100238360C36579
:1035600041F20502C2600361C361C36400F5005209
:10357000074991648365074B984204D000F50050D9
:10358000012343607047002303654365F6E700BFEE
:10359000FFFF010000C005502DE9F84305460C4629
:1035A000164690F8008040782F4BD3F81033B1F1D5
:1035B000FF3F2FD0002C2ADB072C32DC4FEA840996
:1035C000032707FA09F708FA09F2394627480BF0EA
:1035D000C8FB6A7802F0030202FA09F2394624486D
:1035E0000BF0BFFB16F0050F31D00123A340214A99
:1035F000C2F8103416F0060F2FD00123A3401D4A45
:10360000C2F814340123A3401B4AC2F820342046D8
:10361000BDE8F883144BD3F824140BF0B0FB044638
:10362000C8E7A4F10807BF004FF0030909FA07F93A
:1036300008FA07F2494611480BF093FB6A7802F04A
:103640000302BA4049460E480BF08BFBCAE7012340
:10365000A340094AC2F81034CCE70123A340064A2C
:10366000C2F81434CEE700BF00C0035000C40350BA
:1036700008C4035000D0035000E0035004C40350BA
:103680000CC4035038B504460CF01DFD864640B905
:10369000054DA446BCE80F000FC59CE8030085E873
:1036A0000300704638BD00BF4C0D002047F6FF7385
:1036B0009A427FD002297FD870B5414B13F801E0C0
:1036C000BEF1010F01D9002070BD3E4B03EBCE01CE
:1036D00091F802C0604613F83E30012B26D0394BDA
:1036E00003EBCE035C68002C68D0B4F90030934241
:1036F00004DBB4F90230934200DC1346A288FF2AAF
:103700002CD000212826C8221D46D21A92FBF6F2A0
:103710000A4412B22B4B03EBCE0393F801E096451B
:1037200001DD002A2FDA0EF1FF322CE0CB78A3EB7B
:103730000C0300249C420ED2191BA3EB510121481B
:1037400000EBCE00406830F91100904201DC0C46DD
:10375000F0E74B1EEEE76344D8B2B5E7B4F90620B4
:10376000B4F908600121CFE75C331749A1FB0313CB
:103770009B09013212B2164696450FDD04EBC201D9
:10378000898899420AD304EBC2018B68B1F906100B
:1037900001FB0533002BE7DA0023E5E7013E04EBEC
:1037A000C604A2889A4200D31A46944500D810460F
:1037B000C0B289E7FF20704700207047002083E7F0
:1037C000AC0A01084C0D0020D34D621002296FD8BD
:1037D0003A4B5B5C012B6DD8394911F83310012944
:1037E0002AD010B4364901EBC3014C68002C63D0D9
:1037F000201D334901EBC3018978914234D230490D
:1038000001EBC301C978914233D92D4901EBC303C0
:1038100093F801C00CF1FF3C5FFA8CFCA388FF2BEE
:103820002AD00023634529D2591C30F83110914227
:1038300024D30133DBB2F5E7214901EBC301C97899
:10384000914200D20A461E4800EBC3008078121A4B
:10385000D2B2091A8A4200DD0022194901EBC303E2
:103860005B6833F912007047B4F902005DF8044B4D
:103870007047B4F90000F9E70123D3E74FF47A71F8
:1038800001FB02F200EBC3004368D31AB0F9022037
:1038900002EBD27103EB610393FBF2F3B4F9000086
:1038A0009842E3DBB4F902009842DFDC18B2DDE7AE
:1038B00004487047034870470248D7E7AC0A01083C
:1038C0004C0D00200080FFFF08B50348FFF7DAFE2B
:1038D00001200CF0FCFB08BDB00A010830B583B034
:1038E00004460CF0F6FB08B103B030BD6946204633
:1038F0000CF0EBFB00B1FEE79DF80030124A1278A5
:103900009342F1D00C2B06D164250F4920460CF0D0
:10391000C9FB28B1FEE7204605F050FE0546F4E756
:10392000294620460CF0A5FB00B1FEE7064B1B78AC
:10393000042BD9D1694620460CF0C7FB9DF8002026
:10394000014B1A70D0E700BFBC92002010B586B0C2
:103950000DF1040C1A4C0FCCACE80F002368CCF826
:103960000030FF238DF80530164BD3F84C3113F49B
:10397000802F05D1134BD3F8503100238DF805303B
:103980009DF80530FF2B0BD09DF80530FF2B12D092
:1039900001A8FEF7B7FA3220FEF7F8FA06B010BD1C
:1039A0004FF07E6393F89C2093F99C30002BEBDB67
:1039B0008DF80520E8E73F238DF80530E8E700BFE4
:1039C0002C0B01080080E00F10B58AB0EC46194CB2
:1039D0000FCCACE80F000FCCACE80F0094E803006C
:1039E0008CE80300144BD3F84C3113F4002F05D0AE
:1039F000124B1C88FF2C05D98C2403E00E4BD3F806
:103A00005041E4B28DF81940FEF776FA241803D439
:103A1000FF2C02DDFF2400E000248DF81840084848
:103A2000FDF780F86846FEF795F93220FEF7B4FA04
:103A30000AB010BD400B01080080E00F0001E00F4C
:103A4000C017530210B586B0002300930193029370
:103A5000039304930593184B009340F6FF63ADF86E
:103A6000043040F27F73ADF80630012304938DF8E3
:103A70001430032302938020FDF7E4FF0446052859
:103A800009D00E480CF028FF6846FEF7F5FE052C1D
:103A900009D006B010BD0A4A136F23F0070343F0A4
:103AA00001031367EDE7064A136F23F0070343F0A2
:103AB00002031367EDE700BF802FA604800B010807
:103AC0000080005008B50248FEF7F0FF08BD00BFB7
:103AD000C0EA210108B503480CF0FEFE0020FEF705
:103AE00061FA08BD740B010810B5FEF711FB4E4CCE
:103AF000236F23F0070343F0020323670020FEF740
:103B00002DFB236F23F4744343F480632367474BF7
:103B1000D3F8FC1011F0807106D01A46D3F8FC30AF
:103B200023F08073C2F8FC303F4BD3F8802022F0A2
:103B3000030242F00102C3F8802003F58053002203
:103B4000C3F8802031B1394AD2F8FC3043F0807399
:103B5000C2F8FC30344CD4F8203123F0070343F092
:103B60000103C4F82031D4F8283123F0070343F0CF
:103B70000103C4F82831D4F8803123F0030343F063
:103B80000103C4F88031D4F8403123F0030343F03B
:103B90000203C4F84031D4F8603123F0030343F04A
:103BA0000203C4F86031D4F8403223F0030343F039
:103BB0000203C4F84032D4F8003223F0070343F084
:103BC0000203C4F80032D4F8083223F0070343F0AC
:103BD0000203C4F80832D4F8703223F0030343F030
:103BE0000103C4F87032D4F8203223F0070343F005
:103BF0000103C4F82032FEF793F84FF0E022136976
:103C000043F004031361D4F8603223F0070343F058
:103C10000103C4F86032D4F8943223F0070343F070
:103C20000103C4F8943210BD0080005000ED00E0A4
:103C300008B508480CF050FEFFF788FEFFF7C4FEF9
:103C4000FFF700FFFFF73EFFFFF744FFFFF74CFFD2
:103C5000002008BD700B010800B583B0094B93E844
:103C600003000090ADF80410090C8DF806106846AA
:103C7000FFF710F80920FFF74BF8002003B05DF8BC
:103C800004FB00BF680B010810B582B0074A536FF0
:103C900043F001035367002400948DF80440684604
:103CA000FEF724FF204602B010BD00BF00400050C8
:103CB000002808DB0901C9B200F1604000F561404D
:103CC00080F80013704700F00F000901C9B2014BE2
:103CD0001954704714ED00E0002807DB00F01F02C4
:103CE000400901239340024A42F82030704700BF48
:103CF00000E100E000280CDB00F01F024009012376
:103D000093402030034A42F82030BFF34F8FBFF377
:103D10006F8F704700E100E04211064B53F82230EC
:103D200000F01F0023FA00F080F0010000F0010015
:103D3000704700BF00E100E0002808DB00F01F0230
:103D40004009012393406030014A42F82030704717
:103D500000E100E010B50CF0B3FD0B4B1B783BB954
:103D6000094B01221A700CF0A6FD6FF0040408E064
:103D70000CF0A1FD07E0052120460BF042F80134CC
:103D800064B24B2CF7DD10BD6B92002010B50446D9
:103D90000CF08DFD024B1C600CF084FD002010BD6A
:103DA000640D002010B50CF082FD034B1C680CF074
:103DB00079FD204610BD00BF640D00202DE9F041C3
:103DC0008EB007460E4614461D461368D3F8008091
:103DD00091F83130002B48D00DF1180CDFF830E2AB
:103DE000BEE80F00ACE80F009EE80F008CE80F0063
:103DF0000023009301930293039304930593A36814
:103E00000893237B012B3DD0022B3ED14FF440730E
:103E1000ADF82630607B0BF038F8ADF82800CDF80F
:103E200034D001238DF80630A37B022B04D0032B62
:103E300002D0012B00D000238DF80030B36B6E4A06
:103E40001A60B36B6D4A5A60B36B00229A60B36B11
:103E50006B4ADA6032462946384600F0AFFA074628
:103E6000A8B138460EB0BDE8F0810DF1180CDFF8AE
:103E7000A4E1BEE80F00ACE80F009EE80F008CE85C
:103E80000F00B5E74FF40073C2E70023C0E72369D2
:103E9000C5F8A430237E85F8AB30E37D85F8AA30E1
:103EA000A37D85F8A930637D85F8A830A37E85F8C9
:103EB000AD30637E85F8AC30237F85F8AF30E37E8C
:103EC00085F8AE302368C5F8A0304E480CF004FDEC
:103ED00001230422A17D607DFFF75EF90123022208
:103EE000217EE07DFFF758F9002385F8B030206986
:103EF0000CF0F2FC96F83130002B5ED006A940465B
:103F00000AF033FD95F8B03043F0040385F8B03083
:103F1000227D3D4B03EB42121421C2F89414617DC3
:103F2000A07D227D41EA004103EB4212C2F8AC14AD
:103F3000E27D207E217D42EA0042253103EB4113E0
:103F40005A60A37B012B3DD0032B3BD0A37B023BCC
:103F5000DBB2012B43D995F8B03013F0010F0CD030
:103F6000627EA17E237D42EA01425B0103F1A04310
:103F700003F5703341F29C415A5095F8B03013F07C
:103F8000010F11D0227D204B03EB421241F29441EC
:103F900002205050E27E207F217D42EA004203EB66
:103FA000411303F5A5531A6008F50053174ADA6464
:103FB000052140460AF0AEFC53E706A940460AF048
:103FC000DAFCA5E795F8B03043F0010385F8B0308E
:103FD00000230222A17E607EFFF7DEF8B6E795F8A7
:103FE000B03043F0020385F8B03000230422217F73
:103FF000E07EFFF7D1F8AEE7B3EE000853EF00081C
:10400000CDEE0008780B010800C00350FF3F0D0300
:10401000900B0108B00B010830B583B0007D104B48
:1040200000EB400203EB0212D56E00EB400203EB03
:1040300002131C6F0DF107010CF0CAFB9DF807304D
:104040004BB904F00204074B9D4201D0002003E06D
:1040500024B1002000E0012003B030BD0120FBE7C7
:10406000000004506C920020037D0E4A03EB4301D4
:1040700002EB0111C96E03EB430302EB0312136F52
:1040800003F00203084A914201D0002070470BB9A7
:1040900000207047036A006D984214BF0020012081
:1040A000704700BF000004506C92002030B583B010
:1040B00003464169026902F1FF3CC5684C6F01F19A
:1040C0007C020020C86750609060D060B1F87C002E
:1040D0006CF30E10A1F87C0091F87E0040F0100007
:1040E00081F87E0091F87F0040F0300081F87F0079
:1040F000C1F88050C1F88440012081F88C0091F80B
:1041000078000093024B6431FDF722F803B030BD14
:1041100001F300082DE9F04184B0044600F13806AF
:1041200000F11808002585637560B560F56090F8AA
:104130003A3043F0100380F83A3090F83B3043F0C7
:10414000030380F83B30494FC7630764007DFDF7E8
:104150002BF8A5637560B560F56094F83A3043F0CC
:10416000100384F83A3094F83B3043F0030384F8AA
:104170003B30E7632764207D00EB40031B0103F124
:10418000A04303F58023DB6EBB4219D00DF10F0174
:104190000CF01EFB9DF80F30ABB194F844306FF378
:1041A000410384F844300094314B32462146207D4F
:1041B000FCF7CEFF207DFDF717F804B0BDE8F081D5
:1041C000FDF712F8F9E720460AF0F9FE054602A9C4
:1041D000207D0CF021FB029B591E20690023A36166
:1041E000E36123626362228B61F30E122283A27E5B
:1041F00042F01002A276E27E42F00302E276E06133
:104200002562227D1B4902EB420001EB0010056F85
:10421000C5F3400594F8247065F3410784F82470D1
:10422000A57E63F30415A576056FF8B265F300006B
:1042300084F8240002EB420201EB02110A6F921093
:10424000616A62F39F01616294F8442042F00202C5
:1042500084F84420D2B263F3000284F844204FEA89
:10426000A808636C68F39F0363649CE76C9200206A
:1042700069F1000800000450F0B589B004460E460C
:10428000007DFCF791FF0DF11F01207D0CF0A0FADD
:1042900020460AF094FE0546236D83424AD2A26C62
:1042A000934216D0238DC3F30A12324462F30E13E5
:1042B0002385236D1E442665A26CE36C13449E4245
:1042C0006FD0236DAB426ED0207DFCF78DFF09B01F
:1042D000F0BD701E276904F128030021A162E1628C
:1042E00021636163B4F828C060F30E1CA4F828C0F1
:1042F00094F82A0040F0100084F82A0094F82B006B
:1043000040F0030084F82B00E762226394F82A202F
:1043100061F3041284F82A2023F00302237D42F083
:10432000020203EB43031B0103F1A04303F58023C7
:104330001A67BEE79DF81F30B3B9227D1D4802EB16
:10434000420300EB0313596EC1F30A1131445B6E53
:1043500023F4FF4323F0700343EA011302EB42020C
:1043600000EB02104366A4E70494134B039300236D
:104370000293019601230093236902462168207D60
:104380000AF05EF8237D0B4A03EB430102EB0111B7
:10439000496E21F4801103EB430302EB03125166D3
:1043A00087E722658DE7012384F854302046FFF724
:1043B000B1FE89E70000045069F1000870B588B0CB
:1043C00006460C461546A022002120460BF00AFBAB
:1043D000A446AE46BEE80F00ACE80F00DEF80030A1
:1043E000CCF8003004F1640C05F1140EBEE80F00A7
:1043F000ACE80F00DEF80030CCF80030AB6AA36404
:10440000EA6AE264236595F8302084F8952095F8EF
:10441000332084F89620C4F89830012384F89C3027
:1044200084F85430AB6B23663460374B7360374B82
:10443000B360374BF360374B7361374BB361374B26
:104440003361FCF753FE10B1354A904253D100213D
:1044500007A8FCF7C9FD00284FD19DF81C30237533
:10446000002107A8FCF7C0FD00283FD19DF81C30B3
:1044700084F87830207DFCF797FE002840D1E36C6B
:104480000494284A0392002202920193012300938C
:104490002369A26C2168207D09F0D2FF90BB237DA7
:1044A00003EB43031B0103F1A04303F5802342F216
:1044B00064024FF480119950AB6B93F91000FFF731
:1044C0003BFCAB6B93F910000AF097FC04F19000F1
:1044D00009F098FF3046FFF759FC2046FFF71AFE17
:1044E000207DFCF781FE48B1102007E0207DFCF71D
:1044F000D3FD102002E0102000E0102008B070BDB5
:104500001020FBE71020F9E70FF1000823F1000865
:10451000C9F20008B3EF0008B9EF000845F300083E
:10452000038000F069F100080346064A106803445E
:10453000054A934202D8034A136070474FF0FF3098
:10454000704700BFC492002000000420BFF34F8FCB
:104550000549CA6802F4E062044B1343CB60BFF321
:104560004F8F00BFFDE700BF00ED00E00400FA053B
:10457000BFF35F8F074B5A6A22F480325A62D3F836
:10458000942022F00102C3F89420BFF34F8FBFF3B1
:104590006F8F704700ED00E070B5FFF7E9FFA022D4
:1045A000002121480AF0FDFE204B21498B4206D014
:1045B00021F01F02203AB2F1005F0FD300E01D4A44
:1045C0001D4D286842F001021C4CC4F898001C4E96
:1045D000C4F89C60C4F8A020013028608B4210D041
:1045E0001F3323F01F0343F00303134802681349EA
:1045F000C1F89820C1F89C30124BC1F8A0300132AC
:104600000260BFF35F8F0D4B0522C3F894205A6AF6
:1046100042F480325A62BFF34F8FBFF36F8FBFF304
:104620004F8FBFF36F8F70BD90ED00E0A092002020
:10463000A092002000000420680D002000ED00E0A2
:1046400003000020E1FF032000B583B001A8FEF7BE
:10465000D9FE9DF80530012B02D003B05DF804FBB4
:104660009DF80430002BF8D10A4B596E03F58053A6
:104670004FF480125A66084A536B23F0E05343F01C
:104680004063536311F4801FE7D1044B4FF4801251
:104690005A66E2E7008000500040005A00A0005037
:1046A0002DE9F04F91B0804617460F9389460029B7
:1046B00000F0408300260F9B1878002800F03D830F
:1046C000252809D0741C3B4632464946C0470F9BFB
:1046D00001330F932646EEE701330F9300251FE0C9
:1046E00045F0010501320F92012318E045F0020563
:1046F00001320F92012312E045F0040501320F92BE
:1047000001230CE045F0080501320F92012306E079
:1047100045F0100501320F92012300E000234BB356
:104720000F9A1378203B102BF8D801A151F823F0F1
:10473000054700081D4700081D47000811470008ED
:104740001D4700081D4700081D4700081D470008B9
:104750001D4700081D4700081D470008F9460008CE
:104760001D470008ED4600081D4700081D470008CA
:10477000E14600080B930F9B1A78A2F13003DBB2DD
:10478000092B18D92A2A1BD0DDF82CB00F9B1A78D8
:104790002E2A25D00F9A1378683B122B5CD8DFE8BD
:1047A00003F0495BAA5B3B5B5B5B5B5B5B5B575B03
:1047B0005B5B5B5BAF000FA80AF055FE8346E5E745
:1047C0001A9B1A1D1A921B68002B04DB9B460F9B39
:1047D00001330F93DAE745F00205C3F1000BF6E76A
:1047E00045F480655A1C0F925A78A2F13003DBB26F
:1047F000092B0CD92A2ACDD11A9B1A1D1A921C6892
:1048000024EAE4730B930F9B01330F93C2E70FA8C5
:104810000AF029FE0B90BDE745F48071531C0F93FD
:1048200053786C2B01D00D4616E045F440750232EA
:104830000F9211E045F08001531C0F935378682BC1
:1048400001D00D4608E045F0C00502320F9203E0AA
:1048500045F4807501320F920F9B1878672854D861
:10486000252867D3A0F12503422B63D8DFE813F096
:104870005702620062006200620062006200620031
:104880006200620062006200620062006200620018
:104890006200620062006200620062006200620008
:1048A00062006200620062006200620062006200F8
:1048B00080016201800162006200620062006200A9
:1048C00062006200620062006200620062006200D8
:1048D0006200620062006C006200620062006200BE
:1048E000620062006200620062006C00A5016C0060
:1048F00080016201800145F4007501320F92ABE73F
:1049000045F4807501320F92A6E7782812D86928FD
:1049100010D3A0F16902D2B20123934049F24102BF
:10492000134211D113F0800F40F0DE8113F4806F39
:1049300040F07581741C3B4632464946C0470F9B88
:1049400001330F932646B6E6782809D062283AD07C
:104950006F283AD058283AD025F010050A2300E0F5
:104960001023582835D0692803D0642801D025F0B9
:104970000C0515F4806F01D025F0010569282BD0B6
:10498000642829D015F4007F40F0968015F4807FCC
:1049900040F0AE8015F0400F00F0BF801A9A111D54
:1049A0001A9112780595CDF810B00B9903910293E6
:1049B0000023019300923B463246494640460AF0A6
:1049C0003FFE064629E00223CBE70823C9E7102370
:1049D000C7E745F02005C6E715F4007F21D115F49F
:1049E000807F42D115F0400F58D01A9A111D1A91AC
:1049F000127882EAE271A1EBE2710595CDF810B070
:104A00000B9803900293D20F019200913B463246DD
:104A1000494640460AF014FE06460F9B01330F93A9
:104A200049E61A9A073222F0070202F108011A91A8
:104A3000516812680846002913DB0895CDF81CB0B0
:104A40000B9C0694049300230593C90F02910092D6
:104A500001903B463246494640460AF03BFE064638
:104A6000DBE7524261EB4100E7E71A9A111D1A9108
:104A7000126882EAE271A1EBE2710595CDF810B0FF
:104A80000B9803900293D20F019200913B4632465D
:104A9000494640460AF0D4FD0646BEE715F0800FB1
:104AA00005D01A9A111D1A91B2F90020A1E71A9A9D
:104AB000111D1A9112689CE71A9A073222F0070218
:104AC00002F108011A910895CDF81CB00B990691D6
:104AD0000021049305910291D2E90023CDE900233E
:104AE0003B463246494640460AF0F4FD064694E706
:104AF0001A9A111D1A910595CDF810B00B990391D2
:104B0000029300230193136800933B4632464946C3
:104B100040460AF095FD06467FE715F0800F04D069
:104B20001A9A111D1A9112883CE71A9A111D1A91AE
:104B3000126837E7462818D01A9B073323F007037B
:104B400003F108021A9293ED000B0295CDF804B020
:104B50000B9B00933B46324649464046FBF700FD1F
:104B600006460F9B01330F93A5E545F02005E3E7CB
:104B7000672801D0472801D145F40065452801D0B8
:104B8000472801D145F020051A9B073323F007037E
:104B900003F108021A9293ED000B0295CDF804B0D0
:104BA0000B9B00933B46324649464046FBF7E0FAF2
:104BB00006460F9B01330F937DE515F002051DD0CE
:104BC00001241A98031D1A9306F1010A3B46324646
:104BD00049460078C047A5B90F9B01330F9356464D
:104BE00069E502F1010A3B4649462020C0472346B9
:104BF00052465C1C9B45F4D81646E2E70123324638
:104C0000F7E7524606E0561C3B4649462020C0477F
:104C10002C463246651CA345F5D89246DCE71A9B24
:104C20001A1D1A92D3F800A00B9BFBB94FF0FF326C
:104C3000534601E001330A46197811B1511E002A8A
:104C4000F8D1A3EB0A0315F480620C9203D00B9AFF
:104C5000934228BF134615F0020409D00D94CDF8F5
:104C600038B00B9D32460C9E9B461FE00B9ADFE747
:104C70003246264606E0541C3B4649462020C047A3
:104C80002B4622465D1C9B45F5D834462B460D9499
:104C9000CDF838B00B9D0C9E9B4607E01D460AF1EF
:104CA000010A541C3B464946C04722469AF8000078
:104CB00020B1002EF3D06B1E002DEFD10D9C1646B7
:104CC0005B46DDF838B054B90F9B01330F93F2E423
:104CD000551C3B4649462020C04723462A465C1CBB
:104CE0009B45F5D81646EFE745F021051A9B1A1D9E
:104CF0001A921B680595082204920B9A03921022BF
:104D000002920022019200933B46324649464046B9
:104D10000AF096FC06460F9B01330F93CBE4741CFC
:104D20003B46324649462520C0470F9B01330F932F
:104D30002646C0E4DFF81C80BCE4BE4208D37A1EDD
:104D40003B4649460020C047304611B0BDE8F08FD1
:104D50003246F5E765F400080FB400B585B006AA41
:104D600052F8043B039200924FF0FF3202A904482C
:104D7000FFF796FC05B05DF804EB04B0704700BF88
:104D800097F700080CB410B584B00A4606AC54F886
:104D9000043B0394009401460348FFF781FC04B0F0
:104DA000BDE8104002B070475DF4000800B583B064
:104DB000009313460A4601460248FFF771FC03B010
:104DC0005DF804FB5DF40008014B1868704700BFF4
:104DD0006C0D002010B501F04BFA002000F096F9A0
:104DE0000446064800F078F8FEF7D0FF0448FFF7C5
:104DF000B3FF01F071FF204610BD00BF380C010861
:104E0000400C0108014B00221A607047700D002011
:104E1000014B01221A7070476D92002000B583B0DB
:104E200001F084FD022001F07FF901F055FF204BD5
:104E30001B782BB11E4B00221A7003B05DF804FBE7
:104E400001F086FD1A4B1B781BB1194B00221A701A
:104E5000F3E701F001F8164B1B781BB1144B00224D
:104E60001A70EAE70AF06FFD114B1B781BB1104B6B
:104E700000221A70E1E701F08FF901F067FC0C4B9A
:104E80001B781BB10A4B00221A70D6E7002301934E
:104E900001A800F0EDFA38B9054B1B78002BCCD0F7
:104EA000034B00221A70C8E7019800F035FDF3E7C4
:104EB0006D92002038B514461D4605494FF0010C8F
:104EC00081F800C00349C1E900450AF024FD38BD5E
:104ED0006E9200200008002070B5054600240CB139
:104EE000002070BD054B53F82460294670680AF015
:104EF00091FD08B10134F2E73068F2E7D892002062
:104F00000023062073B1704754B224B9013353B162
:104F10005DF8044B70470228F8D008680A49086019
:104F20001046F3E710B4094A52F823100A7A022A0D
:104F3000EAD9032AEAD1441EE4B2012CE6D9086872
:104F4000014908601046E1E79C0D0020D89200203E
:104F500010B5A2B02024224600211AA80AF042FD72
:104F6000284B1A93284B1C9302238DF87530274B3E
:104F70001E9307238DF87E3008238DF880300021A2
:104F8000159116911791189119914FF4702315935B
:104F90001F4B1993109111911291139114911D4B64
:104FA00010931D4B14933C2201A80AF01BFD0DF138
:104FB000040E0DF1540CBCE80F00AEE80F00DCF855
:104FC0000030CEF800300DF1180E0DF1400CBCE8A9
:104FD0000F00AEE80F00DCF80030CEF800300F4BC9
:104FE0000B930C9401238DF835308DF836300C4B33
:104FF0000F930C4B1AAA01A90B48FEF7DFFE22B053
:1050000010BD00BF840B010880841E007C0B0108CA
:105010003C00015B01000F004400015BA00D00207B
:10502000EC920020C00D0020740E002008B502484C
:1050300009F097FF08BD00BF740E002008B50248B4
:1050400009F08FFF08BD00BF740E002010B58AB0B4
:1050500000230693079308930993254B069325494C
:1050600006A804F089F8244B186030B1002305939A
:1050700005A90BF057F808B1FEE7FEE71E4C1F4AE2
:105080001F4B1968206804F083FA0021206809F09A
:1050900096FE00B1FEE71B49174B186804F0A4FA0E
:1050A00000B1FEE74FF0FF3240F2FF33CDE90023BD
:1050B0004FF0FF324FF0FF330F4908680AF0CEFF80
:1050C00000B1FEE7104B1B88ADF81030ADF80C3086
:1050D00004A9094B18680AF0A9FF00B1FEE703A96B
:1050E000054B18680AF0B8FF00B1FEE70AB010BD22
:1050F0002FF8000811F80008009300201BF80008A2
:10510000C892002007001100D011010882B0054BA1
:10511000019302AB03EB800050F8043C186802B026
:10512000704700BF0093002000B587B00121202008
:10513000FCF75AFCFBF7DAFF18B10246454B9842E0
:1051400051D100214448FBF74FFF0246002855D1BA
:10515000414B1A684149002001F032FB00214048D0
:10516000FBF742FF0246002853D13D4B1A683D49E8
:10517000002001F025FB002305933B4A0492039392
:105180004FF48073029301230193384B0093384B03
:10519000384A4FF480213048006809F06CF9024623
:1051A000002841D13449002001F00AFB0023059377
:1051B000324A049203934FF48073029301230193C4
:1051C0002A4B00932E4B2F4A2F492548006809F09F
:1051D00052F90246002832D12C49002001F0F0FAA1
:1051E00007B05DF804FB2A49002001F0E9FA294BD9
:1051F000294A4FF41D71294803F098FA28490020E4
:1052000001F0DEFA234B244A40F27B21234803F0CD
:105210008DFA2349002001F0D3FA1E4B1E4A40F2BA
:1052200083211E4803F082FA1E49002001F0C8FACB
:10523000184B194A40F28B21184803F077FA1A49A3
:10524000002001F0BDFA134B134A40F2932113489A
:1052500003F06CFA038000F0980E0020441201085D
:10526000940E002064120108AD52000824C00550BD
:10527000A4100020A4110020AC120108CD55000894
:10528000A40E0020A40F002001000400F412010865
:10529000D4110108EC11010898140108F01101085B
:1052A0003012010884120108CC12010810B50C4616
:1052B0000A4B01221A7040211C2000F03FFF084BCE
:1052C0001B782BB114F0010F04D0064B064A1A606C
:1052D000012010BD034B054A1A60F9E771920020C6
:1052E00072920020A00E0020A4110020A410002023
:1052F00010B58AB001213A20FCF776FB0121292064
:10530000FCF772FB0023032204210220FDF744FF77
:105310000023032205210220FDF73EFF0023032284
:1053200011460220FDF738FF002304220121084620
:10533000FDF732FF0DF1040C1D4C0FCCACE80F0053
:105340000FCCACE80F002368CCF8003000238DF8B8
:1053500011308DF8043005228DF81020154A039283
:105360004FF44072ADF8142001228DF82320ADF8DF
:1053700020308DF82230104B104AC3F82427A2F5B4
:105380008032C3F83427A2F58032C3F838271922B7
:10539000C3F820270A4C01A9204609F02FFC04F588
:1053A00080541823E364092009F027FD0AB010BDDA
:1053B000AC14010800E02E0000C0035002000500FC
:1053C00000C005502DE9F0411F4B5D68002009F039
:1053D0009FF804461D49002001F0F2F900263746E7
:1053E0000AE01B4B1B7803F0FF0803B1C6B1164B54
:1053F0005B685B1BA34219D8164B1B7813B1144B87
:105400001B78D3B9134B1B7803F0FF08002BE8D0AF
:10541000002FE6D11049002001F0D2F94746E0E71D
:105420000E49002001F0CCF94646E0E70C4B0D4A4E
:1054300040F27B110C4803F079F90C49002001F08F
:10544000BFF9BDE8F08100BF001000E014130108AF
:10545000709200207192002038130108581301083F
:10546000EC11010874140108F01101087813010807
:105470000346074A107850B1064A126832B104490F
:105480004FF0000C81F800C01A6070470020704790
:105490006F920020900E002008B50023084A137078
:1054A000084A1370084A1370FFF73EFEFFF720FF0B
:1054B0000521064809F045FBFFF784FF08BD00BF42
:1054C00072920020719200207092002000C005505E
:1054D00010B52E49002001F073F92D4B5B6E13F4CB
:1054E000007F21D12B4B186810B92B4B1B68D3B10F
:1054F0000BF04EF9274B1868FBF7CEFD00B3274A97
:10550000904223D0264A904227D0234C20680BF0AB
:105510003FF92068FBF7C0FD28B3204A904227D00E
:105520001F4A90422BD010BD1E49002001F048F9BF
:105530001D48FEF70BF81D49002001F041F9D1E7A5
:10554000144B1A681A4901F03BF9DEE7114B1A684F
:105550001849002001F034F9D7E7174B174AA72163
:10556000174803F0E3F82268164901F029F9DAE751
:10557000094B1A681449002001F022F9D3E70E4BB9
:105580000E4AB6210E4803F0D1F800BF9813010867
:1055900000800050980E0020940E0020068000F03D
:1055A000028000F0AC13010800C00550C0130108D0
:1055B000D0130108F4130108EC1101086814010864
:1055C000F0110108181401084014010810B5A0B02A
:1055D00011F0010F16D00D4B0D4A1A604FF4807276
:1055E00069460A4B18680AF034F9684600F0E8FB8F
:1055F0000124084B1C7040211D2000F09FFD204617
:1056000020B010BD014B044A1A60E7E79C0E002051
:10561000A40F002070920020A40E002010B5074CAB
:10562000A26C074B1A600023042219460120FDF7E3
:10563000B3FDA36C04F50054A36410BD00C0055075
:10564000740D002010B1044A1268026011B1034BBE
:105650001B680B60704700BF501300204C130020E4
:105660002DE9F04389B0624801F0B0FC002800F059
:105670009980604801F0AAFC002800F09C805C48FA
:1056800001F0FEFB0746B0F1FF3F00F09D80594856
:1056900001F0F6FB8146B0F1FF3F00F09F8000244F
:1056A00004940594069407944FF001088DF8108037
:1056B0000094019402948DF80C408DF8104003235F
:1056C0008DF806304A4E04A9304609F071F9494D6B
:1056D00004A9284609F06CF9474B07F13402500140
:1056E00003EB421207211950546003EB4717C7F828
:1056F00088864FF00112C7F88C2609F13402500158
:1057000003EB421219504FF4C021516003EB4913CF
:105710004FF48022C3F888264FF4A022C3F88C26C9
:105720006A462146304609F0A7F96A4641463046A6
:1057300009F0A2F96A460221304609F09DF96A464D
:105740002146284609F098F96A464146284609F05C
:1057500093F96A460221284609F08EF9336B40F628
:10576000FF73F3612A6BEB61C6F80C80C5F80C80FF
:1057700006F58053102098612021996140229A619A
:1057800005F58053986199619A613467C6F8904035
:10579000C6F8B0402C67C5F89040C5F8B04009B0D5
:1057A000BDE8F083154901F00BF8154B154ACD21E2
:1057B000154802F0BBFF154901F002F8104B114AE1
:1057C000D221114802F0B2FF1149002000F0F8FF89
:1057D0000B4B0C4ADB210C4802F0A8FF0D490020BE
:1057E00000F0EEFF064B074AE421074802F09EFF57
:1057F000000005500040055000C00350D0140108BF
:10580000EC1101088C150108E8140108281501089D
:10581000401501085415010808B501213A20FCF78C
:10582000E3F80023042219461846FDF7B5FC0023CF
:10583000042219460120FDF7AFFC002304220121B8
:105840000846FDF7A9FC0023042206211846FDF7AF
:10585000A3FC0023042211461846FDF79DFC0023FB
:10586000042205211846FDF797FCFFF7F9FE024BCD
:1058700001221A6008BD00BFA412002010B5234801
:1058800001F0C4FA48B9224801F0C0FA78B9214BB6
:105890005B6E13F0806F14D110BD1C4C0223E360CB
:1058A0002046FDF7F7FD204601F044FBEBE7184CDE
:1058B0000223E3602046FDF7EDFD204601F03AFBB0
:1058C000E5E700231A4619461846FDF765FC002354
:1058D0001A4619460120FDF75FFC00231A460121F4
:1058E0000846FDF759FC00231A4606211846FDF725
:1058F00053FC00231A4604211846FDF74DFC0023F3
:105900001A4605211846FDF747FCC5E7000005507B
:10591000004005500080005010B528B1014600231A
:105920004FF6FF7E9C460CE02A4900F049FF2A4BC7
:105930002A4A4FF4BD712A4802F0F8FE72450CD392
:1059400001337E2B0BD831F8132031F913000028D6
:10595000F4DB6245F4D99446F2E79646F0E7CEF5DB
:105960007F4E0EF1FF0E6046F44538BF704640F69C
:10597000B83101FB0CF31B4AA2FB0343DB0B1A4CAF
:10598000236001FB0EF3A2FB0323DB0B174A13601A
:1059900047F6BB33984209D846F6AA2398420CD85A
:1059A00040F2444398420BD8002301E047F6BB3352
:1059B0000F4A12689A4206D910BD46F6AA23F7E7A5
:1059C00040F24443F4E70B4A1360FFF7FDF90A4B3A
:1059D0001860F1E768150108EC1101087815010855
:1059E000E8140108018000804C13002050130020AF
:1059F0005C130020581300205413002082B0019142
:105A0000012803D0022821D1154900E015490A696F
:105A100012F0010F1AD09DF804202AB99DF8050054
:105A200010B99DF8060098B103FB02F212110A6743
:105A30009DF8052003FB02F21211C1F890209DF899
:105A4000062002FB03F31B11C1F8B03002B070470F
:105A500000230B67C1F89030C1F8B030F6E700BF03
:105A6000004005500000055008B5164B1B78DBB10F
:105A7000154B1B68154A52F83320824214D2134A40
:105A800002EBC3035B6883B9012211490968104620
:105A9000FFF7B4FF0C4A1368013313600B4A52F846
:105AA0003330B3F1FF3F08D008BD7F2301220949FD
:105AB00009681046FFF7A2FFECE7024B00221A70BC
:105AC000F2E700BF73920020A8120020AC12002061
:105AD0009C150108A415010808B501F059F9022820
:105AE00007D07F230122074909681046FFF786FF88
:105AF00008BD7F230122044909681046FFF77EFF95
:105B0000F6E700BFA8150108A4150108274B1B687C
:105B1000012B00D0704770B50446254B01221A7046
:105B200001F040FB002313E00138224A42F83340E1
:105B3000591C02EBC30501266E6004F1C80542F84A
:105B40003150023302EBC1020021516004F5C874E8
:105B5000B0B10428E8D90538164A42F83340591C38
:105B600002EBC30501266E6004F5C87542F831509A
:105B7000023302EBC1020021516004F54874E7E7EB
:105B8000DBB20AE00B4A4FF0FF3142F8331002EB70
:105B9000C302002151600133DBB2132BF2D9FFF7AE
:105BA0009BFF054B01221A6070BD00BFA4120020AC
:105BB00073920020AC120020A812002010B50446F9
:105BC000284B1A68284B1B689A4233D9254A11681A
:105BD000254B196000211160244A10601B6846F6AD
:105BE000AA22934216D047F6BB3293421AD040F213
:105BF0004442934206D01D4B1B68E41AB4F5967FCD
:105C000024D810BD7F230122194909680220FFF71B
:105C1000F5FEF0E77F230122164909680220FFF70D
:105C2000EDFEE8E77F230122134909680220FFF710
:105C3000E5FEE0E70B4B1A680B4B1B689A42DAD182
:105C4000084B00221A60094B1860D4E7064B00226B
:105C50001A607F230122094909680220FFF7CEFE5E
:105C6000CFE700BF581300205C130020541300201E
:105C7000A4150108A0150108A81501089C15010824
:105C80000023132B0AD803EB0312D100044A0A4461
:105C900092F8800018B90133DBB2F2E700207047B8
:105CA0006813002000239C4603E0844511D2013391
:105CB000DBB2132B0BD803EB0311074A02EBC10233
:105CC00092F88020002AF0D00CF1010CEDE70020C2
:105CD00070470120704700BF081E002008B5044B24
:105CE000187818B9FFF7CCFF014B187008BD00BF3A
:105CF0007692002008B50A4B187848B9094B1B78F2
:105D00003BB10120FFF7CEFF054B1870044B18780C
:105D100008BD0220FFF7C6FF014B1870F6E700BF71
:105D20007592002074920020132800D9704708B59E
:105D300000EB001088220021024B03EBC00009F0A9
:105D400051FE08BD081E002008B50C4A1368013337
:105D50001360132B02D9134600221A60074B1B68ED
:105D600003EB0313DA00064B134493F8803003B9B6
:105D700008BD0449002000F023FDF9E7601300206E
:105D8000081E0020AC15010810B54FF42A64224605
:105D90000021074809F026FE22460021054809F0A7
:105DA00021FE0023044A1360044A136010BD00BFA3
:105DB000081E0020681300206013002064130020D8
:105DC000F8B501460B4B1D6805EB05160A4C04EBB4
:105DD000C6068022304609F010FE012386F8803086
:105DE00009F07EFDC6F88400FFF7AEFF212000F029
:105DF0009BF9F8BD60130020081E002030B5002379
:105E00004FF0FF352C4605E0AA4201D20B60154643
:105E10000133DBB2132B1CD89E4603EB031C0D4A47
:105E200002EBCC0292F88020002AF1D0094A02EB62
:105E3000CC02D2F88420A242E6D202680A60E6468A
:105E4000044A02EBCC02D2F88420036025461446B3
:105E5000DEE730BD081E002030B583B0244B1C782F
:105E60009CB1FFF73BFF054610B9204603B030BD9B
:105E7000FFF740FF044608B92C46F6E7222000F061
:105E800053F9232000F050F9EFE7FFF733FF054601
:105E900008B90124E9E74FF0FF330093019301A90A
:105EA0006846FFF7ABFF009B132BDED8019B132B3B
:105EB000DBD80221232000F041F900220D4B1A709B
:105EC000009800EB00100C4B019901EB011103EB62
:105ED000C10103EBC00001F0CFFC08B92C46C4E7B8
:105EE0000098FFF721FF0198FFF71EFFF6E700BFBC
:105EF0007492002075920020081E002008B500F062
:105F0000F5FC074B1B68C01A642800D808BD00F0D8
:105F1000EDFC034B186001F03FF909F0BAFCF5E71E
:105F2000A828002000B585B001213A20FBF75CFDD0
:105F30000023032209211846FDF72EF909238DF8C5
:105F40000D3000238DF80C304FF0FF320292009399
:105F5000094B012202A903A8FAF79EFE28B10246C6
:105F60000649002000F02CFCFEE70549002000F067
:105F700027FC05B05DF804FBFD5E0008BC150108B8
:105F8000D815010808B50C4B5B6E13F0806F06D175
:105F90004FF0FF30FAF7F8FE024638B908BD00238B
:105FA0001A4609211846FDF7F7F8F1E703490020E2
:105FB00000F006FCF2E700BF00800050EC1501087D
:105FC00010B586B0002305930493039302930193C5
:105FD00004A905A801F098F903A801F09FF901A907
:105FE00002A8FFF72FFB0A4C059B6366049BA36680
:105FF000039B2366029BA367019BE36701F0AAF85A
:10600000C4F8980000F0D4F9E06606B010BD00BFF7
:106010005429002038B50AF04AFC0546FFF7D0FFA6
:106020000A4C9C2221460A4809F049FC9C22002186
:10603000204609F04EFC00F059FC206001F08AF87F
:10604000C4F8940028460AF02DFC38BD54290020DD
:10605000B82800202DE9F8431B2844D8DFE800F0D9
:10606000330E434343434343353535353535434399
:10607000434335353535353543434333204BD3F82A
:106080000480204DEE6E204CD4F80090002008F0E3
:106090003FFA02461D4F3B68A8EB03031C494846E4
:1060A00000F08EFBC7F800806A682B68D21A194985
:1060B000206800F085FB184D2A68B21A174920683D
:1060C00000F07EFB2E60BDE8F8830E4B53F82030C5
:1060D000002BF8D0124A52F8202012490A480068D2
:1060E00000F06EFBEFE7074B53F820300C4A52F8F4
:1060F00020200C490448006800F062FBE3E700BF81
:10610000001000E0B8280020B4280020B0280020AB
:10611000081601083C160108AC2800206416010886
:10612000049300208C160108034A52F820300133F2
:1061300042F82030704700BF54290020034A52F82B
:1061400020300B4442F82030704700BF5429002013
:1061500038B500F0CBFB04460A4B586000F028F934
:10616000094D2860FFF756FF22460849286800F0CD
:1061700027FB074B01221A70064B00221A6009F018
:1061800094FB38BD54290020B4280020981601083B
:1061900077920020F02900200B4B1B7803B9704741
:1061A00010B50A4C2068FFF755FF236801332360C0
:1061B000262B00D810BD0649064B186800F000FBDE
:1061C000014B00221A70F5E777920020F029002099
:1061D000A8200108B4280020244BD3F89430002BC9
:1061E00028DB13F4005F27D113F4006F26D113F4DA
:1061F000806F25D113F4007F24D113F4807F23D145
:1062000013F0800F22D113F0400F21D113F0200F93
:1062100020D113F0100F1FD113F0080F1ED113F06F
:10622000040F1DD113F0020F1CD113F0010F1BD16D
:1062300000207047012070470220704703207047FC
:1062400004207047052070470620704707207047DC
:1062500008207047092070470A2070470B207047BC
:106260000C2070470D2070470E20704700400050F2
:1062700070B53849002000F0A3FAFFF7ADFF0646DD
:1062800001213C20FBF7B0FB334B53F82620334968
:10629000002000F095FA0E2E09D0072E07D0062E0A
:1062A00005D0052E03D0042E01D0032E28D12C4971
:1062B000002000F085FA00230EE02A4903EB430496
:1062C00001EB84020025556045F61B7541F824500A
:1062D00043F69631916001330E2BEED9214B06EB3C
:1062E000460203EB8202526806EB460603EB860386
:1062F00001325A601C49002000F062FA002426E0B6
:106300001A49002000F05CFA00230E2BE6D8184A48
:1063100052F82340134903EB430001EB8002546021
:1063200045F61B7441F8204043F6963191600133E5
:10633000EBE704EB44020B4B03EB82035B68064A7A
:1063400052F824200B49002000F03AFA01340E2CB8
:10635000EFD970BDAC1B0108A0930020C81B010839
:10636000DC1B0108F4290020081C0108F41B0108AB
:10637000000008501C1C010810B5094B5C6A094B51
:1063800058682246084900F01BFA054B5B6A1B1B44
:10639000312BFAD9034B5868044900F011FA10BDAB
:1063A00000C00450001000E0281C0108601C010817
:1063B00008B5044800F02AFD08B9002008BD014BCB
:1063C000586AFBE700C0045010B51249002000F0E5
:1063D000F7F9114800F01AFD40B9104800F016FD19
:1063E00070B90F49002000F0EBF910BD0A4C0223F0
:1063F000E3602046FDF74EF8204600F09BFDECE7F9
:10640000064C0223E3602046FDF744F8204600F0E6
:1064100091FDE6E7841C010800C004500080045090
:10642000A81C010870B588B01F49002000F0C8F909
:106430001E4800F0CBFD78B3002404940594069424
:10644000079401268DF810600094019402948DF851
:106450000C408DF8104002238DF8143003238DF882
:106460000630124D04A9284608F0A2FA6A462146D1
:10647000284608F001FB4FF0FF320D49204600F09E
:106480009FF92B6B4FF0FF33EB61EE60094920461B
:1064900000F096F908B070BD074B084A40F24F1162
:1064A000074802F043F900BFD81C010800C004509F
:1064B000481D0108581D0108EC110108A81E01081B
:1064C000001D0108F0B589B07149002000F078F98D
:1064D000704800F07BFD00286AD06E4800F0F2FCA6
:1064E00008F016F8054602466B49002000F068F9EE
:1064F0006A4B9D4262D96A4BA3FB05239B0C694AF8
:1065000002FB1353002B63D115F03F0F09D1AC09E7
:10651000634BA3FB04239B0C624A02FB1343002B37
:1065200060D015F01F0F0AD16C095D4BA3FB04234B
:106530009B0C5C4A02FB1343002B00F09B8015F080
:106540000F0F0AD12C09564BA3FB04239B0C554A71
:1065500002FB1343002B00F08F8015F0070F0AD1C8
:10656000EC084F4BA3FB04239B0C4E4A02FB134346
:10657000002B00F0838015F0030F09D1AC08484BC5
:10658000A3FB04239B0C474A02FB1343002B77D049
:1065900015F0010F76D16C08414BA3FB04239B0C33
:1065A000404A02FB1343002B6FD02C4600261AE012
:1065B0003D4B3E4A8C213E4802F0B8F83D49002050
:1065C00000F0FEF8384B394AC521394802F0AEF8E0
:1065D0003949002000F0F4F8334B344ACF213448D5
:1065E00002F0A4F83F26721C3449002000F0E8F8BD
:1065F00022463349002000F0E3F800250495059574
:106600000695079501278DF8107000950195029564
:106610008DF80C50ADF812608DF8105003238DF8F2
:1066200006301C4E04A9304608F0C2F96A462946D5
:10663000304608F021FA1A4BA3FB0434A40C013CA9
:1066400022462049284600F0BBF8336BF46124FA57
:1066500007F2336BB2661C49284600F0B1F8F760C8
:106660001A49284600F0ACF8FFF7DCFEFFF784FE7D
:1066700009B0F0BD1F26B6E70F26B4E70726B2E73C
:106680000326B0E72C460026ADE70126ABE700BFA6
:106690007C1D010800800450A01D01083F420F002E
:1066A00083DE1B4340420F00EC110108D01E01089D
:1066B000001D0108C81D0108F41D0108301E010855
:1066C000481E0108481D0108641E0108841E0108B7
:1066D00030B58BB014461D46CDE90001194A202182
:1066E00002A8FEF74FFB1F280DD8411E164A82FB59
:1066F0000132A2EBE1721044854208DD00222254EF
:10670000431E104608E0002323700BB030BD002369
:106710002370FAE7134661460029F6DB01F1FF3CDE
:106720005A1E2831694411F8201CE1540130032815
:10673000F0D1BCF1000FEDDB2C21A1549A1E0020FA
:10674000E8E700BFF01E01085655555510B5002367
:106750004FF0FF3084464FF0640E00E00133632BAE
:1067600019D8154A6C2101FB032292F86420002AF3
:10677000F4D0114A01FB0322926E82424FF00002D4
:1067800072EB0C02EAD20C4A01FB0322906E4FF02E
:10679000000C9E46E2E7BEF1630F00D910BD6C23EA
:1067A000054C03FB0E4421460448FEF7D5FA0023AE
:1067B00084F86430F2E700BFC82A0020F81E010800
:1067C0000EB42DE9F04382B0044609AB53F8045BE4
:1067D00001930AF06CF80023632B3FD8264A6C2102
:1067E00001FB032292F864200AB10133F4E7DBB223
:1067F000642B35D01F46204A6C2101FB0323012264
:1068000083F864200AF04EF86CB32046DFF87490E9
:1068100020234A460021FFF75BFF6C2607FB06F6A4
:10682000DFF854804B46154A642108EB0600FEF75A
:10683000A9FA0644019B2A46C0F1640108EB060050
:10684000FEF7B4FA94B90E4B5A686C2101FB07832A
:106850009A6602B0BDE8F04303B070476423C7E70F
:106860000AF020F8F5E709F0A1FCCFE7024B6C2213
:1068700002FB07339C66ECE7C82A0020FC1E0108D7
:10688000001000E0A82A002010B5044C2068FFF793
:1068900095F92068FFF7E8F810BD00BF0C550020FF
:1068A00008B5024808F0E9F908BD00BF0040005BE8
:1068B00008B5054B1B681BB1013B034A136008BDBB
:1068C000FFF746FCFBE700BFDC93002008B5024B56
:1068D0001868FFF71BF908BD0C550020024B41F268
:1068E00088321A60704700BF14550020014B1868A9
:1068F000704700BF0C550020014B01221A707047F1
:106900007892002008B507490020FFF759FF4FF0A3
:10691000E022136923F00103136103490020FFF70C
:106920004FFF08BD041F0108201F010808B5FFF72D
:106930003FFD06E0054A11680131116003F57A73E5
:106940005360024B5B688342F4D308BD0C550020B2
:1069500008B51E4B1A681E4B1B689A4200D808BD2A
:1069600001331B4A1360FFF78FFF1A4A1368013384
:106970001360092B02D9134600221A60164A1368C5
:1069800001331360632B14D8144A13680133136066
:10699000B3F57A7F13D2124A13680133136041F2C0
:1069A00087329342DBD90E4B00221A60FFF78EFF2D
:1069B000D5E7134600221A60FFF772FFE4E713469B
:1069C00000221A60FFF774FFE5E700BF0C550020B6
:1069D000085500200455002000550020FC540020DC
:1069E000F854002038B5514D29460020FFF7E8FE45
:1069F0004F490020FFF7E4FE00F046FB4D49002020
:106A0000FFF7DEFE4C490020FFF7DAFEFFF75AFDE4
:106A10004A490020FFF7D4FEFFF7CAFC0246484C63
:106A200021460020FFF7CCFE46490020FFF7C8FEB4
:106A300008F037FF44490020FFF7C2FEFFF7B8FC1B
:106A4000024621460020FFF7BBFEFFF7B1FC0246DD
:106A500021460020FFF7B4FE3C490020FFF7B0FEBE
:106A6000FFF792F93A490020FFF7AAFE39490020C2
:106A7000FFF7A6FE08F039FF37490020FFF7A0FE18
:106A8000FFF796FC024621460020FFF799FEFFF72C
:106A90008FFC024621460020FFF792FE2F4900207E
:106AA000FFF78EFEFEF7B8FE2D490020FFF788FEA7
:106AB000FFF77EFC024621460020FFF781FEFFF72C
:106AC00077FC024621460020FFF77AFE2549002088
:106AD000FFF776FEFFF726FA23490020FFF770FE46
:106AE000FFF766FC024621460020FFF769FEFFF72C
:106AF0005FFC024621460020FFF762FE1B49002092
:106B0000FFF75EFEFEF7C8FC19490020FFF758FEAC
:106B1000FFF74EFC024621460020FFF751FE2946B2
:106B20000020FFF74DFE012038BD00BFA82001085E
:106B3000381F01084C1F0108601F0108801F010851
:106B4000981F0108A81F0108C01F0108D81F0108CD
:106B5000F81F0108142001082C200108402001081A
:106B600054200108642001088020010894200108B5
:106B7000AC20010810B509F09AFE04462049002017
:106B8000FFF71EFE08F0B0FE1E490020FFF718FEBA
:106B90001D490020FFF714FEFFF716FC1B490020DB
:106BA000FFF70EFE1A490020FFF70AFEFFF7AAFEC4
:106BB00018490020FFF704FE17490020FFF700FEE8
:106BC000FFF7E0F915490020FFF7FAFD144900200E
:106BD000FFF7F6FDFEF752FE12490020FFF7F0FD29
:106BE00011490020FFF7ECFDFEF772FC0F49002071
:106BF000FFF7E6FD204609F055FE002010BD00BF5E
:106C0000BC200108D8200108EC2001080C21010853
:106C100028210108442101085C210108782101088C
:106C200090210108A8210108BC210108D4210108F4
:106C300008B5134B1A78D2B2124B1B78DBB29A42CA
:106C400001D1002008BDFFF795FF0F490020FFF795
:106C5000B7FDFFF7C7FE50B10C490020FFF7B0FDAC
:106C600008F017FE0A4B02221A700120EAE70949D0
:106C70000020FFF7A5FD064B03221A70F5E700BFC1
:106C8000A39400207A920020E82101080422010840
:106C90007992002024220108024B1B78024B1B78BA
:106CA00000207047A39400207A920020084B1B78A4
:106CB000DBB2022B01D00020704710B50124054B38
:106CC0001C7008F0E6FDFEF7A3F8204610BD00BFDB
:106CD0007A9200207992002038B5264B1B78B3B900
:106CE000254B1A78D2B2254B1B78DBB29A4221D1C0
:106CF000214B1B78DBB2022B33D0032B34D0012B7A
:106D000026D01F490020FFF75BFD002022E0194C30
:106D10002178194D2B781B4A52F8233052F8212044
:106D200019490020FFF74CFD2378DBB22B700023BC
:106D30002370D5E7104B1978104B1B78114A52F885
:106D4000233052F8212011490020FFF739FDCFE709
:106D5000FFF76EFF084B1B78DBB2084A137030B99F
:106D600038BDFFF799FFF5E7FFF7A0FFF2E7FEF761
:106D70004FF8F5E779920020A39400207A92002042
:106D800088220108E09300204022010868220108BF
:106D9000014B1878704700BFA394002010B509F08C
:106DA00086FD0446064B03221A7006490020FFF7B1
:106DB00007FDFEF72DF8204609F074FD10BD00BF59
:106DC00079920020982201080F4B984213D003F5C6
:106DD0008043984211D003F5804398420FD003F5C9
:106DE000804398420DD003F58043984201D00020A3
:106DF0007047012070470120704701207047012033
:106E000070470120704700BF00800450174B984224
:106E10000DD0174B984210D0164B984213D0164BFA
:106E2000984216D0154B984219D001207047A3F50F
:106E30008023586EC0F300107047A3F58823586E66
:106E4000C0F340107047A3F59023586EC0F3801034
:106E50007047A3F59823586EC0F3C0107047A3F590
:106E6000A023586EC0F30020704700BF008004507C
:106E700000C004500000055000400550008005503F
:106E80000F4B984214D003F58043984212D003F57B
:106E90008043984210D003F5804398420ED003F50A
:106EA0008043984202D04FF0FF3070470420704773
:106EB0000020704701207047022070470320704770
:106EC0000080045010B50446FFF77EFFA8B1144BB4
:106ED0009C421DD003F580439C421BD003F58043A8
:106EE0009C4219D003F580439C4217D003F58043A0
:106EF0009C420BD04FF0FF3010BD0A49FFF760FCF9
:106F0000094B0A4A6E210A4801F010FC2820F3E7D9
:106F10002420F1E72520EFE72620EDE72720EBE707
:106F200000800450A8220108EC1101083823010850
:106F3000BC22010838B50446FFF746FF90B105466C
:106F4000194B9C4217D0194B9C4219D0184B9C42AC
:106F50001BD0184B9C421DD0174B9C421FD00025C4
:106F6000284638BD1549FFF72BFC154B154A9921CA
:106F7000154801F0DBFB00212420FAF735FDEFE78F
:106F800000212520FAF730FDEAE700212620FAF754
:106F90002BFDE5E700212720FAF726FDE0E7002199
:106FA0002820FAF721FDDBE70080045000C00450E0
:106FB000000005500040055000800550A82201083F
:106FC000EC1101081C230108BC22010838B5044655
:106FD000FFF7FAFE90B10546194B9C4217D0194BAA
:106FE0009C4219D0184B9C421BD0184B9C421DD080
:106FF000174B9C421FD00025284638BD1549FFF786
:10700000DFFB154B154ACA21154801F08FFB012102
:107010002420FAF7E9FCEFE701212520FAF7E4FC48
:10702000EAE701212620FAF7DFFCE5E70121272026
:10703000FAF7DAFCE0E701212820FAF7D5FCDBE7D4
:107040000080045000C0045000000550004005506E
:1070500000800550A8220108EC1101080423010852
:10706000BC22010808B5064B9A6903F500539A61E2
:1070700004490020FFF7A4FB08F01DFC08BD00BF79
:107080000040005B5023010810B584B0214B9B6E7B
:1070900013F4003F0BD02D20FAF7D4FC0C280FD1AD
:1070A0001D4B5B6813F0010F13D004B010BD0C2111
:1070B0002D20FBF77BF801212D20FAF795FCEAE75C
:1070C00016490020FFF77CFB0C212D20FBF76EF802
:1070D000E6E70023009301930293ADF80C300123FF
:1070E0008DF800300F228DF80A208DF80D3008221F
:1070F0008DF80A20084C04F58052D3612A2007F04D
:107100007CFE6946204607F0CDFD204607F0C7FD0E
:10711000CBE700BF008000500040005B5C2301080B
:10712000094B1B785BB1084B00221A70074A1368A1
:1071300001331360142B03D0054B01221A707047E2
:10714000134600221A60F7E77B920020F09300209C
:107150007C920020014B1868704700BF1855002032
:107160000C4B1A684FF6FF739A4209D0094A13680C
:1071700001331360074B1B68B3F57A7F04D0704767
:10718000044B00221A60F5E7024A136801331360CA
:10719000F5E700BF18550020014B01221A70704717
:1071A0007B920020014B1868704700BFF0930020CD
:1071B00008B50020FDF7AAFF134A144908F0E8FFBC
:1071C00048B9114B1A88B2F5007F0FD11049002041
:1071D000FFF7F6FA08BD02460E490020FFF7F0FA65
:1071E0000D4B0E4A1E210E4801F0A0FA13464FF433
:1071F00000720C490020FFF7E3FA074B074A2321EE
:10720000074801F093FA00BF989400201C55002015
:107210002C24010878230108EC1101089C240108A2
:10722000A0230108F02301082DE9F041C6B007466C
:1072300041AA022108F0AEFF804641A9684608F045
:107240008CFB9DF80020802A03D8013256100024C0
:107250001BE012490020FFF7B3FA4146384608F018
:107260009BFF18E063000DEB4402127901336B447D
:107270001D7945EA0225284600F026F82B462246CD
:1072800007490020FFF79CFA0134B442EAD3414693
:10729000384608F081FF46B0BDE8F081502401086F
:1072A0007024010807490A4201D10020704712F0FA
:1072B000080F01D10120704708B5FFF7B5FF012085
:1072C00008BD00BF088D010070B50024632C17D8DD
:1072D00004EB84020B4B03EB82031B790BB10134EB
:1072E000F4E7084DA600134605EB820245F823009B
:1072F0000123137108F0F4FA264405EB8605A86013
:1073000070BD00BF1C570020034A13899BB2036065
:1073100053680B60704700BFEC5E0020014B1B6898
:1073200003607047EC5E002010B5F8B9134B144AA7
:107330001A601449FFF744FA104C2368DA681249BE
:107340000020FFF73DFA23681A6810490020FFF774
:1073500037FA23685A680E490020FFF731FA23688C
:107360009A680C490020FFF72BFA10BD034B0A4A1C
:107370001A600A490020FFF723FADDE7F4930020A2
:1073800074260108B0240108DC2401080425010842
:10739000202501084425010864260108C4240108A9
:1073A00010B50B490020FFF70BFA0A4C41F2887226
:1073B0000021204608F016FB074B1B681B6804F5EC
:1073C0008054C4F884370020FFF7AEFF10BD00BF23
:1073D00068250108EC5E0020F493002038B50A4CC3
:1073E000E56841F288720021204608F0FBFA074B5D
:1073F0001B681A6804F58053C3F88427E5600449C4
:107400000020FFF7DDF938BDEC5E0020F49300208A
:107410008025010870B582B005460C46524B1B68AA
:10742000D3B1514BDA68A21A504B1B68596891428C
:107430002CD39B6893424FD84D4BD3F88037B3F58C
:10744000FA7F71D808F04CFA474BD8601A680132BD
:107450001A60012002B070BD444B1B681B68424E8D
:1074600073609BB23381726842490020FFF7A8F92C
:10747000328992B240490020FFF7A2F9F368002B4D
:10748000CFD1326801323260F460E2E7364B5A60A5
:1074900003F58050D0F88017AEB201EB410103EB49
:1074A00081010E83D0F8801701EB410103EB8101CC
:1074B0004A61D0F8802702EB420203EB820214619A
:1074C000D0F880270132C0F880275A682B462B4914
:1074D0000020FFF775F9AFE791B2234B198103F54F
:1074E0008050D0F88017AEB201EB410103EB81016F
:1074F0000E83D0F8801701EB410103EB81014A6153
:10750000D0F8802702EB420203EB82021461D0F82C
:1075100080270132C0F880271A892B4692B2184979
:107520000020FFF74DF987E716490020FFF748F9DB
:10753000002410E004EB44030B4A02EB8302138B9C
:1075400051691269019200919BB222460E490020B6
:10755000FFF736F90134064BD3F88037A342E9D858
:10756000FFF71CFC6EE700BFEC5E0020F4930020E8
:10757000EC6E002098250108B4250108D0250108EB
:10758000F02501081026010834260108044A136872
:1075900001331360132B02D9134600221A6070477F
:1075A00080780020132807D80B4B4FF48A7202FB17
:1075B000003393F8063103B9704710B5064C02FB4F
:1075C0000044002384F80531012384F8073108F0D2
:1075D00087F9C4F80C0110BD84780020F0B583B0A1
:1075E000132862D804460D460020FDF78FFD06469D
:1075F0004FF48A7304FB03F3464AD35801932DB129
:10760000C3F3072343F002038DF80530FF238DF801
:107610000430012304220DEB0201304608F09AFDEC
:10762000042848D14FF48A733A4903FB041100231C
:1076300080220431304608F08DFD802846D14FF479
:107640008A7C0CFB04FC0CF1800C324B9C44002324
:1076500080220CF10401304608F07CFD802840D1E6
:1076600009F025F907460420FEF75EFDFFF79AFDB5
:1076700000231A4681B2304608F03FFC002840D172
:10768000244B4FF48A7202FB0433012283F8062153
:10769000214B1C601D7185B30F20FEF745FD384658
:1076A00009F000F9012003B0F0BD1C490020FFF7EC
:1076B00087F80020F7E7024619490020FFF780F815
:1076C000184B194AF321194801F030F802461849BD
:1076D0000020FFF775F8134B134AFB21134801F004
:1076E00025F8024613490020FFF76AF80D4B0E4AB1
:1076F00040F203110D4801F019F80520FEF714FDC2
:10770000CDE70620FEF710FD384609F0CBF8002043
:10771000C9E700BF84780020747600208426010821
:107720009C260108EC1101085C280108C426010808
:10773000142701084027010808B5054B4FF48A7249
:1077400002FB0030D0F80C114088FFF763FE08BD43
:107750008478002010B5002400E00134132C1BD8DD
:107760000E4B4FF48A7202FB043393F80731002B5F
:10777000F3D00A4B02FB043393F81031002BECD109
:107780002046FFF7D9FF054B4FF48A7202FB043302
:10779000012283F81021E0E710BD00BF84780020AB
:1077A00008B541F290520021044808F01BF9044A40
:1077B000002313605360034A136008BD84780020DF
:1077C000747600208078002030B583B0FFF7E8FFA2
:1077D0000020FDF79BFC05464FF0FF324FF0FF33D2
:1077E000CDE9002308F03AFC4FF400730022194958
:1077F000284608F0B1FC0446B0F5827F12D3024659
:1078000015490020FEF7DCFF144B1C60BE21284602
:1078100008F02FFC024690B911490020FEF7D0FF76
:1078200003B030BD03464FF400720E490020FEF74E
:10783000C7FF0D4B0D4A4A210D4800F077FF0D4957
:107840000020FEF7BDFF084B084A5321084800F00E
:107850006DFF00BF80760020A82701087C760020FD
:10786000F82701086C270108EC110108A428010879
:10787000C4260108CC2701082DE9F04780460F46B1
:1078800016463F4B1B683F4C4FF48A7202FB034481
:1078900094F805211AB194F80621002A53D0394AE8
:1078A0004FF48A7101FB032292F8062132B1354A66
:1078B00001FB032292F81021002A4ED0314A4FF4E6
:1078C0008A7101FB032292F80421002A4FD1FFF7AD
:1078D00041FC2B4B1D68DFF8ACA04FF48A7405FB0C
:1078E00004F40AEB040358804FF080094A464146ED
:1078F000181D08F082F804EB090050444A46394646
:10790000043008F07AF82EB14FF48A7202FB05A316
:1079100001225A7007F0E4FF1A4B4FF48A7202FBFF
:107920000535C5F808011649096802FB0133012431
:1079300083F8044183F80541FFF712FCFFF726FEA8
:107940002046BDE8F08710490020FEF739FF0F4BB5
:107950000F4A7A210F4800F0E9FE0F490020FEF798
:107960002FFF0A4B0A4A82210A4800F0DFFE0A462E
:107970000021044802FB030008F034F8A7E700BF29
:10798000807800208478002014280108EC11010878
:1079900078280108C42601082028010800234FF098
:1079A000FF30844600E00133132B19D80D4A4FF401
:1079B0008A7101FB032292F80521002AF3D0094ABB
:1079C00001FB032292F80621002AECD1054A01FBB3
:1079D0000322D2F808216245E5D218469446E2E730
:1079E000704700BF8478002070B51446364A167977
:1079F00014F0807F08D11D4604F0AA4203F0220350
:107A00001A4311D1002070BD1068FFF7CBFD3EB1C5
:107A10001120FEF789FB2C4B00225A710120F2E75E
:107A20000720FEF781FBF6E7274B00225A715EB173
:107A30001020FEF779FB14F0806F0DD046B11320B3
:107A4000FEF772FB0120DEE70620FEF76DFBF2E792
:107A50000920FEF769FBF5E714F0805F08D01EB13E
:107A60001420FEF761FBEDE70A20FEF75DFBE9E776
:107A700014F0804F08D01EB11520FEF755FBE1E74A
:107A80000B20FEF751FBDDE715F0200F08D01EB1EB
:107A90001720FEF749FBD5E70D20FEF745FBD1E7A0
:107AA00015F0020F08D01EB11620FEF73DFBC9E706
:107AB0000C20FEF739FBC5E722462B460349002080
:107AC000FEF77EFEBEE700BF747600204028010866
:107AD00081F0004102E000BF83F0004330B54FEA7F
:107AE00041044FEA430594EA050F08BF90EA020FEC
:107AF0001FBF54EA000C55EA020C7FEA645C7FEA7F
:107B0000655C00F0E2804FEA5454D4EB5555B8BFA1
:107B10006D420CDD2C4480EA020281EA030382EA12
:107B2000000083EA010180EA020281EA0303362DA4
:107B300088BF30BD11F0004F4FEA01314FF4801C77
:107B40004CEA113102D0404261EB410113F0004F89
:107B50004FEA03334CEA133302D0524263EB430340
:107B600094EA050F00F0A780A4F10104D5F1200EDE
:107B70000DDB02FA0EFC22FA05F2801841F1000139
:107B800003FA0EF2801843FA05F359410EE0A5F10D
:107B900020050EF1200E012A03FA0EFC28BF4CF03E
:107BA000020C43FA05F3C01851EBE37101F00045F4
:107BB00007D54FF0000EDCF1000C7EEB00006EEB01
:107BC0000101B1F5801F1BD3B1F5001F0CD349088B
:107BD0005FEA30004FEA3C0C04F101044FEA4452E2
:107BE00012F5800F80F09A80BCF1004F08BF5FEA69
:107BF000500C50F1000041EB045141EA050130BD49
:107C00005FEA4C0C404141EB0101013C28BFB1F55A
:107C1000801FE9D291F0000F04BF01460020B1FAA5
:107C200081F308BF2033A3F10B03B3F120020CDA78
:107C30000C3208DD02F1140CC2F10C0201FA0CF056
:107C400021FA02F10CE002F11402D8BFC2F1200CBB
:107C500001FA02F120FA0CFCDCBF41EA0C01904071
:107C6000E41AA2BF01EB0451294330BD6FEA0404BA
:107C70001F3C1CDA0C340EDC04F11404C4F12002A5
:107C800020FA04F001FA02F340EA030021FA04F3B7
:107C900045EA030130BDC4F10C04C4F1200220FA0E
:107CA00002F001FA04F340EA0300294630BD21FA4C
:107CB00004F0294630BD94F0000F83F4801306BF12
:107CC00081F480110134013D4EE77FEA645C18BF06
:107CD0007FEA655C29D094EA050F08BF90EA020F9D
:107CE00005D054EA000C04BF1946104630BD91EA95
:107CF000030F1EBF0021002030BD5FEA545C05D198
:107D00004000494128BF41F0004130BD14F58004D6
:107D10003CBF01F5801130BD01F0004545F0FE414A
:107D200041F470014FF0000030BD7FEA645C1ABF7F
:107D3000194610467FEA655C1CBF0B46024650EAB6
:107D4000013406BF52EA033591EA030F41F40021E2
:107D500030BD00BF90F0000F04BF0021704730B568
:107D60004FF4806404F132044FF000054FF000013D
:107D700050E700BF90F0000F04BF0021704730B5FE
:107D80004FF4806404F1320410F0004548BF4042D3
:107D90004FF000013EE700BF42004FEAE2014FEA28
:107DA00031014FEA02701FBF12F07F4393F07F4F03
:107DB00081F06051704732F07F4208BF704793F006
:107DC0007F4F04BF41F40021704730B54FF4607419
:107DD00001F0004521F000411CE700BF50EA01021C
:107DE00008BF704730B54FF000050AE050EA0102C5
:107DF00008BF704730B511F0004502D5404261EB35
:107E000041014FF4806404F132045FEA915C3FF475
:107E1000D8AE4FF003025FEADC0C18BF03325FEA12
:107E2000DC0C18BF033202EBDC02C2F1200300FAC3
:107E300003FC20FA02F001FA03FE40EA0E0021FAE8
:107E400002F11444BDE600BF70B54FF0FF0C4CF4D6
:107E5000E06C1CEA11541DBF1CEA135594EA0C0F88
:107E600095EA0C0F00F0DEF82C4481EA030621EAC3
:107E70004C5123EA4C5350EA013518BF52EA0335FE
:107E800041F4801143F4801338D0A0FB02CE4FF0B0
:107E90000005E1FB02E506F00042E0FB03E54FF0E0
:107EA0000006E1FB03569CF0000F18BF4EF0010ED8
:107EB000A4F1FF04B6F5007F64F5407404D25FEAD4
:107EC0004E0E6D4146EB060642EAC62141EA555187
:107ED0004FEAC52040EA5E504FEACE2EB4F1FD0CC9
:107EE00088BFBCF5E06F1ED8BEF1004F08BF5FEA47
:107EF000500E50F1000041EB045170BD06F00046F9
:107F000046EA010140EA020081EA0301B4EB5C04A5
:107F1000C2BFD4EB0C0541EA045170BD41F480119D
:107F20004FF0000E013C00F3AB8014F1360FDEBFC2
:107F3000002001F0004170BDC4F10004203C35DA9E
:107F40000C341BDC04F11404C4F1200500FA05F321
:107F500020FA04F001FA05F240EA020001F00042C2
:107F600021F0004110EBD37021FA04F642EB060138
:107F70005EEA430E08BF20EAD37070BDC4F10C0462
:107F8000C4F1200500FA04F320FA05F001FA04F226
:107F900040EA020001F0004110EBD37041F1000112
:107FA0005EEA430E08BF20EAD37070BDC4F120051D
:107FB00000FA05F24EEA020E20FA04F301FA05F285
:107FC00043EA020321FA04F001F0004121FA04F22D
:107FD00020EA020000EBD3705EEA430E08BF20EAFD
:107FE000D37070BD94F0000F0FD101F00046400037
:107FF00041EB010111F4801F08BF013CF7D041EAB9
:10800000060195F0000F18BF704703F000465200BC
:1080100043EB030313F4801F08BF013DF7D043EA8D
:108020000603704794EA0C0F0CEA135518BF95EA43
:108030000C0F0CD050EA410618BF52EA4306D1D1CA
:1080400081EA030101F000414FF0000070BD50EAE9
:10805000410606BF1046194652EA430619D094EA73
:108060000C0F02D150EA013613D195EA0C0F05D15D
:1080700052EA03361CBF104619460AD181EA0301B1
:1080800001F0004141F0FE4141F470014FF0000069
:1080900070BD41F0FE4141F4780170BD70B54FF004
:1080A000FF0C4CF4E06C1CEA11541DBF1CEA135584
:1080B00094EA0C0F95EA0C0F00F0A7F8A4EB050466
:1080C00081EA030E52EA03354FEA013100F088805D
:1080D0004FEA03334FF0805545EA131343EA126326
:1080E0004FEA022245EA111545EA10654FEA0026DB
:1080F0000EF000419D4208BF964244F1FD0404F594
:10810000407402D25B084FEA3202B61A65EB0305EF
:108110005B084FEA32024FF480104FF4002CB6EBAC
:10812000020E75EB030E22BFB61A754640EA0C002C
:108130005B084FEA3202B6EB020E75EB030E22BF6C
:10814000B61A754640EA5C005B084FEA3202B6EBAD
:10815000020E75EB030E22BFB61A754640EA9C006C
:108160005B084FEA3202B6EB020E75EB030E22BF3C
:10817000B61A754640EADC0055EA060E18D04FEAFA
:10818000051545EA16754FEA06164FEAC30343EA9A
:1081900052734FEAC2025FEA1C1CC0D111F4801F67
:1081A0000BD141EA00014FF000004FF0004CB6E760
:1081B00011F4801F04BF01430020B4F1FD0C88BFFF
:1081C000BCF5E06F3FF6AFAEB5EB030C04BFB6EB0A
:1081D000020C5FEA500C50F1000041EB045170BDFD
:1081E0000EF0004E4EEA113114EB5C04C2BFD4EB2A
:1081F0000C0541EA045170BD41F480114FF0000EAE
:10820000013C90E645EA060E8DE60CEA135594EA29
:108210000C0F08BF95EA0C0F3FF43BAF94EA0C0F2C
:108220000AD150EA01347FF434AF95EA0C0F7FF4A1
:1082300025AF104619462CE795EA0C0F06D152EAF5
:1082400003353FF4FDAE1046194622E750EA4106D9
:1082500018BF52EA43067FF4C5AE50EA41047FF4EA
:108260000DAF52EA43057FF4EBAE12E74FF0FF3C4F
:1082700006E000BF4FF0010C02E000BF4FF0010C20
:108280004DF804CD4FEA410C7FEA6C5C4FEA430C99
:1082900018BF7FEA6C5C1BD001B050EA410C0CBFE8
:1082A00052EA430C91EA030F02BF90EA020F00204A
:1082B000704710F1000F91EA030F58BF994208BFB1
:1082C00090422CBFD8176FEAE37040F0010070476E
:1082D0004FEA410C7FEA6C5C02D150EA013C07D1C5
:1082E0004FEA430C7FEA6C5CD6D152EA033CD3D010
:1082F0005DF8040B704700BF8446104662468C460A
:108300001946634600E000BF01B5FFF7B7FF00283C
:1083100048BF10F1000F01BD4DF808EDFFF7F4FF65
:108320000CBF012000205DF808FB00BF4DF808EDF0
:10833000FFF7EAFF34BF012000205DF808FB00BF13
:108340004DF808EDFFF7E0FF94BF012000205DF835
:1083500008FB00BF4DF808EDFFF7CEFF94BF0120EA
:1083600000205DF808FB00BF4DF808EDFFF7C4FFE3
:1083700034BF012000205DF808FB00BF4FEA410236
:1083800012F5001215D211D56FF47873B3EB625267
:1083900012D94FEAC12343F0004343EA505311F08E
:1083A000004F23FA02F018BF404270474FF0000020
:1083B000704750EA013005D111F0004008BF6FF05E
:1083C000004070474FF00000704700BF4A0011D2D4
:1083D00012F5001211D20DD56FF47873B3EB62521F
:1083E0000ED44FEAC12343F0004343EA505323FA2B
:1083F00002F070474FF00000704750EA013002D1A0
:108400004FF0FF3070474FF00000704753B94AB942
:10841000002908BF00281CBF4FF0FF314FF0FF308C
:1084200000F082B9ADF1080C6DE904CE00F006F859
:10843000DDF804E0DDE9022304B070472DE9F04FD8
:10844000099D0C46002B4DD18A420F468446964624
:10845000B2FA82F360D94BB102FA03FEC3F12002F3
:108460009F4000FA03FC20FA02F217434FEA1E462F
:108470001FFA8EF44FEA1C42B7FBF6F106FB1177A8
:1084800001FB04F042EA0742904208D91EEB0202C7
:1084900001F1FF3702D2904200F231813946121ABF
:1084A0001FFA8CFCB2FBF6F006FB102200FB04F472
:1084B0004CEA024C644508D91EEB0C0C00F1FF326B
:1084C00002D2644500F21E81104640EA0140ACEB46
:1084D000040C002125B12CFA03F30022C5E9003277
:1084E000BDE8F08F8B4205D90DB1C5E9000100212F
:1084F0000846F5E7B3FA83F100294DD1A342C0F055
:10850000F380904280F0F080064623460846002D16
:10851000E6D0C5E90063E3E7002B40F0A3808A1AA8
:108520004FEA1E471FFA8EF60121B2FBF7F407FB54
:1085300014204FEA1C4242EA004206FB04F090423B
:108540000FD91EEB020204F1FF382CBF4FF00109D6
:108550004FF00009904203D9B9F1000F00F0CC8030
:108560004446121A1FFA8CFCB2FBF7F007FB1022EC
:1085700000FB06F64CEA024C664508D91EEB0C0CD3
:1085800000F1FF3202D2664500F2B3801046ACEB38
:10859000060C40EA04409DE7C1F120068B4004FA36
:1085A00001FE22FA06F720FA06FCF4408A401F4337
:1085B0004EEA0C0300FA01FE4FEA17484FEA13494E
:1085C0001FFA87FCB4FBF8F008FB104449EA0444A6
:1085D00000FB0CF9A1450ED93C1900F1FF3A2CBF64
:1085E0004FF0010B4FF0000BA14503D9BBF1000F79
:1085F00000F08B805046A4EB09041FFA83F9B4FB0A
:10860000F8F308FB134403FB0CFC49EA0444A445BB
:1086100006D93C1903F1FF3801D2A4457BD8434663
:1086200043EA0040A4EB0C04A0FB02984445CC466E
:10863000434602D306D1CE4504D20138B9EB020C31
:1086400068EB0703002D6CD0BEEB0C0264EB030457
:1086500022FA01F304FA06F6CC4000211E43C5E9D4
:1086600000643DE702FA03FEC3F1200104FA03F2BD
:1086700000FA03FCCC404FEA1E4720FA01F11FFA32
:108680008EF6B4FBF7F00A4307FB1044110C41EAE5
:10869000044100FB06F48C420ED91EEB010100F1EF
:1086A000FF382CBF4FF001094FF000098C4202D96E
:1086B000B9F1000F2CD04046091B92B2B1FBF7F480
:1086C00007FB141142EA014204FB06F1914207D96B
:1086D0001EEB020204F1FF3801D291421ED844463B
:1086E000521A44EA004120E7861A64EB0303012092
:1086F0000DE7F44402384AE7023C724431E702399C
:108700007244CCE6F4440238DFE602383C4472E7B7
:1087100002387144D0E7023B3C4481E7023C72449A
:10872000DEE72946DCE600BF704700BF1FB51446F0
:108730001A46094B05461B68D86854B9074B1C46B6
:1087400000910749CDE901342B4600F0C3F807F04A
:108750006BF9044BF4E700BF04940020F4280108EF
:10876000C6280108B928010808B5064B044613B10C
:108770000021AFF30080044B1B6803B198472046EB
:1087800006F0F2FB000000004C8F0020002310B523
:1087900004468360818119464366C2810822836151
:1087A000C0E90033C0E904335C3007F01BF90D4B1E
:1087B000246263620C4BA3620C4BE3620C4B236399
:1087C0000C4B9C4206D003F16802944202D0D03395
:1087D0009C4205D104F15800BDE8104007F00AB9E9
:1087E00010BD00BFC3FC0008E5FC00081DFD00082B
:1087F00041FD0008148E0020024A0349034807F097
:10880000D3B800BFF893002073FC00080894002040
:1088100041680C4B994210B5044601D007F029FA83
:10882000A168094B994202D0204607F022FAE1687C
:10883000064B994204D02046BDE8104007F019BA13
:1088400010BD00BF148E00207C8E0020E48E00201E
:1088500010B50B4B04210B4C0B4A20461A6000222A
:10886000FFF794FF04F1680001220921FFF78EFF52
:1088700004F1D00002221221BDE81040FFF786BFAC
:108880004C8F0020148E0020F9870008014807F063
:10889000B2B800BF7E920020014807F0ADB800BF1B
:1088A0007E92002010B50446FFF7F0FF236A1BB14B
:1088B000BDE81040FFF7F0BF044B2362044B1B6878
:1088C000002BF5D1FFF7C4FFF2E700BF11880008C5
:1088D0004C8F00200EB403B503AB0146054853F896
:1088E000042B0068019300F02BF802B05DF804EB54
:1088F00003B070470494002070B50D4D00260D4C58
:10890000641BA410A64209D10B4D00260B4C07F0A6
:10891000F7FF641BA410A64205D170BD55F8043BB7
:1089200001369847EEE755F8043B01369847F2E7E1
:10893000AC940020AC940020AC940020B0940020B3
:108940002DE9F04F0D469DB014469846064618B1E5
:10895000036A0BB9FFF7A6FF6B6ED90705D4AB8985
:108960009A0502D4A86D07F046F8AB891B0701D51C
:108970002B699BB92946304600F0CCFA70B16B6E7A
:10898000DC0704D54FF0FF301DB0BDE8F08FAB8998
:108990009805F7D4A86D07F02FF8F3E70023CDF87A
:1089A0000C804FF00109DFF8B481099320238DF882
:1089B000293030238DF82A3023469A4613F8012BAC
:1089C0000AB1252AF9D1BAEB040B0BD05B4622463B
:1089D0002946304607F046F8013000F0A780099A92
:1089E0005A4409929AF80030002B00F09F8000232F
:1089F0004FF0FF320AF1010A049307938DF85330C8
:108A00001A93CDE9052354460522544814F8011B56
:108A100007F063FA049AD8B9D10644BF20238DF831
:108A20005330130744BF2B238DF853309AF800308E
:108A30002A2B15D0079A544600204FF00A0C2146E5
:108A400011F8013B303B092B4BD9B0B1079214E030
:108A5000A0EB0803A24609FA03F313430493D2E7F9
:108A6000039B191D1B68002B0391BBBF5B4242F0A7
:108A7000020207930793B8BF049223782E2B0AD1E2
:108A800063782A2B32D1039B02341A1D1B6843EAF8
:108A9000E37303920593DFF8D4A0032221785046B4
:108AA00007F01BFA38B1A0EB0A004022049B013406
:108AB00082401343049314F8011B062228488DF8C2
:108AC000281007F00AFA00283FD0264B1BBB039B57
:108AD000073323F0070308330393099B3B440993AF
:108AE0006AE70CFB02320C460120A8E700230134A0
:108AF0004FF00A0C19460593204610F8012B303A26
:108B0000092A03D9002BC6D00591C4E70CFB01212B
:108B100004460123F0E703AB2A4604A9304600933C
:108B2000114BAFF300800746781CD6D16B6ED90786
:108B300005D4AB899A0502D4A86D06F05DFFAB8918
:108B40005B063FF51FAF09981EE703AB2A4604A951
:108B500030460093044B00F0A5F8E4E7F52801083F
:108B6000FF2801080000000065FA0008FB28010842
:108B700070B50F4E0C460546316811B900F090FAF9
:108B800030602146284600F08BFA431C03D14FF099
:108B9000FF34204670BDC41C24F00304A042F8D06A
:108BA000211A284600F07CFA0130F2D1EFE700BF2D
:108BB000508F00202DE9F041CD1C064625F003051D
:108BC00008350C2D38BF0C25002D01DBA94204D936
:108BD0000C2333600020BDE8F081314F00F08EF9A6
:108BE0003B681C4644BB29463046FFF7C1FF431C87
:108BF000044650D13C682146002941D1002C44D084
:108C00002368304604EB030800F04AFA80453CD163
:108C1000216830466D1A2946FFF7AAFF013034D08B
:108C200023682B4423603B68002B36D05A68A2424D
:108C300029D100225A600EE02268521B1DD40B2A53
:108C400016D96119A342256018BF5960636808BF2F
:108C5000396062514B60304600F056F904F10B0068
:108C6000231D20F00700C21AB5D01B1AA350B2E78B
:108C7000A3426268DED13A60EDE723466468B1E75B
:108C80000C464968B8E71346CEE70C2330463360FC
:108C900000F03AF99EE70560DDE75B60FFDE00BFAC
:108CA000548F00202DE9FF470F7E914680460C46E9
:108CB000782F9A460C9E01F1430207D8622F0AD8FA
:108CC000002F00F0DD80582F00F0C38004F1420631
:108CD00084F842703AE0A7F16303152BF6D801A19E
:108CE00051F823F03D8D0008518D0008CD8C00080F
:108CF000CD8C0008CD8C0008CD8C0008518D00086B
:108D0000CD8C0008CD8C0008CD8C0008CD8C0008DF
:108D1000678E0008DF8D00081F8E0008CD8C0008CC
:108D2000CD8C0008898E0008CD8C0008DF8D0008EE
:108D3000CD8C0008CD8C0008278E000833681A1DE2
:108D40001B68326004F1420684F842300123A8E037
:108D500031682368081D30601E0601D50D6803E0E8
:108D60005D06FBD5B1F90050002D616878DA2D2041
:108D70000029A16084F843002DDA6D425D480A2382
:108D80001646B5FBF3F103FB1157C75D06F8017DED
:108D90002F460D46BB42F4D9082B0BD12368DF07C1
:108DA00008D5236961689942DEBF302306F8013C8B
:108DB00006F1FF36921B22614B4603AA214640462C
:108DC000CDF800A006F060FE01306FD14FF0FF300B
:108DD00004B0BDE8F08723F004032360CDE72168E9
:108DE0003368080653F8045B02D4490648BFADB2A5
:108DF0006F2F33603F4814BF0A230823002184F8F3
:108E000043106668002EA660BADB216821F00401D9
:108E10002160002DB4D1002EB2D11646BCE72368E4
:108E200043F02003236078273348236884F8457093
:108E30001F06316851F8045B02D45F0648BFADB22B
:108E40003160D90744BF43F0200323601DB11023D4
:108E5000D4E72848E9E7236823F020032360F6E7F6
:108E600024480A23CDE733682568181D61693060FE
:108E70002E061B6801D5196002E06806FBD5198033
:108E800000231646236197E7336800211A1D3260DC
:108E90001E686268304607F020F808B1801B6060E9
:108EA00063682361002384F8433085E723693246F1
:108EB00049464046D047013088D023689B0714D4E8
:108EC000E068039B9842B8BF184681E70123324609
:108ED00049464046D04701303FF478AF0135E3685A
:108EE00003995B1AAB42F1DCEAE7002504F11906AD
:108EF000F5E700BF0629010817290108014806F017
:108F00007ABD00BF7D920020014806F075BD00BF0C
:108F10007D92002038B5294B05460C46186818B1DB
:108F2000036A0BB9FFF7BEFCB4F90C30190722D461
:108F3000DA0607D409222A6043F040034FF0FF30DD
:108F4000A38133E0580712D5616B41B104F14403AA
:108F5000994202D0284600F0C5F800236363A38934
:108F600023F02403A3810023636023692360A38982
:108F700043F00803A38123694BB9A38903F4207349
:108F8000B3F5007F03D02146284606F040FFB4F930
:108F90000C3013F001020AD00022A2606269524232
:108FA000A261226942B913F08000C5D138BD99078A
:108FB00058BF6269A260F4E70020F7E7049400203C
:108FC00038B50023054D044608462B6005F0CAFF5E
:108FD000431C02D12B6803B1236038BD588F002099
:108FE00038B50023064D0446084611462B6005F0AF
:108FF000BCFF431C02D12B6803B1236038BD00BF06
:10900000588F002038B50023054D044608462B60D4
:1090100005F0B2FF431C02D12B6803B1236038BDB9
:10902000588F002038B50446064D084611460022E8
:109030002A601A4605F0A5FF431C02D12B6803B134
:10904000236038BD588F002038B50446064D0846C9
:10905000114600222A601A4605F095FF431C02D1F2
:109060002B6803B1236038BD588F0020024B0146A6
:10907000186806F008BF00BF0494002038B500232C
:10908000064D0446084611462B6005F077FF431C49
:1090900002D12B6803B1236038BD00BF588F002078
:1090A00038B50023054D044608462B60FBF73CFA13
:1090B000431C02D12B6803B1236038BD588F0020B8
:1090C00038B50446064D0846114600222A601A4665
:1090D00005F068FF431C02D12B6803B1236038BD43
:1090E000588F002038B50546002941D051F8043C7E
:1090F0000C1F002BB8BFE418FFF700FF1D4A1368D0
:1091000033B9636014602846BDE83840FFF7FCBE01
:10911000A34208D9206821188B4201BF19685B68F7
:1091200009182160EDE71A465B680BB1A342FAD932
:1091300011685018A0420BD12068014450181160EA
:109140008342E0D118685B68084453601060DAE736
:1091500002D90C232B60D6E7206821188B4202BF6E
:1091600019685B680918636008BF21605460CAE72A
:1091700038BD00BF548F0020F0B50D4604468BB0BB
:1091800018B9002420460BB0F0BD1A4E3768002FE6
:10919000F7D12022394602A806F024FC236801A852
:1091A0000193154B1B88ADF81430144B1B680793C3
:1091B00000F068F804460028E3D0306000F088F83A
:1091C0002046394606F0F3FA204606F0A7FE38B1ED
:1091D0000020306000F07CF8204606F09AFED0E7D0
:1091E000204600F00BFA0028F2D1002DCAD020460C
:1091F000A847C7E75C8F00203429010838290108F7
:10920000024B1868003818BF012070475C8F00209F
:1092100038B5194B05461B680C4603B1984744B155
:10922000236833B11B68013303D0E3680BB1A36833
:109230004BB907F068F900204FF4C172412100F0EA
:1092400007FA212038BD204601F0E6FF00230B4A33
:1092500085F83C31C5E93743C2E9003363694BB156
:10926000074A422110684FF4D272C31A584258413B
:1092700000F0EEF90020E5E780910020A0920020A8
:10928000B0910020F8B5044607F011FB0026074610
:109290000E4B1B6893B19E68AEB196F82420D2079E
:1092A00011D435460FCC0FC50FCC0FC523682B60EA
:1092B00096F8243043F0010386F82430384607F04E
:1092C000F1FA3046F8BD1B68E4E700BF589400206F
:1092D00010B5044618B9054B054A136010BD00F0DF
:1092E0004BFAD4F8E830002BF6D1F4E7FFFE000883
:1092F00054940020D0F8E0302DE9F04105460C46AA
:1093000013B1C38D8B424CD0D5F8DC30002B4BD041
:109310009E68002E48D0D868002845D0013800B299
:1093200000281ADB002106E0128A591CA24217D23B
:1093300009B2884211DB0B1803EBD3735B1003EB0C
:10934000C30206EB8202B2F80EC003F1FF3EA44551
:10935000EAD90FFA8EF08842EDDA2120BDE8F081DB
:109360004FF6FF7299B29142F7D09BB203EBC30361
:1093700006EB83062846B6F9122095F83011D5F889
:10938000F080FAF793F90746B8F1000F04D00023F4
:10939000324628461946C047EC85C5F8E06085F896
:1093A00039710020BDE8F0810E20BDE8F08100BFDA
:1093B0002DE9F04782B004460F46164601F05AFAEE
:1093C000002863D14F4D2B68D4F8DCA0D4F8E0809E
:1093D0000BB1534576D04FF00009AF6001F06CFA45
:1093E0000128074665D1204607F038F8002851D1FA
:1093F0002B68DAF80010D8F8002013B118688842FA
:109400006BD0204607F014F8C5E900A8D4F8F05056
:109410008DF80760002D67D00022204611460DF11F
:109420000703A847204600F013FD0546B9F1000FD9
:109430000FD076B9D4F88C300BBB012F05D025B1F5
:10944000314B002103205B689847284602B0BDE8F5
:10945000F087B5FA85F040F207523321400900F059
:10946000F7F83146204600F00FFF284B05461B68F1
:10947000414620469847D4F88C30002BDDD000229E
:109480004FF40073204600F087F9D6E700231D4D06
:109490006B6098E794F825309A07A9D5D4F89430F2
:1094A0005B05A5D51A4B0122002120461B68984771
:1094B0009EE70021012000F0A7F901F0FDF9012845
:1094C000FBD190E76B68002B85D0434583D1AB6817
:1094D0009F4215D04FF001097FE7696811B1096813
:1094E000914291D059688CE794F82A1094F8393158
:1094F0003246994228BF1946204600F0FBFB91E70F
:109500000025A2E7A092002060940020549400203F
:1095100084910020F8B50F46054607F0C8F9394692
:1095200006462846FFF7E6FE044620B1304607F01F
:10953000B9F92046F8BD01F07FF9224639462846A0
:10954000FFF736FF04460028F0D1284606F086FFD4
:109550000028EBD095F8253013F002030DD0D5F894
:1095600094305B050DD5B5F82A31BB420BD0B5F868
:109570002C31DB1BB3FA83F35B09044A82F8DC303D
:10958000D4E72346F9E70123F7E700BF003E00B028
:10959000084B10B4002A14BF14461C46064B1C602E
:1095A00019B15DF8044B06F005BD08465DF8044BA3
:1095B000704700BFFFFE00085494002013B5044616
:1095C000694606F082FD204606F05CFEFF28024652
:1095D00006D020469DF80010FAF7F8F802B010BD4A
:1095E0000048FBE70080FFFF08B50B460249194021
:1095F00006F075FD002008BD070011004FF4007350
:1096000007B50A490DF10602ADF8063006F0C0FDB7
:10961000BDF80630B3F5007F05D1022808BF002051
:1096200003B05DF804FB2120FAE700BF608F002043
:1096300038B5044D044C054B286021601A6006F0D3
:10964000E2F838BD609100205C9400206491002015
:1096500010B550B90548064B01600648026018680D
:10966000054B18601868FFF7E3FF10BD5C940020FD
:109670005C8F00206491002060910020D0F8E430DD
:1096800013B11A68032A10D8094BDB6BC3F3C2026B
:1096900013F0380F03F0070018BF504313F4E07FB6
:1096A000C3F3821203D050437047986A400E70474C
:1096B000008001B8431C07D06FF0FF02034B10403D
:1096C0005A62A3F580535862704700BF00E000B8AB
:1096D00010B504234FF03A4101240A4AD1F8180189
:1096E000C2F81831C2F814314C634FF400511163C1
:1096F000410742BFC2F81431A2F58052C2F81831B6
:1097000010BD00BF002000BAF8B504460F4616464B
:1097100007F0CDF80546A047044620B1284607F0DB
:10972000C1F82046F8BD03F0C1FF04220549D1F875
:10973000F03E23EA07033343C1F8F03E024B5A647C
:10974000ECE700BF003000B0002002B800F01803C2
:10975000182B0AD003070AD440F2011310F01000AE
:1097600018BF1846034BD86770470020FAE701205E
:10977000F8E700BF003F00B038B10368044A002B8F
:1097800008BF1346034A13607047014BFAE700BF56
:10979000C50101087094002010B4D0E95441224062
:1097A0000B4052EA030104D003495DF8044B0968F9
:1097B00008475DF8044B7047709400200F2938B5B6
:1097C00005460C460ED801F077F801280CD1074A5F
:1097D0002846936E23F00F032343936606F041FE61
:1097E000002038BD2120FCE70220FAE7003F00B04E
:1097F000014BD86E704700BF003F00B0014B002006
:10980000D9667047003F00B003282DE9F34788462A
:1098100064D8344B13F80090334B1E5C334B13F871
:1098200000A007F044F8074603F082FE054640B169
:1098300000230022CDE9003301200023002103F0A2
:10984000A5FC03F07DFE48B100230022CDE90033E2
:10985000002000234FF4004103F098FC002E3BD081
:10986000234BDC6C04F00804224B3146DC64484690
:1098700003F07AFF52463146484604F003F81E4B87
:10988000DC64DDB11D4B1868D0F89410F83002F09C
:1098900075FC1B490868FFF70DFF4FF0FF330B60A5
:1098A000184B1A68511C06D06FF07E401649C863E9
:1098B000A1F58051CA634FF0FF321A60B8F1000F72
:1098C00004D0124B002103205B689847384602B051
:1098D000BDE8F04706F0E6BF3446C5E702B0BDE894
:1098E000F08700BF44290108402901083C290108EC
:1098F000004000B8006000B8005000B85C8F002045
:109900006C9400206894002000E000B8609400206F
:109910000F4A536C13F0A00F15D1906C10F0040097
:1099200013D10C4BD3F8F03E23F07F4323F0FF0319
:109930005BB1D368C3F30362092A07D0B2F10C000C
:1099400018BF01207047002070470120704700BFFA
:10995000000002B8003000B0074A084B30B10221C5
:10996000C2F864120422C3F8642270470421C2F8CA
:1099700064120222F7E700BF006001B8005001B88E
:1099800070B50D46064620B91C4B1B68D3B10E209E
:1099900017E000F091FF01282DD1194B93F90040F9
:1099A000D6F8E430C4F11C040BB193F92630E41A64
:1099B000641BC4F12B03002BB8BF5B42232B0CDDCF
:1099C000212070BD01F10F03002BB8BF5B42232B98
:1099D000F6DC0B4B19700020F3E786F8285006F0F0
:1099E00066FF084A136A23F4FF2343EAC423136281
:1099F00006F058FFEFE70220E3E700BF5C8F00208E
:109A00007F92002000C000B8094B08461A6D9102F1
:109A10000BD4D3F84021D20708D4D3F8803013F404
:109A2000706F14BF0120002070470120704700BFF5
:109A3000004001B8F8B50D46D0F8943002EA0104B0
:109A400023EA01032343C0F894304D4A01F00B038D
:109A500023EA0401D1642340A2F580526F07064631
:109A6000D36410D50121FFF7CFFF60B103F01EFED4
:109A70004FF4007314F0040F14BF424A424A1365B6
:109A80000422424B5A64E90606D514F0100F14BFA5
:109A900000221B223E4B5A652A0618D5230611D5F3
:109AA0004FF40012374BDA6406F001FF0E2107462F
:109AB000032002F0F3FA40F20122354B3846DA6215
:109AC00006F0F0FE214606F1F80002F057FBEF0524
:109AD00003D5E0053DD502F0CFFAA90503D5A205CF
:109AE0003AD502F0D5FA15F48C6F1DD014F48062CB
:109AF00037D096F825309B070CD5F28DB6F82A3171
:109B000093422CD0B6F82C319F1A7B427B41214ADC
:109B100082F8DC30D6F8E410304606F054FB8022A0
:109B20001D4B98671D4B1A612B0510D503F0BEFD28
:109B30001B4A14F4006FD2F8F03E14BF43F00063E8
:109B400023F00063C2F8F03E0422104B5A64002058
:109B5000F8BD02F08BFAC0E702F094FAC3E70123E4
:109B6000D5E76805D6D596F825309907D2D5094BA3
:109B7000114683F8DC200B4B30461B689847C9E739
:109B8000006000B8005001B8006001B8002002B8C1
:109B9000004000B8003E00B0003F00B0000002B836
:109BA000003000B0849100200A78022A11D0101FE2
:109BB0004242424152004B781201022B0BD0191F36
:109BC0004B424B415B000549054842EA8312FFF7CF
:109BD0009BBD0122EFE70123F5E700BFF0FFFF0087
:109BE00001A900080B78022B10D0181F43424341F3
:109BF0005B004A78022A0BD0111F4A424A415200A8
:109C00000F21044843EA8202FFF77EBD0123F0E7FB
:109C10000122F5E72DA900082DE9F8430E78044646
:109C2000042E0D4690F830810BD100275FFA87F99A
:109C3000484601F093FB08B14E4602E00137042F7D
:109C4000F4D1304601F08AFB002849D094F8303135
:109C5000B34209D1AA88D4F8A4309A4204D16A88C0
:109C6000B4F832319A4238D084F83061AB8830464B
:109C7000A4F834316B88A4F83231AB8804F59875B8
:109C8000C4F8A430FF2384F82B3006F043FC84F89A
:109C90002A00284601F0F2FA18BB284601F054FBCE
:109CA000F8B9D4F8E03053B194F83011414506D0FA
:109CB0002046B3F91220F9F7F9FC84F8390120465F
:109CC00001F0CAFB0949A4F834010123084AD1F87C
:109CD000FC1004F1F80003F08FF80020BDE8F883D1
:109CE00021200C2384F83031F8E700BF004F00B08A
:109CF000A43F00B070B5054690F830010C460C2822
:109D00001FD0FF2901D1212070BD1AB14FF0FF32C1
:109D10000D4B1A6006F0FEFB064695F8300101F087
:109D20008DFB844228BF0446E4B2B44238BF3446B7
:109D3000E0B285F82B0001F0ADFCFF28E3D0002055
:109D4000E2E70220E0E700BF7894002010B590F829
:109D5000303104460C2B44D0D0F8E03080F82A1083
:109D6000DBB3D0F8F020D2B990F839318B421CD354
:109D700000222046FFF7BEFF48BB1B4B1B7813F0A9
:109D8000FD0F23D1204601F067FB18490123184A33
:109D9000D1F8FC1004F1F80003F02EF816E0B0F949
:109DA0004220B3F912309A42E2DD0022204694F8B4
:109DB0003911FFF79FFF50B9C4F8E000204606F0C4
:109DC0001DF94FF6FF739842014601D1002010BDE6
:109DD0002046BDE81040FFF79DBBFF2380F82B30E5
:109DE000F4E70220F3E700BF9C940020004F00B08E
:109DF000A43F00B0F0B51D46144B04461B780F4637
:109E0000164685B05BB1D0F8E030E3B102AAB3F9F1
:109E100012300092002204F0CAFF05B0F0BD02A982
:109E200006F053F99DF808103A462046F9F73EFC33
:109E3000014626B92A462046FFF75CFFEDE720469B
:109E4000FFF784FFE9E71846E7E700BFAF0A01081C
:109E5000F0B504468FB000F09DFDD4F89C30054667
:109E6000012B00D010B128460FB0F0BD6C49204640
:109E700006F086FBD4F8E0600146E58DC4F8E40006
:109E80003EB133682BB15B681BB11A68032A00F23C
:109E9000A48006F00CFD01462046FFF7EFFB0746C5
:109EA000084606F0FFFCD4F8E410B3898DF80E7074
:109EB000EB1A9BB2D6E9012000FB03225948ADF80A
:109EC0000C3003680292994207D0204606F07BF9D5
:109ED00080225549554B88671A61554D534E00F005
:109EE000EBFC0128FBD12B6CDB07F8D4736CDF0192
:109EF000F5D4D4F8E41020460D919DF80E20029977
:109F000008AB02F0A1FC002847D100F0D5FC0128E5
:109F1000FBD1464A4649536CD801FCD40B6CDB0795
:109F2000F9D408A901A802F015FE0546002834D18D
:109F3000E28D404B5A6494F8243060F3410384F876
:109F4000243000F01DFED4F8E0305969431E0E683D
:109F5000DBB2FD2B049624D84B680128059330D141
:109F60000126DF1C06D90133334B5B6846D0DA1C6F
:109F700041D80593024604A9204600F0C3FD002EF7
:109F80007FF471AFD4F85431990529D494F8243072
:109F900043F0020384F8243065E7022528460FB019
:109FA000F0BDF71C13D9244B01361B6818BF0126DE
:109FB000DA1C1BD804934B68FF280593D1D00020EE
:109FC000D8E70246204604A900F09CFD4BE74B6809
:109FD000FF280593C4D02A46F4E79F6A7F0E64E702
:109FE00020464FF4803106F088F83CE7FF284B68A4
:109FF00013D00593C3E7FF28C1D1E0E7DE1C06D8E4
:10A000000246204604A9059300F07CFDBAE7FF282C
:10A01000B8D10022204604A9F6E701200593A0E765
:10A02000FC4F00B06C910020003F00B0000002B86F
:10A0300000C002B8008001B880940020F0B54A78D2
:10A040000446012A0E46A7B000F2E5800B78052BE6
:10A0500000F2E1802BB1012A40F0DD80052B00F0F9
:10A06000DA803388A4F8F6303578002D35D102F047
:10A070007FFB4FF06052694BC3F88C5003F590336F
:10A08000DA6401F0A3FB664B1B7813B10622654B23
:10A090009A674FF08052644B04F1F8001A65D4F8C7
:10A0A000941002F06BF84FF48072604BC3F81821E3
:10A0B000C3F814217378002B40F0A7804FF03A4387
:10A0C00041F6FF721A676022594BDA6403F5E833F0
:10A0D000402200205A6427B0F0BD4FF03A431C6D77
:10A0E0005B6D1C4414F00304E4D11822214608A837
:10A0F00004AF05F077FC013D102221463846CDE93A
:10A100000144039405F06EFC032DD3D8DFE805F07D
:10A11000166B0268474D19AC0FCD0FC40FCD0FC49D
:10A120000FCD0FC42B682C2200210EA8236005F050
:10A1300059FC07238DF83830022313E03E4D19AC4B
:10A140000FCD0FC40FCD0FC40FCD0FC42B682C2221
:10A1500000210EA8236005F045FC07238DF8383058
:10A160004FF400734FF400120F93344BDA64344B06
:10A1700008221A930023CDE90423ADF8663020931A
:10A18000069319AB08930EAB099301ABCDE90A37DF
:10A1900002F0EEFA08A802F023F802F053FA02F0F7
:10A1A00049FA1E4A936F23F0060343F004039367B2
:10A1B0004FF480221E4B9A644FF0805203F5E03337
:10A1C0001A6503F0C5F900283FF474AF4FF48073AB
:10A1D000164AC2F81431A2F58052C2F8183169E764
:10A1E000184D19AC98E74FF40013144CE36402F0D7
:10A1F000BFFA4FF06052144BDA644FF0C15304229F
:10A20000E364064BC3F88C20CBE76022054BDA648D
:10A2100003F5D8335CE721205DE700BF004000B8BC
:10A2200080920020006000B8002002B8002000BA30
:10A23000005000B84C29010880290108005001B8DD
:10A24000800000BAB4290108006001B8F8B50746DB
:10A250000D4614468BB1FFF73BFA29463846BE8AB5
:10A2600000F0E4FBB44228BF3446A4B2224629469B
:10A27000044800F0EFFC2046F8BD06F030F8064632
:10A28000F0E700BF0C0000BA2DE9F04104460E468D
:10A2900019B990F824305A064AD44FF6FF73618EEC
:10A2A000D4F8E470994204D0334B1B680BB12046BC
:10A2B0009847324D2B68BB4256D0314B1B6833B1A7
:10A2C000002F54D0396801B1B968204698474FF043
:10A2D0000708204601F0C0F8002E3AD0294B93F928
:10A2E0000030C3F11C0317B197F926209B1A0620F2
:10A2F00094F9286024499B1B0A6ADB0222F4FF229E
:10A3000003F4FF2313430B62D4F8E4201F4B2A60AD
:10A31000986701F05BFA002501211D4A1D4B117061
:10A32000204683F8845006F09CF82846BDE8F0816A
:10A330004FF6FF71114DD0F8E4702A6866F386136A
:10A34000BA42418680F82430B7D101F085F84FF049
:10A350000108114A4346D2F8FC1004F1F800A2F6B5
:10A360005C7202F049FDB9E74FF00108B1E73946E8
:10A3700020469847ABE700BF749100206C91002005
:10A38000709100207F92002000C000B8006000B8EB
:10A3900080920020003F00B0004F00B0054A1268D4
:10A3A0001AB190F81E1119B91047084601F088BE7D
:10A3B000014870476891002000FEFFFF3A4B2DE9ED
:10A3C000F7431C6801F4007900F00103174653EAD3
:10A3D000090206460D4640D04FF0000893B3002313
:10A3E000002201200021CDE9008802F0CFFE414685
:10A3F0002046FFF7D3FF012241462086104605F094
:10A40000CAFDD4F8941004F1F80001F0B7FE274912
:10A410000868FFF74FF94FF0FF330B60244B1A68C1
:10A42000511C06D06FF07E402249C863A1F58051CF
:10A43000CA634FF0FF321A6094F8243043F00403EB
:10A4400084F82430B9F1000F07D00121204605F02F
:10A4500054FE25F4007506430D432B463246204634
:10A46000FFF79AF9FB070FD51349144A0868002132
:10A47000136811600121124A117003B19847114B02
:10A48000002102205B68984717F00E0F08D04FF4A8
:10A4900009723B21002003B0BDE8F043FFF7D8B8B4
:10A4A00003B0BDE8F08300BF5C8F00206C940020F7
:10A4B0006894002000E000B8789100207C91002092
:10A4C000819200206094002008B55822002106489F
:10A4D00005F088FA1022FF21044805F083FA03F002
:10A4E00057FF002008BD00BFF43E00B0383F00B069
:10A4F00073B586216F22A0F814118221C0F80021C3
:10A50000C0E9411264220C23C0E9432207224FF024
:10A51000FF35002680F830314FF6FF730446C287BE
:10A5200000F14C028264204AC385A0F8403080F8D4
:10A530002C3043864263038780F82860C0F8A4501B
:10A54000458580F8265003F00DF82046FFF7BCFF44
:10A550000122164B2046C3F8382294F92810FFF741
:10A560000FFA6023124A41F6FF71D3644FF03A426A
:10A57000116311670F4A2946D36440220E4B2046CF
:10A580005A64D4F89420FFF755FA0E230022CDE93F
:10A59000003340F202231046194602F0F7FD00F0A6
:10A5A000F7FE304602B070BD4000FFFF005001B81A
:10A5B000004000B8005000B8002002B838B506F0DE
:10A5C00076F94FF6FF710A4A13888B4203D106F0E1
:10A5D00069F90E2038BD074C074D1B046567A4F5CB
:10A5E00080546367118006F05DF90020F2E700BF38
:10A5F0009A940020006001B80000FFFF2DE9F743A6
:10A6000004460F4615461E46FFF782F938B3A38A63
:10A610002BB3204605F0C2FD78B97A4BD3F8F02E63
:10A620001EB10E2003B0BDE8F08302F03003102B02
:10A63000F7D002F0C002402AF3D0DFF8F88102F030
:10A64000E1FAD8F81430D907EBD506F030F9064610
:10A65000032001F033FA20B1304606F023F902203E
:10A66000E0E7D8F8142012F00608F5D1304606F0DD
:10A6700019F9644B4FF400612046D3F8F09ED3F8EB
:10A68000C86E03F07BFE40B14FF4007201215E4BB7
:10A6900008465A64424605F07EFC94F825309A0735
:10A6A00007D5D4F894305B0542BF4FF40022574BD6
:10A6B0005A6439462046FEF72DFF524BC3F8F09EF0
:10A6C000C3F8C86E0028ADD194F82430980601D4A0
:10A6D000002D58D0C5F3400002F0AEFF022315F460
:10A6E000807F1FBF494A002153644FF03A420BBF9D
:10A6F000454A91615364536302F0D8FF4FF480637D
:10A7000015F0040F14BF424A424A15F0400F13657A
:10A710004FF004023C4B28465A644FF0400314BFEC
:10A720003D4A3E4AC2F8B830FFF710F8204605F01F
:10A73000B1FD38B14FF4807315F0010F14BF334AE7
:10A74000314A5364A90647D54FF6FF72B4F840303A
:10A7500093420FD0324A3349526F100CC2F30112A8
:10A760000132B3FBF2F30880294A2A492E481B0420
:10A7700048675367003D18BF012594F8243065F3FE
:10A78000451384F82430204605F068FEF0B12046D9
:10A7900005F080FDD0B14FF40031204603F0EEFD0E
:10A7A000431C03229BB2214801A905F0A3FE9DF89A
:10A7B000042002F00703052B9DF8053015D1120780
:10A7C0000DD443F480731A4AC2F8D030002003B08D
:10A7D000BDE8F04305F099BEFFF7F0FECAE713F0BD
:10A7E000040F09D19DF80630EBE703F03002202A70
:10A7F00005D113F0010FF4E74FF48073E3E79DF800
:10A800000630E0E7003000B0002002B8001002B8C7
:10A81000005001B8006001B800D000B800E000B8F6
:10A82000004001B89A9400200000FFFF0C0000BA1D
:10A83000003E00B000C001B808B50B4BD3F84C1176
:10A840004B1C10D011F080410DD1084B1B6813B187
:10A850000320FEF7D9FF4FF08062054B1A650122F5
:10A860005A6102229A6208BD0080E00F5C8F0020CE
:10A87000001002B84FF40022034B586C03F500534C
:10A880005A64C0F3C0407047000002B890F9243009
:10A89000002B0CDA4FF08053064A29B19360A2F5E1
:10A8A0008052D36000207047D3609360FAE70E2097
:10A8B000704700BF006001B80F4BDB68C3F3036350
:10A8C000013B0B2B0FD8DFE803F006060C0606064B
:10A8D00006080A080808022070470420704705206F
:10A8E000704703207047054B5B6913F0060F0CBFE0
:10A8F00001200420704700BF000002B800C001B86A
:10A90000094AD368C3F303630B2B08D06FF490504C
:10A91000184100F0010080F0010040007047506CC9
:10A9200010F48030EDD17047000002B80C490D4A98
:10A93000CB68C3F30363062B07D8042BD8B20BD81C
:10A94000C31E5842584140007047072B06D1D1F82A
:10A9500068011040ECD1704702207047002070471A
:10A96000000002B85FFFF9FF094BDB68C3F3036324
:10A970009A1E012A8CBF00220122012B02701EBFE9
:10A980004FF4026222FA03F303F001030B707047E5
:10A99000000002B810B590F82730022B08D11C4BEC
:10A9A000D3F89C1031B9C28D272A0ED90E2002E0AF
:10A9B000042B01D0002010BD154BD3F89C30002B88
:10A9C000F8D1C28D272AF1D80121124B12481B68F9
:10A9D000834219D031241148181A434243415B0085
:10A9E0000B48A0F8B64050246343282404FB0133ED
:10A9F0000B491944895CFA31A0F8BC1009490B4491
:10AA00009A5C094B1A70D5E76FF003040123E7E75E
:10AA1000003E00B0B091002000F04902005A6202EE
:10AA2000D82A0108E82901088292002010B590F880
:10AA30002700A0B1304BD3F8A42012F0060F01D0AC
:10AA400004280DD94FF470622C4BDA604FF48072F9
:10AA5000A3F58053DA600022274BC3F8A02010BD75
:10AA600002F0020412F0040202D00B789B0637D4E5
:10AA7000002C39D00B7803F00F03072B34D14B781F
:10AA8000022B31D98B7813F03E0F2DD0CC7814F0F7
:10AA9000040F29D014F0010F0CBF04230A23A407CC
:10AAA00048BF0633CB5CFBB1002A14BF022201224F
:10AAB000042840F6FF7003F01F0108BF4900013968
:10AAC00040EA01310E4801654FF470600B491202F3
:10AAD000C860A1F58051CA60074AC2F8A030BEE73D
:10AAE000002CC7D18B7823B90023054A13650122B6
:10AAF000EAE70222DCE700BF003E00B0006000B8D9
:10AB0000004000B810B5124B0C68C3F87842C3F887
:10AB10007C42C8B1D0F8E030B3B15B69A3B1501E3C
:10AB2000C0B2FD2812D9013404BF6FF001000860E3
:10AB30000868FF2A186007D14A68013202D16FF015
:10AB400001024A604A685A60002010BD012AF2E7FB
:10AB5000004001B8FF2818BFC3434FF0180108BFD9
:10AB60001023064A18BFDB00C2F8FC1318BF03F01D
:10AB70000803A2F58052C2F8FC337047002002B8E7
:10AB8000024BD3F8F807C0F3C0407047000002B88A
:10AB90004FF03A43D3F81421D2031ED54FF480323C
:10ABA0000E49C1F81421A1F58051C1F818215A6D40
:10ABB000D1B2C2F30722C3F8A410C3F8A420042220
:10ABC000C3F8A4200022C3F8A420C3F8A420C3F82B
:10ABD000A420C3F8A420C3F8A4207047002000BA22
:10ABE000F0220B4B01219A64A022A3F580539A64B2
:10ABF0004FF03A43826CC3F8F410FC21C3F8CC1038
:10AC0000C3F8D0204FF40052C3F8F020704700BFC3
:10AC1000006000B8F8B54FF03A440D4617460646B6
:10AC200005F045FE012304226363084BE7602661BB
:10AC30006561C3F814214FF00042054BC3F8802131
:10AC400005F030FE0DB102236363F8BD002000BAA9
:10AC500000E100E02DE9F04105460124006800F024
:10AC60000700063004FA00F3A868EC685E1EA042F4
:10AC700062D000EA060E6C6810441E430640A3EB47
:10AC80000E000EEB040C8242644618D9D31A0EEB68
:10AC9000030298B1431E052B04D94B1CACEB0303F4
:10ACA000022B59D80B460844ACEB010E03EB0E0106
:10ACB00013F8014B83420C70F8D101466C688AB1DD
:10ACC000531E052B01F1010302D9E01A022812D804
:10ACD0000A44611E00E0013313F8010C934201F8AD
:10ACE000010FF8D105F0E3FD0223AE60AB62BDE8D1
:10ACF000F04105F0D7BD0B46204622F0030E8E44EE
:10AD000053F804CB734540F804CBF9D122F0030388
:10AD1000D01A920701EB030C04EB0307E2D0CA5CE4
:10AD20000128E254DED09CF8013002287B70D9D093
:10AD30009CF80230BB70D5E7042A35D90878043A6C
:10AD4000A86148780431A86111F8020CA86111F8D3
:10AD5000010CA861A8688CE70B4620F003070F449C
:10AD6000ACEB010E1C684EF803400433BB42F9D132
:10AD700020F0030310F0030F01EB030EA0EB03041C
:10AD80000CEB030728D011F80380012C0CF803808A
:10AD900022D09EF80130022C7B7018BF9EF8023042
:10ADA000084418BFBB7088E7013A032A12D8DFE8CD
:10ADB00002F00F1507020B4613F8012B1946AA6182
:10ADC0000A4612F8013BAB61114611F8013BAB6139
:10ADD0000B78AB61BDE8F08108446EE70A46F3E703
:10ADE00038B50B46154601464FF03A4468B101228A
:10ADF0001048C4F8F4201A46FFF72CFF25B14FF095
:10AE00003A430422C3F8F42038BD73B1D4F8D820F3
:10AE10009A4284BF0122C4F8F4204FF03A42C2F8AB
:10AE2000D4300223C2F8F430E8E70123C4F8F43048
:10AE3000E4E700BFCC0000BA38B5044605F037FDA2
:10AE40004FF03A420121638F054651674BB3B3FA85
:10AE500083F3C3F11903DBB2A069C2F8B410C2F8DE
:10AE60008C300723C2F89000C2F8B0304FF4A02312
:10AE700002F50052C2F81431A2F58052C2F818311E
:10AE800000220C4B1A600C4B5B6C5B0209D54FF433
:10AE900080020A4B04F1F8005A64D4F8941001F0CF
:10AEA0006DF94FF4E0232846E363BDE8384005F030
:10AEB000F9BC00BF8C910020000002B8002002B84D
:10AEC0002DE9F84305460C46B1B1D0F81880478FFC
:10AED00005F0EDFCB5F83CC0791E01EA0C0323F047
:10AEE0000702032C0646DFF8F8E042445FD1DEF8A3
:10AEF000004024B905F0D6FC0E20BDE8F88324F00C
:10AF00000104DEF8000020F00100A04254D100232B
:10AF1000CEF80030238894426FEA43436FEA5343EC
:10AF200023803FD1EB8F08EB07091846083880B221
:10AF300002F108044C4528BF4446082804D9B4F857
:10AF400000E0BEF5804F41D263440F431B1A3B40E3
:10AF50009BB2AB87E887947811884FF03A42C1F3EF
:10AF60000C019165C2F89830C2F8B0004FF480220D
:10AF7000174B04F00704C3F814214FF00042154B9F
:10AF8000C3F88021FFF704FE042C0BD14FF480029C
:10AF9000114B05F1F8005B6C104B5A64D5F8941016
:10AFA00001F0ECF8304605F07DFC0020A5E7601EBE
:10AFB000012898BF1446A4E7E88F4344E31A48BF2A
:10AFC000DB1908389842A5DC304693E72246ADE706
:10AFD000002000BA00E100E0000002B8002002B842
:10AFE0008C910020154B10B51968CA8F8B8F488F34
:10AFF00013440138073B8C69034023F007031C44CA
:10B0000002F108034FF03A429BB2CB87C2F8B0304E
:10B010004FF480220A4BC3F814214FF00042094B31
:10B02000C3F88021A07800F00700042803D1064A65
:10B03000D3681B03FCD4054B1C6010BD5C8F002043
:10B04000002000BA00E100E0000002B88C9100206E
:10B0500010B5064C216839B1CB0703D4044B1868EE
:10B06000FFF72EFF0023236010BD00BF8C9100204E
:10B070005C8F00204FF480320C4B0D49C3F818212F
:10B080004FF03A43C1F81421D3F8AC10D3F88C2018
:10B09000012302F0070206329340C1F30C01083B82
:10B0A000994201D8FFF774BD704700BF002000BA75
:10B0B000001000BA2DE9F04780460C461646876915
:10B0C000458F05F0F4FBB8F83C2005F1FF3C02EA9F
:10B0D0000C0323F00701032C82463944B8F83E00E4
:10B0E00019D14A4C24689CB90244073A02EA0C027E
:10B0F00022F00702BC183B44E31A48BF5B198342A5
:10B1000010DB504605F0CEFB00242046BDE8F0875A
:10B1100024F00104EFE7012C02D0022CEBD1083817
:10B120000C46E8E7002E3FD08C4241D14FF03A4226
:10B13000D2F858904FF03A41D1F8AC20B8F81270DC
:10B14000C2F30C02934247DA2588B5F5804FD8D276
:10B15000A378C5F30C0503F007037A1EA5EB0905D8
:10B160003A43052B337005EA02052DD82DB2E8438A
:10B1700040F241420421C00FFEF76AFA7580E3787D
:10B180003374D8F81C207B1E03EA0903D118B16080
:10B19000A9B213FA85F5AF422FBF0023FF1AB7807B
:10B1A000F26024BFB180F360504605F07BFBACE752
:10B1B000A4F10802974284BFED0802EBC502B2F881
:10B1C0000090C9F30C09B5E7114B5B6D003B18BF4C
:10B1D0000123A5EBC305C9E74B6D7A1EA3EB090359
:10B1E0003A431A400B4915B2002DCB680BDCC3F370
:10B1F0000363D81E43424341DB003370CB6C728043
:10B200001B0A3374BDE70823F7E700BF8C910020C9
:10B21000004000B8000002B8054BA822D3F84C014A
:10B220003121431C0CBF0120C0F38070FEF710BA1F
:10B230000080E00F10B50F4B1C78ACB90E4BD3F863
:10B24000F8375B0309D490B10F23441EB4FBF3F429
:10B2500010300444E4B2204610BD40F61D023F21E8
:10B260002046FEF7F5F9F6E70001C4B2F3E7102433
:10B27000F1E700BF9C940020000002B838B5294DCA
:10B280000446297819B92022274804F0ABFB23781B
:10B29000264A6188137051804FF2F0022449C1F8A8
:10B2A000C821244A4BBBA1F50051D1F8F81711F47D
:10B2B000002F4FF0FF011CBF1F48C0F8DC30117099
:10B2C0004FF040731A4AC2F834311C4BD3F8F837A8
:10B2D00013F480230BD14FF47F01C2F830111849C9
:10B2E000C1F8303148F2C801164BC3F8F4100723F7
:10B2F000C2F8FC330122124B0DE000240E48022B51
:10B30000C0F8DC404FF0FF001070D9D107230422B1
:10B31000C1F8FC330A4BC3F8FC23012300202B7037
:10B3200038BD00BF83920020E03F00B09C94002015
:10B33000002002B8A7940020004001B8000002B825
:10B34000001002B8003F00B0034B1A6802609B88EF
:10B3500083800020704700BF9C94002010B50446F5
:10B3600000F096FD094BD3F8F80734B900F44020FB
:10B37000B0F5402018BF012010BD022C0ABF80F498
:10B3800000300020C0F34040F6E700BF000002B8E4
:10B390002049D1F8FC37FF2B31D01F48C3F30312EB
:10B3A0000270D1F8F81703F00F0309035BBFC2EB7B
:10B3B00002120F3B02F1FF32D2184ABF03EB021315
:10B3C000D3B2DBB2154A164913700978154B1A68C7
:10B3D000E9B1B2F1A06F1AD3D3F85012124A134B4D
:10B3E000B1F1FF3F18BF1346114A136041F66A02DC
:10B3F000104B1B68B3FBF2F30F4A13607047D1F890
:10B40000F83713F4002F0CBFB4235A23DAE7074BA5
:10B41000EAE700BF000002B8A8940020859200204F
:10B42000A69400200080E00F5082E00FC82B010896
:10B4300090910020B09100209491002020B102282A
:10B4400004D1034B18787047024BFBE7002070478C
:10B45000A8940020859200202DE9F74FD0F8A44051
:10B460004C22022C38BF02247B49013CCB6CD1F822
:10B47000DC507A49C3F38213DA400B680646A342D4
:10B4800090F83071764BDFF800A2DFF80092DFF819
:10B49000008202F0010216D11878904213D19AF876
:10B4A0000000B8420FD1D6F8A80060B1A8420AD176
:10B4B00096F82B5099F80000854204D1B8F80400A2
:10B4C00003B0BDE8F08F98F800001A700C60FFF729
:10B4D000B5FF0346002A00F0918004234FF07F411E
:10B4E000604AC2F8BC30604BC3F8BC1096F82B30F1
:10B4F0001B06C2F8BC30002040F271225B4B1921C0
:10B500001B68B3FBF2F36343182BB3FBF1F14FEA73
:10B51000004400F29380002C00F09B80B4FA84F287
:10B52000C2F12002C2F10F03012B38BF0123D44026
:10B53000A14201D2013B6408421C03F01F015200EA
:10B540008A40121BDFF838B19208CBF8B0201A02FB
:10B5500042EA03121343019300EB002300EB03259F
:10B56000434B40F6970218682B21003818BF012082
:10B57000FEF76EF8FA223E4B02FB04F01B6840F621
:10B58000FF72B0FBF3F00A2358433A4B00F57A748C
:10B59000C3F8D820019AA3F58053C3F8D820364ABF
:10B5A000A3F58053C3F8DC50D2F8F827520308D42F
:10B5B000D3F8DC3003F47F02C3F303531343CBF817
:10B5C000FC30C6F8A8502D4D00F6B8302C6001F0C4
:10B5D0008DFB4FF47A722A4BC3F8A400C3F8F8002D
:10B5E0002B68B4FBF2F0B3FBF2F3A8F8043096F842
:10B5F0002B308AF8007089F8003061E796F82B004C
:10B60000984228BF1846C0B22FB1022F7FF473AF03
:10B61000FFF710FE70E7184BD3F8F8371903F7D48B
:10B6200050B10F230138B0FBF3F00130154B1B680C
:10B63000034413F8010C5FE70120F7E7B1FA81F248
:10B640003CB1B4FA84F3D21A002A3FF76BAF0F2350
:10B650006EE70F2370E700BF004001B87894002028
:10B6600084920020001002B8002002B8B09100209F
:10B6700094910020006001B8000002B89891002069
:10B68000003F00B090910020A5940020A4940020D9
:10B690009C94002038B5254B05461A78244C0C2A7A
:10B6A00002D1FF20207038BD104604F033FF014660
:10B6B0001046FFF7C3FEA84228BF2846C0B2884202
:10B6C00038BF08462378C0B28342ECD020703ABB22
:10B6D000184BD3F8F83713F4002321D14FF2F001BF
:10B6E000154AC2F8C811C8B10F230138C0B2B0FB67
:10B6F000F3F3591CC3EB0313C01A431C0D4A1B017F
:10B70000D2F8C80143EA01330343C2F8C831D2F882
:10B71000C8210A4BC3F8FC202078C4E70121EDE7DB
:10B72000074B1868FFF798FEF6E700BF9C940020CF
:10B73000A7940020000002B8002002B8003F00B02B
:10B740005C8F0020014B1870704700BFA69400204A
:10B7500010B50446FDF754FD78B1154B1B786BB955
:10B7600064B1144B1B784BB1134B1B78013B012B7D
:10B7700004D84FF40042114B1A6510BD104B1B6DDD
:10B780001B04FAD405F093F8044601F08FFF4FF440
:10B7900000420C4B2046BDE810401A6502220A4BBD
:10B7A000C3F8D4240422054B5A6405F07BB800BFCB
:10B7B00086920020879200209C910020002002B8F1
:10B7C000000002B8001002B800D00350054BD3F8B7
:10B7D000843013F0030F4FF4802314BF024A034A4E
:10B7E00093647047004000B8005000B8006000B893
:10B7F000F7B50646534C00F04BFB01213A20F6F713
:10B80000F3F8514B2578514F1E7085BB2846FFF742
:10B810009FFF2378013B012B19D8E37B01A88DF80A
:10B820000430237C8DF80530F5F706FAC7F8D454B8
:10B830004FF6FF72464BC3F88420F822A3F58053DD
:10B84000C3F884200022414BC3F8D4240DE04FF606
:10B85000FF723F4BC7F8D454C3F88420F822A3F5F5
:10B860008053C3F88420C7F8D4543A4B5BE00020DF
:10B87000FFF76EFF2378013B012B08D8E37B01A87B
:10B880008DF80430237C8DF80530F5F7D5F90023C9
:10B89000C7F8D434002ECBD062685AB32E4B1B6845
:10B8A00003EB5203B3FBF2F3013B1B0243F0F8033B
:10B8B00026782749022E294A1ED0032E4FF6FF75FF
:10B8C000224826D0012E36D143F00203C1F884501D
:10B8D000C2F884300723C0F8D434E37B01A88DF884
:10B8E0000430237C8DF80530F5F776F90120FFF759
:10B8F0002FFF17E0F823DBE74FF6FF7043F001035B
:10B90000C1F88400C2F884300622104BC3F8D42456
:10B91000E3E743F00503C1F88450C2F88430042300
:10B92000C0F8D4340E4B4FF080421A650020FFF768
:10B930004DFF03B0F0BDC1F88450C2F8843000233D
:10B94000EEE700BF9C9100208792002000C00350CA
:10B95000006000B8002002B8B0910020005000B88C
:10B96000001002B8034B1B6D002BBCBF024BC3F889
:10B9700088007047000002B8004000B82DE9F04789
:10B9800000F0E0FA4FF47A762D4BB0FBF6F6186033
:10B990004FF4FA73734307462A48190E1B0218180E
:10B9A000294A4FF0000341F10001FCF72FFD274B1E
:10B9B000A0F5807205461A6320B948222B21FDF7B5
:10B9C00047FE01254FF47A724FF0000A6A4353464E
:10B9D00050083102FCF71AFD1C4B1D4AB7F57A7F5F
:10B9E0009A601C4B4FEA056819601B4B8946044658
:10B9F00018604FEA152505D29B222B215046FDF7F2
:10BA000027FE01264FF47A73A8FB030103FB0511FF
:10BA10007308C01841F1000100233246FCF7F6FC20
:10BA20000E4B023419600E4B49F10009A40818604E
:10BA300044EA8974054B013C9C63BDE8F08700BF74
:10BA4000B091002020A1070040420F0000C001B8C3
:10BA500002110100C0910020BC910020B89100208B
:10BA6000B49100200822044BC3F884215A600122BB
:10BA7000024BDA60704700BF00E100E000C001B88F
:10BA800038B501250A4B02019D504FF480730446DE
:10BA9000084A8340536604F00AFF074AA54013781A
:10BAA00023EA05031370BDE8384004F0FBBE00BF75
:10BAB00000E101B800E001B890920020034B103083
:10BAC0000001185800F00100704700BF00C001B825
:10BAD00038B504F0F5FE084B084A1D6A92F86D402F
:10BAE0005A6EE4B2520744BF1D6A013404F0E3FE0B
:10BAF000284604F0030138BD00C001B8003E00B084
:10BB0000064B1B68434303EB8171054B1B68A3FB8A
:10BB1000003013F1004341EB00007047B891002062
:10BB2000B49100200C4A20F04043014610B500209B
:10BB300014684FF00042E4FB0320084A890F1268A2
:10BB400002FB0300064B9B6B984204D90133013181
:10BB5000C01A01F0030110BDBC910020C09100206B
:10BB600000C001B8044B01F0F071103041F0030146
:10BB700000011950704700BF00C001B808B522206D
:10BB8000FFF7F0FE4FF48022014BDA6008BD00BFE2
:10BB900000C001B840B1836833B10649C268096882
:10BBA00003F13043032A00D8704743F8041B043ADA
:10BBB000F8E700BFF491002070B51646054600B3C3
:10BBC000F9B1F2B14268104B006803321B68920869
:10BBD00000F130409847044688B9EA68A868033203
:10BBE0003146920800F1304004F0AEFC044630B912
:10BBF000D5E90402214600F1304003F0F3FE20466F
:10BC000070BD2124FBE700BF7C94002070B50C6858
:10BC1000651C15D0C4F302669E42C4F3074530D1BB
:10BC2000A4B294422DD804EB8506B24229D2141B4B
:10BC3000A50824F003040E59340F04D0012C08D0B9
:10BC40000022212402E06B1C51F82320C0E90024CB
:10BC500070BD0E4C34F8133042EA03431A686B1C73
:10BC600051F8234001EB83014B6822405E4036F0DF
:10BC7000704404D11B0F032B04BF8B681A430024AC
:10BC8000E4E7013501EB8501C1E700BFD42B0108D2
:10BC900007B501A8F7F7B6FB254B2649D3F8602274
:10BCA000D2B2FF2A1DBFD1F87801130243EA021372
:10BCB000D1F878311CBF20F47F621343C1F8F83308
:10BCC0001C4BD3F8F837190354BF09200C20F7F7A1
:10BCD00051F8C822184B42F201015A654FF4C022B4
:10BCE00003F51043C3F868214FF48032C3F86C2188
:10BCF000124AC2F8701202F52042D2F8F827120355
:10BD000008D44FF470610E4AC2F8A0104FF42062BC
:10BD1000C3F8A02001220B4BC3F8002403F53043E5
:10BD2000D3F86821084B1A6003B05DF804FB00BF2C
:10BD30000080E00F000002B8008001B8006001B888
:10BD4000002002B8005001B888910020134B1B78E6
:10BD5000002B20D0124B134A00201A60124B134ABA
:10BD60001A60134B134A1A60134B1A68134B1A606C
:10BD7000134B144A1A60144B144A1A60144B154A98
:10BD80001A60154B154A1A60154B164A1A60164B65
:10BD9000164A1A6070470220704700BF9192002037
:10BDA00000920020B8340108F8910020202C0108EE
:10BDB000FC910020402C010890940020F491002078
:10BDC00018920020082C010810920020C02F0108B2
:10BDD000149200203C2C01080C920020F02B01084A
:10BDE00004920020442C010808920020382C0108FD
:10BDF0000022012138B51E4B5A649A64DA641D4A48
:10BE0000516102219162DA68C2F303620D2A01D006
:10BE1000002AF8D111220124174DDA634FF0FF30C8
:10BE20002C7002F0D3FF00232B70144D4FF4E86206
:10BE300028685421C01A18BF0120FDF709FC104BD7
:10BE400028681A680F4B1968FFF7B6FE01F044F82E
:10BE50000D4B1868FFF79EFE0C4B1868FFF79AFE13
:10BE60004FF08062034B5A6103F580535C6138BD2B
:10BE7000000002B8001002B891920020F891002052
:10BE8000FC91002000920020189200200C920020CB
:10BE900001230D4A0D49C2F8803291660C4A536065
:10BEA0000C4A53600C4A5360A2F580425360A2F5DD
:10BEB0004042536002F5C032536002F58042536045
:10BEC000A2F500425360704700900050FF0B00162F
:10BED00000D000B8001000BA005001B838B50324F3
:10BEE000FFF7D6FF114A124B124D1A65FFF7D0FE2D
:10BEF000114BC3F8104101232B6500F083FE4FF472
:10BF000060736B614FF400732B65FEF739FE0021FF
:10BF1000FEF720FE4022094B1C64A3F580535C64AD
:10BF2000074BC3F884215A6038BD00BF0048F000B9
:10BF3000000002B8001002B8005001B800A009507B
:10BF400000E100E008B504F08FFB044B1B6FC3F366
:10BF500000430133B0FBF3F008BD00BF0080005088
:10BF600070B5044698B1B1B13A4A52F8043B8342E5
:10BF700013D10023384A116CC907FCD4374800EBB1
:10BF8000830004F0EAFA364B106001221A6470BD97
:10BF900001330C2B02D1334D2CE0012352F8041B4A
:10BFA000A142F5D1304A32F81330E3E7C2F301631E
:10BFB00035F81300110C93B211F0FE0F43EA004361
:10BFC000606820D00434CAB2022A216808D9D4E9B2
:10BFD0000160033AC3E9001698600C340C33F3E7B0
:10BFE00004D16268C3E90012083403E0012A01D1D8
:10BFF000043419602268531CD8D10022164B1A60F1
:10C0000003F58053C1E7120F072AEDD8DFE802F0ED
:10C010000704090D1013181DC04303F500531860E1
:10C02000E2E71A6842401A60DEE703F58053F6E75C
:10C0300004F07FFAD8E7012203F580538240F2E74B
:10C04000012203F500538240EDE71A6830EA02024C
:10C05000FBD1C9E7C491002000C002B8404000B045
:10C0600000D002B8D42B01084E9200200122014BCF
:10C070001A657047001002B80122014B1A6570471B
:10C08000002002B84022014B1A657047002002B818
:10C090004022014B1A657047001002B8064BDB685E
:10C0A000C3F30363984206D1044A936E23F0F0036E
:10C0B00043EA011191667047000002B8003F00B0EA
:10C0C0002DE9F743064604F02DFA00248046DFF8F8
:10C0D000909004F0ECFB0DF1070105460DF1060010
:10C0E000FEF742FC9DF806308BB9721C29D004F093
:10C0F00019FAA0EB0804284604F0D4FB9DF806309A
:10C1000013B99DF807303BB3A642E2D824E0D9F832
:10C110000C3013F4603FE8D0D9F8180004F070FA3E
:10C12000731C074603D004F0FDF9A0EB0804284671
:10C1300004F0B8FB17F5007FE0D0384603B0BDE847
:10C14000F083284604F0AEFB9DF80630002BC0D1EA
:10C150009DF80730002BBCD1004FEEE700FEFFFF3B
:10C1600000C000B8044BD3F8B03010B1C3F30332B1
:10C17000027003F00F007047000002B8064B01F098
:10C1800080015B6C03F480030B4302BF4FF4001289
:10C19000024BDA64704700BF000002B8006001B8CB
:10C1A00030B1012806D1064B03F58053D9607047A2
:10C1B000044BF9E700224FF48053DA60FFDE00BF42
:10C1C000004003B8000003B8044B986E00F0B05074
:10C1D00000F16A4358425841704700BF0080005048
:10C1E0004FF0B0522DE9F04FB74B00269A66036826
:10C1F000B64A1C785D68072C94BF0021012111709C
:10C20000B34AB44914700269002A08BF8022072C7F
:10C210000A605A8800F21481AF490E6102260E614D
:10C22000AE4E7562002A40F01E814FF0010CAC4DFD
:10C23000AC4E9200AE620CFA04FC8A621D6AD3E92D
:10C2400006273A4393F824702A4342EAC72293F818
:10C250002970197D42EA476293F826704CEA012C56
:10C2600042EA875293F82770072C42EAC75293F8A4
:10C2700028701E6942EA076242EA0C0222F000427C
:10C280004FF0FF37D3F80CE022F4002200F2EF80E9
:10C29000DFF848C2CCF870208F4A0CF5005CCCF86F
:10C2A0007470C2F874E0CCF878709667002D40F096
:10C2B00030814FF6FF769D68CCF87C60ADB2D567D3
:10C2C000D3E90627B2F5803F40F07E814268072C13
:10C2D000D2F80C80D2F80490D2F814E0D2F81CC046
:10C2E00049EA080545EA0E05DF69D2F824A04FF0B7
:10C2F000070392F800B045EA0C0500F21281784E6F
:10C30000B7F5802F3364744BC3F840B04FF0080B7F
:10C31000C3F840B04FF0FF3BC6F84CB0C3F84C90A8
:10C32000C6F850B0C3F85080C6F854B0C3F854E013
:10C33000C6F858B0C3F858C0C6F848B09D64C3F8F2
:10C3400040A040F0498155780723654E4FF0FF37F4
:10C350007364614B5D6408255D64D2F808803766BC
:10C36000C3F86080156977665D66D2F818E0B76635
:10C37000C3F868E0D2F820C045EA080545EA0E0592
:10C3800045EA0C05F766C3F86CC0F765DD65926A8F
:10C390005A648268D2E900532B4343EA81014F4B30
:10C3A00001F01F014FF6FF75C3F88010926803F586
:10C3B000005192B203F58053C1F88450C168C3F8AC
:10C3C0008420444B072C1A68D1E9003543EA050361
:10C3D0008D684FF0FF3443EA050303F01F03CD6877
:10C3E00000F209813D49C1F888303B4B01F500510D
:10C3F000C1F88C40C3F88C508A61DA61462301226F
:10C40000394903F0070302FA03F3C1F888318B605E
:10C41000364B416919602E4B1B78082B04BF344BF7
:10C420005A602A4B1B78002B00F0F380012B40F060
:10C43000F280304B012203F580535A60BDE8F08F43
:10C440002D490E6102260E612A4E75626AB94FF0BF
:10C45000010C2A4D234E92000CFA04FCAE624FEA06
:10C460002C2C8A62EAE6013ADFE6013AEFE7DFF8D0
:10C4700084C0CCF87020204A0CF5005CCCF87470B5
:10C48000C2F874E0CCF87870966735B94FF6FF764D
:10C490009D68CCF87C60ADB2D567082C0DD0A4F1B6
:10C4A0000B02012A35D893F825504FF40042002D95
:10C4B00035D0134DC5F870222BE0DE6A0C4A114DC1
:10C4C00016BB0126AE6020E0009000509392002041
:10C4D0009292002020920020001003B8000003B8C0
:10C4E000002003B8FCFF070000E100E01C920020E0
:10C4F000009003B8004003B8005003B8006003B8D0
:10C50000005001B800A003B8966006271E6BAF600C
:10C5100096601A6AB2F5801F7FF4D2AED6E6404D1F
:10C52000C8E7404EB7F5802F33643F4BC3F840B0A7
:10C530004FF0080BC3F840B04FF0FF3BC6F84CB0CB
:10C54000C3F84C90C6F850B0C3F85080C6F854B049
:10C55000C3F854E0C6F858B0C3F858C0C6F848B09D
:10C560009D64C3F840A037D1557807232D4E4FF076
:10C57000FF3773642C4B5D6408255D64D2F8088036
:10C580003766C3F86080156977665D66D2F818E093
:10C59000B766C3F868E0D2F820C045EA080545EA66
:10C5A0000E0545EA0C05F766C3F86CC0F765DD6556
:10C5B000926A5A648268D2E900352B4343EA8101CA
:10C5C0001A4B01F01F01EDE6B7F5802F04D1426848
:10C5D000072C5578C9D8B7E68268B7F5C02FD2E9DD
:10C5E000005343EA05034FEA8105F0D0072C45EAE2
:10C5F0000301E5D8D3E60D49C1F888300A4B01F5AF
:10C600000051C1F88C40C3F88C508A61DA6147232D
:10C61000F5E6074B0EE700224FF480535A60FFDE29
:10C62000006001B8006003B8005003B8004003B8D0
:10C63000000003B8024B02211878FFF7B1BD00BF1C
:10C6400093920020084B1B783BB1012B07D1074B7D
:10C65000042203F58053DA607047054BF8E70022A7
:10C660004FF48053DA60FFDE93920020004003B85D
:10C67000000003B80F4B1B788BB1012B11D10E4A70
:10C68000012102F580528B4291600FD80A4A0B4972
:10C69000002B08BF0A4693689B07FCD47047074AE3
:10C6A000EEE700224FF480539A60FFDE00239B6880
:10C6B000FBE700BF93920020004003B8000003B8DE
:10C6C00038B50B4B0B4C002818BF1C46A569E36915
:10C6D0001D4007D0084B1B682BB12846984704F52E
:10C6E0000054A56138BD6B05F9D5FFF7C3FFF6E728
:10C6F000004003B8000003B81C92002008B50246B1
:10C70000FFF762FDC0B11649BAB9164BDA610B7872
:10C71000082B02BF0121144B5960124B012103F574
:10C7200000538A42596017D8104B0E49002A08BF9F
:10C730000B465A689207FCD408BD012A4FF000034B
:10C7400001D0DB61FFDE0948C3610B78082B04BF11
:10C75000054B5A60054BE1E700235B68F2E700BF39
:10C7600092920020000003B800A003B8004003B874
:10C77000014B1878FFF7C2BF939200204FF60401D7
:10C780004FF60502044B01201B6C9BB28B4208BF85
:10C790001346024A136670470080E00F00C001B8DC
:10C7A000034B1A6E596E03F500530A401A66704720
:10C7B00000800A504FF00052014B1A60704700BFD2
:10C7C00000E100E04FF00052034BC3F88020BFF3BC
:10C7D0004F8FBFF36F8F704700E100E0F8B50B4655
:10C7E000002213F8044B944225D91D68854224D1B8
:10C7F00006245A791D79124B88181E6804FB05031C
:10C80000104F33F8063C7B43B3420ED900238A5ABB
:10C810007A43964202D804FB0300F8BD9D42FAD940
:10C82000013304FB03F2825AF2E740F244423D2115
:10C830000020FCF70DFF0020EFE708330132D2E7BC
:10C840002492002040420F002DE9F04F4FF0000EDF
:10C85000A2FB016BDFF8F4C2DFF8F48216EB0C0CDC
:10C860001F466BF10003E0457EEB030383B009D262
:10C8700040F23E220E217046FCF7EAFE022003B091
:10C88000BDE8F08FD7F814A00C4615468146BAF1E2
:10C89000000F04D0DAF80030032B00F29A809E4B90
:10C8A0009E4A9B6BD2F8FCA0C3F314089C4B1B6FF1
:10C8B0005A074EBF4FF440039B0503F0E07348EA6C
:10C8C0000308984BD3F8EC305B0048BF48F0807801
:10C8D00048EA456803F002FF012D0246CED1002848
:10C8E000CCD0914B984200F0858003F5122303F5DC
:10C8F000F863984200F090808C4B984200F0EB80F7
:10C90000002501902B4600204FF00071FBF77EFDC3
:10C910002B46019A013006FB03F300FB0B33A6FB09
:10C9200000600344C8F31300A0FB0221203300FB86
:10C9300005119B093B607E4BD20C1C6042EA4131E1
:10C940007C4B18F4801F08BF494219607A4B0C4495
:10C950001C60BAF1000F5BD000237B60BB60DAF88B
:10C960001C5018F0807F18BF6408002D46D099F83D
:10C970002720093A012A41D9694ED6F83C21D00234
:10C980007FD4DAF80000002C00F0A980B4FA84F11A
:10C99000072900F3A480C1F1080325FA03F304FA80
:10C9A00001F10133B1FBF3F14B004FEA442C0133A9
:10C9B000E40D01E002330131A5FB0362B44574EBE1
:10C9C0000202F7D2C1F30E031B0343F00063BB6006
:10C9D00016E0042BDAF828807FF47CAF18F0807F13
:10C9E00014BF4FF4400308F0E07328F0E07848EA01
:10C9F00003086FE7002351481D468CE7DAF8000072
:10CA000000230628FB603B6102D9DAF830303BB9DD
:10CA1000002003B0BDE8F08F002349481D467AE7A7
:10CA200003F05CFEDAF83010FFF7D8FE044610B1D0
:10CA30008378002B56D103F011FEDAF83010FFF79F
:10CA4000CDFE04460028E3D08378002BE0D0407967
:10CA50004FF4AE62003818BF01203D21FCF7F8FD0D
:10CA6000207940F2715200384FF03D0118BF01208B
:10CA7000FCF7EEFD237962791B0243EA02133B6166
:10CA8000C6E781EAE172A2EBE1722E49C8F3815850
:10CA900011F808C019464FEA8C6C6008CCFB020103
:10CAA0002246FBF7B3FC0346DAF800000E280ED945
:10CAB000194A916BB26CD6F83C61D20607D501F4E5
:10CAC000801106F40016314308BFC3F58013C3F389
:10CAD00013037B6057E700231B481D461BE72B46CB
:10CAE00021025FE7407940F25552003818BF01201B
:10CAF0003D21FCF7ADFD207940F25652003818BFB9
:10CB000001203D21FCF7A4FD237962791B0243EA51
:10CB10000213FB608FE700BF008001B8004F00B038
:10CB2000004001B8000002B800F04902005A620259
:10CB30002C92002028920020249200200A3BB2DF91
:10CB4000313641DCDC2B0108D694BFD6006CCA8894
:10CB5000807C814A10B5044686B059B9214B4168A2
:10CB6000D3F8FC30827A2048059300686B46FFF7C3
:10CB70006BFE69461D4B0A685A631A4BD3F8FC30AA
:10CB800033B34B6843B11A4B1A4AC3F83C214A6885
:10CB9000A3F58053C3F83C218B6843B1144B164A6C
:10CBA000C3F81C218A68A3F58053C3F81C21134ADB
:10CBB000C868D2F8983123F4EE630343C2F8983181
:10CBC000D2F89031096923F4EE630B43C2F8903137
:10CBD000002022890A4B9A6203F5A033186406B03C
:10CBE00010BD00BF004F00B05C8F0020008001B876
:10CBF000006001B8FFFF0F0000F0FF0F000002B857
:10CC0000004000B8074BD3F88022D20707D55B6EEF
:10CC1000002B4FF48043B4BF034A044A136500203D
:10CC2000704700BF00800050002002B8001002B81A
:10CC300010B590B10468012C0FD902696AB111686E
:10CC4000094B102C196051685960916888BFD268EF
:10CC5000996094BFD960DA6010BD102200210248AB
:10CC600002F0C0FEF8E700BF349200201B4B2DE914
:10CC7000F0410D4616461C6858B34FF47A7343438F
:10CC80008A68A3F6AC539B1A4A689B1A144AD817B1
:10CC90001168144FA1FB033201FB002213F18073D2
:10CCA00042F100025B0E43EAC213803B33620E4B3B
:10CCB000D3F8C43073623B6873B1204603F0CEFBF7
:10CCC00050B1324629463B68D4F8D800BDE8F0415F
:10CCD00018474AF6C873D9E7BDE8F0815C8F002099
:10CCE0004492002030920020003F00B0084BC11752
:10CCF0001A68A2FB000302FB013310F1807043F1BC
:10CD00000003400E40EAC310803820EAE07070470C
:10CD1000449200200722194B70B51A64184B194A27
:10CD20001D68194BEC08E005C0184FEA153141F1B8
:10CD300000010023FBF76AFB144B154E18601548E1
:10CD4000FFF7D4FF4042C6F8DC0049F65800FFF771
:10CD5000CDFFC6F8A8001048FEF7E4FE024660B119
:10CD6000E301500818184FEA15714FF0000341F124
:10CD70000001FBF74BFBC6F8B40070BD000002B821
:10CD8000B091002065CD1D00B2E60E004492002057
:10CD9000003F00B07011010040420F0048B14FF455
:10CDA0007A72054BDB6802FB0030A0F5FA50FFF702
:10CDB0009DBF47F23050FAE73492002010B5044688
:10CDC00098B10B4BD3F8FC00FFF732FF4FF47A73A6
:10CDD00003FB04F0074BA0F6AC50DA689B681044E4
:10CDE000C01ABDE81040FFF781BF4AF6C870F8E7E7
:10CDF000004F00B034920020F8B5044608461546AE
:10CE00001E46FFF715FF9CB106F0020716F0040658
:10CE10000FD16FB14FF47A7063685843002B4BD138
:10CE2000FFF764FF28636069FFF7B8FFE8623EBB65
:10CE3000F8BD2069002839D04FF47A735843254B48
:10CE4000A0F6AC509B68C01AFFF750FFA862A08BF9
:10CE500078B34FF47A7358431E4BA0F6AC509B68DE
:10CE6000C01AFFF743FFE8612A461A49E068FFF756
:10CE7000FDFE0021A069FFF7A1FF6863002FC9D163
:10CE8000A06800BB47F23050FFF730FF68614FF4F5
:10CE90007A70236858432BB10E4B1B6803F51C5363
:10CEA00010331844FFF722FFA861C1E74AF6C870A3
:10CEB000CAE74AF6C870D4E7064B1B6803F51C5353
:10CEC00010331844ACE74FF47A735843A0F5FA5086
:10CED000DAE700BF3492002070B588B06D46194C77
:10CEE0000FCC0FC594E80F0085E80F00FC2200214D
:10CEF000154802F077FDAC220021144802F072FDC3
:10CF000020220021124802F06DFD03F095FB114B29
:10CF10001B783BB16D460B4E0FCD0FC695E80F0049
:10CF200084E80F000C4A0D4B1068516803C39068E9
:10CF30000B4A18600B4BD3F87831C3F38243536626
:10CF400008B070BDE03F00B0583E00B0543F00B0A4
:10CF5000E04F00B083920020E22B0108B03E00B009
:10CF6000003F00B0000002B808B503F0A0FC0E4B73
:10CF70001A78A2B90D4A126812F4843F0FD10C4AF4
:10CF8000102111651B7863B9084B1B68DB0508D4B9
:10CF9000074B20221A65BDE8084003F083BC054A10
:10CFA000EEE7044BF5E700BF99920020380A002015
:10CFB000002002B8001002B80A4B197801F0FF02F5
:10CFC00029B10021197008499202C1F80821597845
:10CFD00001F0FF0229B1002159709302024AC2F800
:10CFE0000C31704794920020005000B8064BD3F8E3
:10CFF000F00E064B9B6C1A0103D4054B9B6E1B0471
:10D0000001D500F580707047003000B0000002B814
:10D01000004000B810B503F04AFC0E21044603207E
:10D02000FFF73CF840F20122034B2046BDE81040D8
:10D03000DA6203F037BC00BF004000B8064B0020A6
:10D040001B6893F82430DB0902BF0322034BC3F8AB
:10D050005022FCF781BC00BF5C8F0020006001B84B
:10D0600038B503F024FC4FF08043244C0546C4F847
:10D070008030BFF34F8FBFF36F8F4FF00043C4F882
:10D080008030BFF34F8FBFF36F8F0123C4F884301C
:10D09000BFF34F8FBFF36F8F0223C4F88430BFF309
:10D0A0004F8FBFF36F8F0423C4F88430BFF34F8FCB
:10D0B000BFF36F8FFFF786FB0823C4F88430BFF3FC
:10D0C0004F8FBFF36F8F1023C4F88430BFF34F8F9F
:10D0D000BFF36F8F2023C4F88430BFF34F8FBFF3AB
:10D0E0006F8F8023C4F88430BFF34F8FBFF36F8FEF
:10D0F0002846BDE8384003F0D5BB00BF00E100E0A2
:10D1000038B503F0D4FB05464FF080430B4C236049
:10D110004FF0004323600223636004236360FFF742
:10D1200049FB08236360102363602023636080232E
:10D1300063602846BDE8384003F0B4BB00E100E07E
:10D14000012370B5074C2370074B1E68074B324014
:10D15000D3E9005319402840FDF730F9002323702C
:10D1600070BD00BF979200204C920020380A00202A
:10D170000022044B1A70044B197811B11A70FFF792
:10D18000F3BE704798920020999200202DE9F04755
:10D19000DDF820A003EA0108099B06460D4602EAD5
:10D1A000000703EA0A09BAF1000F40F04F81031F9C
:10D1B0000B4300F00F81052871F1000380F0E5803A
:10D1C00050EA010300F07581431E0B4300F02581F6
:10D1D000FFF746FFB84AD2E9004323EA050324EAF1
:10D1E00006043C4343EA0807B44BC2E900471E6803
:10D1F00026EA0A0646EA09061E60FFF7B5FE14F0A5
:10D200002A4F14BF48F202034FF40043AC4AB00760
:10D21000D26EAC4848BF43F4005383EA020122EACD
:10D220000302C266A84A0B408166D366C4F38042FB
:10D230001203210348BF42F48072E30648BF42F460
:10D240000052A24BA50648BF42F40072600648BFD8
:10D2500042F480622106D96848BF42F4006282EA43
:10D26000010323F080539A4819401A40C16083603B
:10D27000984B17F4007FDA60974B07F4007200F0C8
:10D28000048101224FF4802583F88820E30448BFFD
:10D2900045F48035A00348BF45F48015A10748BF79
:10D2A00045F4001514F4001FDFF8688206D0D8F8A2
:10D2B000000003F0D1F908B945F40025E20248BFA7
:10D2C00045F40035FB06854B48BF45F480051A6AD6
:10D2D000834985EA020323F001031A400A621D40D4
:10D2E000CB61804B16F0010F1D627F4B7F4A18BF48
:10D2F0001A467F4B7D071B6F48BF42F000627D4896
:10D3000082EA030123EA020303677B4B0A4041667A
:10D310001A677A4A04F00103D16CA0F5803081EAE3
:10D32000030221EA0301C16482641A40744B2002A3
:10D33000DA64D8F8002048BF724B92F8F62058BF44
:10D34000714B610748BF43F4806322B114F4C06F8E
:10D3500018BF43F4807332074FF03A42BDE8F047FC
:10D36000D2F8181148BF43F0004383EA010222F4C7
:10D37000A02266481140C0F818111340C0F81421CB
:10D38000634AC2F81831FFF7BBBEA0F580630B43B8
:10D3900006D020F48063A3F500730B437FF418AF2D
:10D3A00003F085FA4449D1E9003223EA060322EA70
:10D3B000050242EA08023B43C1E90032554A1268BD
:10D3C00092F8F610514A09B313F4C06F1ED04FF40F
:10D3D000807311E003F06BFA374AD2E9003123F091
:10D3E00004033B4341EA080157EA0807C2E9003158
:10D3F0004FF48063454A0BD0C2F81431A2F5805235
:10D40000C2F81831BDE8F04703F04CBA4FF480730E
:10D41000C2F81831C2F81431F4E703F048FA264A8A
:10D42000D2E9003123F001033B4341EA0801C2E99C
:10D4300000310123384A57EA08071BBF9364A2F55D
:10D440008052D364D36408BF9364DBE750EA0103DE
:10D450007FF4BEAEBAF1010F7FF4BAAE03F027FA43
:10D46000164A136823F0010343EA090313604FF4DB
:10D470000053204AB9F1000F04D05366A2F5805240
:10D480001367BFE713675366BCE793F8881071B161
:10D4900083F88820214BD3F8A41003F50053C3F878
:10D4A000A410C3F8A0104FF05023C3F8A420002507
:10D4B000ECE6BDE8F08700BF380A00204C9200205F
:10D4C000004000B8006000B8005000B8004001B84B
:10D4D000006001B8005001B8003F00B0000002B881
:10D4E000002002B8001002B804380003041800033A
:10D4F00000C001B800E001B800D001B800C000B819
:10D5000000D000B80D0A0A09090A0A09002000BA69
:10D51000001000BA5C8F002000E000B8004000500E
:10D52000024B5868C0F3C000704700BF380A0020A3
:10D53000024B186800F00100704700BF380A002055
:10D54000024B5868C0F3C030704700BF380A002053
:10D55000034B1B6813F4C06F14BF012000207047F9
:10D56000380A002010B50446FEF7B8FCFFF778FD36
:10D570002046FDF735FBFEF73BFCFEF7FFF9FEF713
:10D5800071FAFFF7C7FB13490723134AD1F8FC10C0
:10D5900004F1F800FFF730FC4FF080710020FEF737
:10D5A000E1FA4FF000720D4B4FF400110120C3F867
:10D5B0000021FEF7D7FAFFF7E1F820B940F29232E6
:10D5C0001421FCF745F803F035F8BDE810400120C0
:10D5D000FEF70EB9004F00B0A43F00B000D001B874
:10D5E0008023074A5364082340B15364054AD2F8A4
:10D5F000C03E23F02003C2F8C03E7047024AF4E761
:10D60000001002B8003000B0002002B810B503F0DE
:10D610004EF9012104460020FFF7E2FF044B196197
:10D62000044B5B6898472046BDE8104003F03AB9C8
:10D63000000002B860940020F8B5194C0546207827
:10D6400040F2E442B0FA80F03E214009FCF700F8D5
:10D6500055B9607840F2E442BDE8F840B0FA80F095
:10D660003E214009FBF7F4BF4FF440660D4F0E4DCD
:10D67000D7F8083140F2E442C3F381232370C5F8A0
:10D68000086160783E21B0FA80F04009FBF7E0FFC6
:10D69000D7F80C31C3F381236370C5F80C61F8BD72
:10D6A00094920020004000B8006000B8F8B5084C23
:10D6B000084D636C0423084F6B64636C5B0300D4F8
:10D6C000F8BD042602207E6402F033FF6E64F4E7A6
:10D6D000000002B8001002B8002002B8A82238B535
:10D6E0001A4B5D6C03F500535A6410229A60A3F53F
:10D6F000804302F100521A675A66FFF75DFC144B33
:10D700001B7813B90320FEF7BBF90024114B9C676B
:10D71000FFF7CCFF104A114BD2F8F01E0B40C2F8B5
:10D72000F03E04220E4B5A640E4BAA06C3F8C840C2
:10D7300008D503F580739B6FB3F5817F22BF8022EC
:10D74000024B1A61BDE83840FCF738BF000002B850
:10D750009692002000C001B8003000B0DF0000FF4A
:10D76000002002B8003E00B010B551B920B3154BEF
:10D77000DB681B0E13F00E0F1ED1134B1B6CD90769
:10D780001AD4FFF747FC0F4C0020FEF7EBFC0328F0
:10D7900001D0092805D1A36ADA07F5D4A36CDB030D
:10D7A000F2D4FFF783FF0122084B5A6102229A62EA
:10D7B000042203F580535A644FF4C062044B9A6507
:10D7C00010BD00BF000002B800C002B8001002B8CF
:10D7D000006001B808B503210920FEF75FFC202294
:10D7E000014B1A6108BD00BF000002B80D4A10B518
:10D7F000D2F8A030D2F8A4100B40B3F1804F0CD374
:10D800004FF040400849094CC1F8A400D467C1F862
:10D81000A0004FF48021064AD161034AC2F8A0302B
:10D8200010BD00BF00400050006000500000FF012C
:10D83000001002B838B5054603F039F80E4B04461F
:10D840001868FDF7F9FA35B1FFF792FC2046BDE8FC
:10D85000384003F027B8094B1B78002BF6D0084B53
:10D860001D78002DF2D1FFF783FC2A464FF480404B
:10D870000021FFF765FCE9E75C8F0020989200200B
:10D88000979200202DE9F84F594B06460D46144655
:10D890005B6C002A40F0A98013F0A00F14BF4FF07A
:10D8A00001094FF00009FCF789FEA0234FF0000AA0
:10D8B000DFF858810320C8F84430FEF7E1F804206F
:10D8C000FEF7DEF84B4FFFF753FC4B4B4FF0040BCA
:10D8D0007B67C7F878A0FFF7E9FE484B4FF48071EB
:10D8E000D3F8C02E42F02002C3F8C02EFF22C8F8A1
:10D8F00008203F4A1161D3F8F02E41491140C3F886
:10D90000F01EC8F844B0C3F8C8AE7B6913F0060F28
:10D9100004D0FEF733F95846FEF7B2F8B9F1000F1C
:10D9200008D04FF40062374B5A644FF40042A3F51D
:10D93000E0339A6666B1344BDB6C180701D4FFF70D
:10D9400069FBFFF747FF0420FEF79AF8FFF734FB67
:10D95000274B5A69D10746D5DA6812F0706FFBD1B0
:10D960002A4B2B4A5A642B4A936E23F0F00393669A
:10D9700015B12046FFF75EFF274BD3F84C315A1CF8
:10D9800001D05B0002D50122204B5A615CB31E4BD3
:10D99000DA6E03F500539A6603F5D0331B6A1B4A0F
:10D9A00023F00103D3611D4BD96803F5005399603F
:10D9B00003F50053D3F8841003F5005399674FF033
:10D9C0003A43D3F8181103F50053C3F81411144B5C
:10D9D000D96C03F500539964124903F580335966F5
:10D9E0004FF608435364BDE8F88F4FF000095AE73B
:10D9F000000002B800C001B800000101003000B012
:10DA0000DF0000FF001002B8004000B8002002B89C
:10DA100010003000003F00B00080E00F004001B86F
:10DA200000C000B85000002F9E4B2DE9F04F9A6EB9
:10DA3000DB6E85B002EA03089B4BC3F868804FF0A9
:10DA40003A43D3F81461D3F818311E40974BC3F80A
:10DA50001461974B9A68DB6802EA030A954BC3F896
:10DA600008A003F52043DA691B6A02EA0309924B16
:10DA700009F47702DA61914BD3F80422110706D436
:10DA8000D3F804311A07C3F3C00740F1E98002F06C
:10DA90000EFF8B4B5A695F6E1B6F12F0060F07EA81
:10DAA0000307884A27F0007323F4006314BF4FF084
:10DAB000010B4FF0000B53667B0706D5824A92F8A4
:10DAC0006D300133DBB282F86D3002F0EBFEB8F15D
:10DAD000000F00F0E38018F400442BD002F0E7FEC2
:10DAE0000146FFF783FA0446784B1D682A682B68C5
:10DAF0009A42FCD02A689A42FCD0FFF777FAA042FB
:10DB000040F0B080084602F0CDFE714B1C60714BB6
:10DB10005D6C15F4E05240F0A78024F07F4424F0BF
:10DB2000DF040CB9FFF7DAFD6B4B01201B68984747
:10DB30004FF0807418F0020F4FF0000514D0654BC1
:10DB40005D495B6C03F460424A64002A00F0A080E7
:10DB50001D0400F1A08013F4005F0CBF4FF00053D0
:10DB60004FF0006300251C43C8F340384FEA4808D3
:10DB70005A4B3340002B4BD016F4206F0AD040F69E
:10DB8000A31206210020FBF763FD0020FFF752FEE1
:10DB900026F48026F00506D5FF22474B44F4C064E6
:10DBA0009A60FFF737FA16F0090F0BD040F6B8125B
:10DBB00008210020FBF74CFDFFF70CFE4FF03A4325
:10DBC00001225A6316F0106F0CD040F6C1120921E1
:10DBD0000020FBF73DFDFFF7FDFD0022114610463A
:10DBE000FDF7FEF816F4202F0AD040F6C9120721DF
:10DBF0000020FBF72DFD0020FFF71CFE26F48026F9
:10DC0000F10301D5FDF736FA002EB8BF48F0080839
:10DC100072070ED54FF03A431B6B13F4005F4FF4BD
:10DC2000005317BF214A2E4A136344F4000408BF6F
:10DC30001363730548BF44F0040416F48023019372
:10DC400000F0B780FDF7CEF9013806284AD8DFE8A2
:10DC500010F03B013E013B014101440147014701F6
:10DC6000BB4634E7044641E70192FFF737FD124B0C
:10DC7000019A5A6415F4805307D115F4806F0CBFD4
:10DC80004FF080544FF0806454E74FF0804451E7E8
:10DC90004FF0007366E74FF0004363E744464546A4
:10DCA00066E700BF004000B8006000B8002000BA7E
:10DCB000004001B8006001B8002002B800E100E0B7
:10DCC00000C001B800E001B8003E00B048290108DA
:10DCD00048920020000002B874940020090B0B89C0
:10DCE000001000BA40F6FA1203210020FBF7B0FC46
:10DCF0004FF03A420121D2F88C30D2F8AC0003F058
:10DD00000703063301FA03F3C0F30C001B1A9BB29E
:10DD1000072B12D97E4B5B6C58020ED47D48D36C16
:10DD2000D26E406D58B103F0070306339940C2F339
:10DD30000C03C91A89B2072901D844F40074764B40
:10DD40001B78002B35D04FF03A43D3F8143113F43D
:10DD5000A02F2ED1714B724A1B7893B9FB0410D4BB
:10DD6000137873B1E3086F4943EA457383F0010305
:10DD7000D1F8F01E03F001035B0021FA03F39807CA
:10DD800017D10420FDF77CFE674B68495967FFF700
:10DD9000EFF9634A137843B9654B1B782BB1654B98
:10DDA000654A1B682340134201D144F4804427F4A0
:10DDB0008057BAF1000F27D01AF4805F18BF44F4DF
:10DDC00080241AF4807F18BF44F400241AF4005F02
:10DDD00018BF44F010041AF4007F18BF44F0200468
:10DDE0001AF4806F18BF44F040041AF4006F18BF93
:10DDF00044F080041AF0805F06D0504B0021186870
:10DE000045F48055FCF742FDB9F1000F3ED019F4FE
:10DE1000802F18BF45F4007519F4803F05D0484B9A
:10DE200003201B6844F48054984719F4801F18BFDE
:10DE300044F4003419F4001F18BF44F0020419F42C
:10DE4000003F18BF44F4801419F4800F18BF45F048
:10DE5000100519F4002F19D0324BD3F8C03E13F03F
:10DE6000C00F13D02A4AD368C3F30363032B01D036
:10DE7000072B05D1936CD90602D4D36C1A0736D57B
:10DE80004FF400222F4B29F40029DA61002F00F013
:10DE900019813B0540F190802B49DFF88CA0CB78AD
:10DEA0002A4A002B58D04FF40060013BDBB2506689
:10DEB000CB7033B9264B1B78E3B140F60142254BBA
:10DEC0005A670023002275E044F4803410E744F4DC
:10DED00000640DE744F480640AE744F4807407E7C3
:10DEE000174B02201B6844F00804984700E744F4ED
:10DEF0000014CBE7DAF8783013F4A05F15BF4FF4C5
:10DF0000807340F60143CAF85830CAF87830D8E731
:10DF1000000002B8004000B89992002098920020BA
:10DF20009B920020003000B000C001B80000010149
:10DF30009A920020380A0020088D01005C8F002092
:10DF400074940020002002B88892002000E001B8FC
:10DF50009692002000D001B80320FDF791FDDAF879
:10DF60001430AA4813F0060F04BF41F61F73A84AE5
:10DF7000A84908BF53674FF40062A54B5A66DAF808
:10DF8000143013F0060308BFCAF87830B0F86A30CE
:10DF900013F400625CD023F40063A0F86A300B78BD
:10DFA00003F0FF0A002B57D1FDF7E8FDFFF796FBC2
:10DFB000534620221C431543B80009D52E20FDF7F7
:10DFC000D1FC4FF00052924B45F008051A675A6693
:10DFD000F90606D52B20FDF7C5FC10228C4B1A67DD
:10DFE0005A6617F0306F05D1FA045FD5BBF1000F08
:10DFF00000F0B4803B0111D52920FDF7B3FCFFF7F9
:10E000008FFA48B1844B8549814A53660B6701F505
:10E010004051C968480422D445F0040517F0007B3C
:10E0200028D00420FDF72CFD2720FDF79BFCFFF7EF
:10E0300055FB4FF00072764B5A66794BD3F8F02EB1
:10E04000520674D40222774B9A6045F0020528E00C
:10E050000B784FF40053ADE74FF4004332E71367FA
:10E0600020205366FDF77EFC2D2045F00C05FDF7C2
:10E0700079FCD3E717F0807FDFF8ACA142D0042011
:10E08000FDF7FEFC2820FDF76DFCDAF87830002B58
:10E0900035D1FFF723FB5E4B5F4A45F001051A6758
:10E0A0005A66FEF7CBFF00225F4B9A65BB0409D589
:10E0B0005E4A5379002B00F0A480013B537100238A
:10E0C00048EA0308424620462946FFF739F8019BF3
:10E0D0000BB1FCF7BDFF4FF00042554B06F0043684
:10E0E000C3F81461534B19F4002FC3F880211EBFED
:10E0F0004FF400224B4BDA6105B0BDE8F08FCAF84F
:10E1000078B0C8E7F904CED50420FDF7B9FC4A4B36
:10E11000CAF87430FDF732FDDAF8643013F0407F4E
:10E12000C1D12A20FDF71EFCFFF7D8FA85E7D3F806
:10E13000C03E9B0689D40222404B9A60404B1B682C
:10E1400093F82530980780D5304B93F8DC30002BBE
:10E150003FF47BAF80223B4B1A6176E7334A137959
:10E160004BB1013BDBB2137113B92C4B364A5A67E2
:10E1700000231C439AE70420FDF782FC0320FDF7EF
:10E180007FFC294B2C4A5A6702F091FB82460DF125
:10E190000F00FDF7E7FF2D4B83461B780BB1FEF711
:10E1A00039FFBBF1030F0ED1DFF898B00020FDF767
:10E1B000D9FF032807D1DBF82830D907F6D4DBF8DC
:10E1C0004830DA03F2D49DF80F30032B06D1012238
:10E1D0001F4B50461A7002F065FBC9E74FF03A43F7
:10E1E000D3F8143113F4A02FF1D1FEF7C1FF50463C
:10E1F00002F058FB174B03201B6898474FF48043ED
:10E20000B7E70520FDF73CFC012359E7003E00B0CD
:10E2100000E001B8969200201000002000D001B864
:10E22000003000B0002002B800C001B88892002081
:10E23000002000BA00E100E000000101001002B877
:10E240005C8F0020000002B80000010D9C920020AD
:10E2500098920020749400200122024B1A62DA6125
:10E26000704700BF002002B8094A08B5D369116A97
:10E270000B40084923F47F00DB07C86106D5D1684D
:10E280004FF0FF30C1F3036102F0DFF908BD00BFBA
:10E29000000002B8002002B80C4A08B5936CD26C9A
:10E2A00013400B4A9364DB070FD50A4B40F66342D9
:10E2B0001878122100F00100FBF7CAF9BDE8084008
:10E2C000002201200021FEF73BBF08BD00C000B8BE
:10E2D00000E000B8380A002070B5154D2C6C6B6C4E
:10E2E0001C40144B24F002021A64E20705D540F6E4
:10E2F000CA4200202968FBF7ABF9A30716D5022212
:10E300000C4B1A640C4A6B6814687CB1DBB2042BAA
:10E3100007D100220121094B18682346BDE870404F
:10E320001847052B02D100221146F4E770BD00BF4B
:10E330000080095000A00950849100205C8F0020CB
:10E3400038B50B4C0B4DD4F88430DB0706D4A36FE3
:10E35000D4F884201340084A936738BDD5F80431B7
:10E360005A06F0D5FFF7B8FF4023C5F88431EAE735
:10E37000008001B800E100E000A001B8034BD3F831
:10E38000C03E99430CBF012000207047003000B010
:10E39000174BD3F8C02E12F0010312D0154B93F88F
:10E3A0004C30154A43F08073C2F8D0304FF48013DC
:10E3B00002F50052C2F8B430A2F58052C2F8B8306B
:10E3C00070471106EDD40D4B93F84B1121B1D206D5
:10E3D00002D593F84831E4E74FF480120020084B4F
:10E3E0000549C3F8B820C1F8D000C3F8B42070477D
:10E3F000003000B0003F00B0004000B8003E00B068
:10E40000006000B800230360704700E0184603680E
:10E41000002BFBD10B60016070470346006818B108
:10E4200002681A60002303607047FEE704E050F8BA
:10E43000042B41F8042B1A46531E002AF7D17047CB
:10E4400000B589B084460E9807900D9806909DF807
:10E45000300005900B9804909DF828000390002050
:10E460000290019300920B4662460121F2F7DCFC18
:10E4700009B05DF804FB10B588B00F9C07940E9CA2
:10E4800006949DF8344005940C9C04949DF82C400F
:10E4900003940A9C0294019300920B4602460121C8
:10E4A0000846F2F7C1FC08B010BD70B505460E462F
:10E4B000144602F0FCF92B685C4034405C402C6050
:10E4C00002F0F0F970BD30B583B005460C4600236C
:10E4D00001934FF0E0231B6913F0040F0CD002F0FE
:10E4E000E3F801900D2300930DB1019B2B600CB15B
:10E4F000009B236003B030BD694601A8F3F710F814
:10E50000F2E708B502F0E2F80021F3F733FA08BDAC
:10E5100010B582B0002301930093B0F5807F00F224
:10E520000781B0F5807F00F26181DFE810F04C01D7
:10E530005F015F015F015F015F015F015F015F01DB
:10E540005F015F015F015F015F015F015F015F01CB
:10E550005F015F015F015F015F015F015F015F01BB
:10E560005F015F015F015F015F015F015F014C01BE
:10E570007C014C017C01940194019401940194016B
:10E580007C019E013D012301A8013D017C017C012C
:10E590007C015F015F015F015F015F015F015F015E
:10E5A0005F017C017C017C016801B2017C015F019B
:10E5B0005F015F015F015F015F015F015F015F015B
:10E5C0005F015F015F015F0194014C014C014C014F
:10E5D000AD013D013D01B7017301560199015F0194
:10E5E0005F015F015F015F0113014C015F015F018A
:10E5F0005F015F015F015F015F015F015F015F011B
:10E600005F015F015F015F015F015F015F015F010A
:10E610005F015F015F015F015F015F015F015F01FA
:10E620005F015F015F015F015F015F015F017801D1
:10E630005F015F015F015F015F015F015F015F01DA
:10E640005F015F015F015F015F015F015F015F01CA
:10E650005F015F015F015F015F015F015F015F01BA
:10E660005F015F015F015F015F015F015F015F01AA
:10E670005F015F015F015F015F015F015F015F019A
:10E680005F015F015F015F015F015F015F015F018A
:10E690005F015F015F015F015F015F015F015F017A
:10E6A0005F015F015F015F015F015F015F015F016A
:10E6B0005F015F015F015F015F015F015F015F015A
:10E6C0005F015F015F015F015F015F015F015F014A
:10E6D0005F015F015F015F015F015F015F015F013A
:10E6E0005F015F015F015F015F015F015F015F012A
:10E6F0005F015F015F015F015F015F015F015F011A
:10E700005F015F015F015F015F015F015F015F0109
:10E710005F015F015F015F015F015F015F015F01F9
:10E720005F015F015F015F015F015F015F01A301A5
:10E73000B0F5D06F00F0A38011D9B0F5106F00F0E4
:10E74000A3804FD9B0F5406F00F08A805CD9B0F556
:10E75000486F4BD1002101A8F2F73AFF46E0B0F52F
:10E76000607F6BD00BD9B0F5B06F7ED02FD9B0F5EC
:10E77000C06F3BD1002101A8F2F7D2FE36E0B0F520
:10E78000007F0AD101F070FF04464FF40070F3F7E8
:10E79000C3F8B4FBF0F4019428E011D9B0F5207F60
:10E7A00041D0B0F5407F21D101F07EFF04464FF407
:10E7B0002070F3F7B1F8B4FBF0F46408019415E0AD
:10E7C000B0F5C07F12D101F06FFF01900EE0B0F5FF
:10E7D000806F40D0B0F5A06F08D1002101A8F2F7FA
:10E7E00091FD03E0B0F5086F5DD002D9019802B049
:10E7F00010BDB0F5E06F4CD0B0F5F06FF6D1002150
:10E8000001A8F2F739FFF1E7B0F5206F46D0B0F577
:10E81000286FEBD1002101A8F2F70CFFE6E701F029
:10E8200023FF0190E2E701F03FFF04464FF4207020
:10E83000F3F772F8B4FBF0F40194D7E700216846CF
:10E84000F2F7F0FD009C4FF46070F3F765F8B4FB4D
:10E85000F0F40194CAE7002101A8F2F72DFEC5E704
:10E86000002101A8F2F71CFDC0E7002101A8F2F782
:10E87000ABFFBBE7002101A8FFF725FEB6E70021AB
:10E8800001A8F2F7F1FFB1E7002101A8F3F718F8AA
:10E89000ACE7002101A8F2F7C1FFA7E7002101A81A
:10E8A000F2F764FEA2E7002101A8F2F7DFFD9DE781
:10E8B00008B5002903DD0121F3F75CF808BD00214C
:10E8C000F3F758F8FAE708B502214FF42070F3F790
:10E8D000ADFB08BD7047436813F0010F19D0836882
:10E8E00013F0010F03D0036913F0010F09D00A23BD
:10E8F0008363436D13F0500FFBD1836C13F0030F50
:10E90000FBD100F5005301225A60436813F0020F57
:10E91000FBD1704708B5F9B10A4600F580530121D3
:10E92000596002F00F01436DC3F30B03002BFAD1C2
:10E930008163436D13F07803FBD112F0010F00D017
:10E94000012312F0040F01D043F00203826C02F0A5
:10E9500003029A42FAD108BDFFF7BDFFFBE7836CC3
:10E9600013F0400FFBD04164704708B500231A46EE
:10E97000F4F7DCFA08BD08B500231A46F4F7D6FA16
:10E9800008BD70B505460E46144601F090FF2B6891
:10E990005C4034405C402C6001F084FF70BD036B30
:10E9A00013F0010F03D0036913F0400FF7D1704744
:10E9B00038B505460C46FFF7F2FF05F50053012276
:10E9C0001A632B6B13F00203FBD1618822791202C8
:10E9D00042EA8142A17A0A43617800293CD0402171
:10E9E0000A43E17A002939D080210A43217B00299A
:10E9F00036D020210A43617B002933D010210A43FD
:10EA0000A17B89B308210A43E17B79B34FF400610C
:10EA10000A43A17961B34FF480310A43E17949B3E4
:10EA20004FF400310A436A6005F5805201211163F9
:10EA300022780AB90222EA6000226A62217A627AA6
:10EA400042EA8102617901B110231343AB6023785C
:10EA50000BB10123EB6038BD1946C1E71946C4E785
:10EA60001946C7E71946CAE71946CCE71946CFE762
:10EA70001946D2E71946D5E7F8B505460F461646BA
:10EA8000FFF78DFF05F5005301221A632C6B14F07C
:10EA90000204FBD1B379F2796AB34FF480121343C5
:10EAA000727A52B310221343F27A43EAC243FA1C39
:10EAB0005201AB50337A13BBFB1C5B01EA58EA509E
:10EAC00005F5805301221A63327873781B0643EAF6
:10EAD0008263F27843EA0233327943EA822372791D
:10EAE00043EA0223B27A02B104242343033705EB3D
:10EAF00047156B60F8BD2246D1E72246D3E713469F
:10EB0000AA58317B42EA4142EA50337B013B18BFAD
:10EB10000123B27839462846F4F786FCD0E738B5A9
:10EB2000054614460B4631B1013B6400B3FBF4F3D8
:10EB30001B02EB6138BD4FF42070FFF7E9FC034680
:10EB4000F2E700F5805301225A60CB43934003F073
:10EB50000A034361416111B900F5005042607047FA
:10EB600038B505460C46F4F7F1FC05F58053012253
:10EB70005A60AA68238A43F00103A17B002934D09C
:10EB80004FF480610B431343AB60AB68227D002AD6
:10EB90002DD04FF000521343AB60A37C4BBB237BC3
:10EBA00043F48053EB60A26861682846FFF7B7FF23
:10EBB000637B0BB110236B61637D1BB1AB6843F4C6
:10EBC0008033AB60A37D1BB1AB6843F40043AB6003
:10EBD000E37D1B0703F0E043227E120502F4E0020E
:10EBE0001343AB6523786B6138BD0021CAE700226F
:10EBF000D1E7E17C2846F4F799FCD0E770B50446EC
:10EC00000E460D7800230B70FFF7AAFFB38B96F822
:10EC100020201343B27F7AB110221343F27F6AB1EE
:10EC20000822134396F8212052B10222134343F0E5
:10EC30000103636535B970BD0022EEE70022F0E7FD
:10EC40000022F3E729462046FFF77BFFF3E74369FD
:10EC5000002B11DB61B9436A13F0010FFBD100F502
:10EC6000005301225A60436813F0020FFBD1704732
:10EC700000F58050012343607047436813F0010F93
:10EC800000D1704710B5044601F01AFE636A13F014
:10EC9000010F01D10123E36001F00DFE10BD00233F
:10ECA0000362704738B505460C46436853B16B6A3A
:10ECB000002BFCD105F5005301225A606B6813F05C
:10ECC000020FFBD16378002B35D02023A278002AD5
:10ECD00033D001221343E2788AB30222134322790C
:10ECE0007AB30422134362796AB308221343A279E8
:10ECF0005AB310221343E2794AB34FF4007213431C
:10ED0000227A32B34FF480621343627B1AB34FF41A
:10ED100080721343E27A43EA0263227B43EA02737E
:10ED2000A27A43EA0243AB6021782846FFF78FFFBF
:10ED3000637A93B938BD0023C8E70022CAE70022EE
:10ED4000CCE70022CEE70022D0E70022D2E7002263
:10ED5000D5E70022D8E70022DBE72846FFF79FFF30
:10ED6000E8E770B505460E46144601F0A0FD2B6895
:10ED70005C4034405C402C6001F094FD70BD00B5F7
:10ED800000F0FC0E0022032A0DD8131803F0030331
:10ED9000734421FA03FC1CF0010F02D00132D2B2FD
:10EDA000F1E7184601E04FF0FF305DF804FB00206A
:10EDB000704708B5002101F0ECF8002008BD09B14A
:10EDC0002120704708B5FFF7F4FF08BD08B501F032
:10EDD000F3F908BD08B500F001F808BD0020704740
:10EDE00008B5F4F725FF08BD08B540B2F4F760FF99
:10EDF00008BD08B5F4F77EFF08BD08B5F4F76CFF51
:10EE000008BD08B5FFF7F0FF08BD70B50C46154604
:10EE1000034630B15E684EB12A4621461868B047B5
:10EE200070BDF4F7BFFF03460028F3D12320F7E7B6
:10EE30002DE9F04182B00E4617461C46054670B1DA
:10EE40008CB195B1D5F80C80B8F1000F0FD02346E6
:10EE50003A4631462868C04702B0BDE8F081F4F771
:10EE6000A1FF0546ECE701ACEBE72320F4E7232004
:10EE7000F2E700B583B08DF8071001220DF107010C
:10EE8000FFF7C3FF03B05DF804FB03280BD8DFE8EE
:10EE900000F0020D0407002070474FF480507047C7
:10EEA0004FF4405070474FF4805070474FF400507B
:10EEB0007047D0F8A0301B689A6C12F0800F03D016
:10EEC000DB6B0B70002070471B20704738B5044681
:10EED000D0F8A0301D68AB6C13F0400FFBD00023BE
:10EEE0001A4694F8A91094F8A800F4F755F90023ED
:10EEF0001A4694F8AB1094F8AA00F4F74DF994F878
:10EF0000B03013F0010F12D194F8B03013F0020FAB
:10EF100016D105F5005304221A6500212846FFF793
:10EF2000F9FCD4F8A40001F0DCFC002038BD00237B
:10EF30001A4694F8AD1094F8AC00F4F72DF9E3E715
:10EF400000231A4694F8AF1094F8AE00F4F724F9B1
:10EF5000DFE708B5D0F8A0301868FFF700FD002003
:10EF600008BD704700207047FEE74FF400534B6028
:10EF70000020704701207047012070474FF0FF309C
:10EF800070470020704700B583B00020019001ABAE
:10EF9000FFF74EFF019810B103B05DF804FB4FF08E
:10EFA000FF30F9E710B514460020FFF72EFF20468A
:10EFB00010BD80F89510704790F89500704710B517
:10EFC00082B004460DF10701007D01F001FC9DF8BF
:10EFD00007303BB1206DA26CE36C134483420BD02D
:10EFE00002B010BD237D03EB43031B0103F1A043DB
:10EFF00003F58023D86EEEE71046F1E710B504461E
:10F00000FFF7DDFF236D834201D2C01A10BDA26C51
:10F01000E16C0A44D01AF9E738B50446007DF2F7EE
:10F02000C3F82046F5F720F80546207DF2F7DCF816
:10F03000284638BDF8B50446FFF7EEFF00B1F8BD2D
:10F0400001F03EFC0646207DF2F7AEF82046FFF7C1
:10F05000B6FF451EA36CAB4202D9E56C013D1D44D1
:10F0600094F85470207DF2F7BFF8CFB92B46D4F84E
:10F0700098209A4212D01A78112A09D0132A07D060
:10F08000013BA26C9A42F2D9E36C013B1344EEE7D8
:10F09000112A14BF0022012284F89C20C4F8985041
:10F0A000304601F008FCCAE72DE9F84304460F4654
:10F0B000154690F8959000264FF0010802E094F86C
:10F0C0009C304BB9AE421FD294F89630002BF6D04C
:10F0D0002046FFF7AFFFF2E7B9F1000F02D03B780F
:10F0E0000A2B09D0236E5B68397820469847804602
:10F0F00050B901370136E5E7236E5B680D212046E4
:10F10000984780460028EDD04046BDE8F88308B512
:10F1100090F894301BB9FFF7C7FF002008BD0E2000
:10F12000FCE790F89430DBB170B504460D460B69EE
:10F13000B3F5006F16D801F0C3FB06466C6194F876
:10F140008C304BB1294604F19000FFF75EF9304650
:10F1500001F0B1FB002070BD2846F4F7A7FFF6E7E9
:10F160000E2070472120F6E730B583B0144692F8A0
:10F17000543033B1936D0BB1D06D9847002384F8B0
:10F18000543094F8963023B9002084F8540003B02A
:10F1900030BD2046F4F740FF0028F5D0236E5B68B1
:10F1A000132120469847002507E0112B14BF0023A8
:10F1B000012384F89C300135EDB20F2D0DD8236E5C
:10F1C0001B680DF107012046984730B99DF80730BC
:10F1D000112BEAD0132BEED1E7E72046F4F79AFF84
:10F1E000D2E72DE9F04F83B090464AB104460D4670
:10F1F000002966D0FFF710FF814628B14FF00008C4
:10F20000404603B0BDE8F08F2046FFF7F7FE4746C3
:10F21000804528BF074694F896A0BAF1000F48D061
:10F2200001F04EFB0190266D2046F4F7F5FE834673
:10F23000B846002211E00133C4F89830D14612E0FC
:10F2400008F1FF38B9F1000F05D0112B14BF0023CE
:10F25000012384F89C3001320136BA420BD2D4F833
:10F260009830B342E7D03378112BE9D0132BE7D095
:10F2700005F8013BEFE7D4F89810A26CE36C134457
:10F28000994213D0019801F016FB39462046F4F755
:10F29000F3FF94F89630002BB2D0BBF1000FAFD043
:10F2A000236E5B68112120469847A9E7C4F898208F
:10F2B000E8E73A46216D284600F09FFBB846D34662
:10F2C000E3E74FF000089BE72DE9F04180460F4649
:10F2D00016461D4600232B602968721A39444046A1
:10F2E000FFF77FFF034620B12C681C442C60B4421A
:10F2F000F2D32B6813B10020BDE8F0811B20FBE79F
:10F3000010B514465069002380F88C309030FFF718
:10F3100084F808B1F4F7CAFE63681BB1A268002143
:10F3200020469847002010BD50B138B5056801F05F
:10F33000C7FA0024AC65EC6501F0BDFA204638BD83
:10F340002220704738B5056895F894303BBB0446D9
:10F35000FFF7EAFFF4F726FD84421CD02B6E93F9E9
:10F360001000F4F7E9FC2B6E93F91000FFF741FD54
:10F37000287D01F00DFA287DF1F78EFEF1F766FE8B
:10F38000002323606360E3606361A3612B6EDB682D
:10F390002846984738BD0020F4F7F8FCDEE70F2038
:10F3A000F8E701F00303DB004FF0FF0C0CFA03FC5D
:10F3B00007290ED810B54FEA910E0EF10C0150F846
:10F3C00021409A40624002EA0C02624040F821204B
:10F3D00010BD704708B5F5F7B9F808B5FFF7FAFFA3
:10F3E00008BD7047704708B500F0E6F900F0E9F98C
:10F3F00000F0FEF900F0E9F900F0EDF908BD08B5FC
:10F40000F5F722F9FFF7EDFFF4F7A4FCF4F724FC7D
:10F41000FFF7E6FCF4F738FCF5F7BEF8FFF7E2FF7C
:10F4200000F006F800F0CCF9FFF7DDFF08BD7047EB
:10F4300008B500F0BDF900F0BCF900F0BBF900F030
:10F44000BAF9FFF7F4FF08BD08B500F0C5F900F000
:10F45000C4F900F0C3F900F0C2F908BD9A4200D225
:10F460008854704770470146002008E000EB800098
:10F47000531C0B60137803EB4003A3F130000A68C0
:10F480001378303BDBB2092BF0D970472DE9F04FF0
:10F4900083B005460E4693461F46DDF830A00D9C0E
:10F4A000DDF838900F9B13F0030F19D1A04601929D
:10F4B000C84509D202F1010B3B4631462020A8473E
:10F4C00008F101085A46F3E7DDF804B008E0013C12
:10F4D00002F101083B4631461AF80400A8474246AB
:10F4E000002CF4D10F9B13F0020F03D1104603B090
:10F4F000BDE8F08FA2EB0B034B45F7D2541C3B4603
:10F5000031462020A8472246F4E72DE9F04385B094
:10F5100099460C9D0D9C9DF83880DDF840E0119FC8
:10F52000129E16F0020F21D17FB116F0010F0CD000
:10F53000B8F1000F02D116F00C0F06D0013F04E025
:10F540004FF0300C05F804C00134744501D21F2C73
:10F55000F6D916F0010F09D0BC4207D21F2C05D8EE
:10F560004FF0300C05F804C00134F2E716F0100F2C
:10F5700014D016F4806F04D11CB1744522D0BC4263
:10F5800020D00F9B102B36D00F9B022B3ED01F2C70
:10F590000ED84FF0300C05F804C001341F2C07D8EA
:10F5A000B8F1000F3AD04FF02D0C05F804C001342B
:10F5B00003960297019400954B46FFF767FF05B04D
:10F5C000BDE8F083B4F1010C13D00F9B102B0ED0CB
:10F5D00064460F9B102BD7D116F0200FD4D01F2CD0
:10F5E000D2D84FF0580C05F804C00134CFE7023CE4
:10F5F000C7E76446C5E716F0200FEAD11F2CE8D80C
:10F600004FF0780C05F804C00134C0E71F2CCFD8A8
:10F610004FF0620C05F804C00134B8E716F0040F8F
:10F6200005D04FF02B0C05F804C00134C0E716F0EC
:10F63000080FBDD04FF0200C05F804C00134B7E727
:10F64000F0B591B0169C189D1B9E0CB926F01006C3
:10F6500016F4806E16D064B34FF0000E12E00CF179
:10F66000300C5FFA8CFC0EF101070EF1400EEE44F7
:10F670000EF820CCB4FBF5FCAC421BD31F2F19D8DD
:10F68000BE466446B4FBF5FC05FB1C4C5FFA8CFCE3
:10F69000BCF1090FE3D916F0200F08D04127BC4474
:10F6A0005FFA8CFCACF10A0C5FFA8CFCDBE761279B
:10F6B000F5E7274606961A9C0594199C0494039531
:10F6C0009DF85C400294019708AC0094FFF71DFF81
:10F6D00011B0F0BD2DE9F04F95B009900A910B9251
:10F6E0009846DDF878B0DDF87C90229D239F269E19
:10F6F0005BEA090201D126F0100616F480641ED0E0
:10F700005BEA09022FD0002419E03032D3B204F1B1
:10F71000010A04F150020DEB020404F8203C2A46D1
:10F720003B4658464946F8F771FEAB4579EB070969
:10F730001BD3BAF11F0F18D85446834689462A4670
:10F740003B4658464946F8F761FED2B2092ADCD951
:10F7500016F0200F05D041231344DBB20A3BDBB285
:10F76000D5E76123F8E74FF0000A0696259B05933D
:10F77000249B049303959DF880300293CDF804A058
:10F780000CAB009343460B9A0A990998FFF7BDFE0C
:10F7900015B0BDE8F08F00B9704708B500F001F86A
:10F7A00008BD08B501460020FFF763FB08BD7047A0
:10F7B000704770477047704708B5FFF70BFB08BDEF
:10F7C000704708B5F1F7EAF908BD08B5F4F77CF819
:10F7D00000F031F808BD70477047704770477047B8
:10F7E00008B500F00BF808BD08B5F5F789FB08BDB2
:10F7F00008B5FFF7F5FFFFF7F7FF08BD08B5F5F708
:10F80000A7FB08BDFEE708B5FFF7FCFF08BD704782
:10F8100008B5FFF7FCFF08BD704738B504460D4634
:10F82000F4F75CF829462046FFF7F6FF38BD08B527
:10F83000F5F740FB08BD08B5F5F708FC08BD08B5AD
:10F84000FFF7DDFDF5F7C6FAFFF7FEFDF5F7E6FA7F
:10F85000FAE712F0030C18D10023934217D210B527
:10F860000CF1010EC45C01F80E4003F1010E1FFA09
:10F870008EFE10F80EE001F80CE00CF1020C0433DF
:10F880009BB29342ECD3012010BD002070470120B1
:10F89000704708B5F7F72AF8F6F738F9F7F71EF8C2
:10F8A00008BD08B5F6F7B6FB08BD08B5F7F796FD35
:10F8B000F5F7A8FA08BD08B5F1F7A4F808BD0023CC
:10F8C00004E011F803C000F803C001339342F8D3F9
:10F8D0007047002301E0C15401339342FBD37047CA
:10F8E00008B5F6F765FD08BD704700B583B0002088
:10F8F000F5F70CFC4FF0FF324FF0FF33CDE900235A
:10F9000000F0ACFBF7F74CFDF7F75EFFF7F750FCA4
:10F9100003B05DF804FB70B5044616461D46F8F7C3
:10F9200063F832462B462046F7F7BCFC70BD08B59D
:10F930000020F5F7EBFB00F0DEFA022801D90120E8
:10F9400008BD0020FCE708B500F01DF8FFF7EFFF49
:10F9500000B108BDF7F7E4FBFBE738B505460C46F8
:10F960008A88896800F049F8E16831B16288A08826
:10F97000121A92B2284400F040F838BD08B50021B0
:10F98000F7F72CFE08BD08B5FFF7D1FF18B9F8F757
:10F9900005F8132803D9F7F7DDFE002008BDFFF7AF
:10F9A000EDFF0028F7D0F9E72DE9F8430746884630
:10F9B00014460026D4E90195B9F1010905D524685A
:10F9C000002CF7D13046BDE8F883AB89012B07D96D
:10F9D000B5F90E30013303D029463846C0470643F7
:10F9E0006835E9E702440346934200D1704703F8C3
:10F9F000011BF9E77047704770470A44431E914264
:10FA000000D1704710B511F8014B914203F8014F36
:10FA1000F9D110BD10F8012B11F8013B012A28BFC4
:10FA20009A42F7D0D01A7047062008B5F9F71EFBA6
:10FA30000120FFF799FA9368013B002B936010B403
:10FA400008DA9469A34201DB0A2903D15DF8044B6B
:10FA500000F07AB91368581C1060084619705DF8F8
:10FA6000044B7047F8B506460F461446D518AC420D
:10FA700001D1002007E03A4614F8011B3046FFF799
:10FA8000DAFF431CF3D1F8BD2DE9F047164698463E
:10FA90008A6807460B690C46DDF820909342B8BF90
:10FAA0001346336091F843200AB101333360236871
:10FAB000990642BF336802333360256815F00605A6
:10FAC00006D104F1190AE36832689B1AAB422BDCB9
:10FAD00094F843302268003B18BF0123920630D4CB
:10FAE00004F1430241463846C847013023D0236819
:10FAF0001A3454F80A2C03F00603042B0ABF54F8F6
:10FB00000E5C002533684FF0000608BFED1A54F86C
:10FB1000123C08BF25EAE5759342C4BF9B1AED1855
:10FB2000B5421AD1002008E001235246414638462A
:10FB3000C847013003D14FF0FF30BDE8F0870135F1
:10FB4000C1E7E1185A1C30200233224481F84300F7
:10FB500094F8451082F84310C2E70123224641463B
:10FB60003846C8470130E6D00136D9E7B1F90C2054
:10FB70002DE9F041170705460C4656D44B68002B7B
:10FB800002DC0B6C002B3DDDE66A002E3AD0002330
:10FB900012F480522F68216A2B6025D0626DA389F0
:10FBA000580705D56368D21A636B0BB1236CD21A60
:10FBB000216A0023E66A2846B047411C24D000236E
:10FBC000636023692360A389DA0400D56065616BF3
:10FBD0002F60B9B104F14403994202D02846F9F7E5
:10FBE00081FA002363630DE001232846B047461CD9
:10FBF0000246D4D12B68002BD1D01D2B01D0162B5F
:10FC00002AD12F6000202EE02A68B4F90C3042B1CE
:10FC10001D2A01D0162A21D10023636023692360A5
:10FC2000D5E7626022692260CEE70F69002FE9D034
:10FC300093070E680F600CBF4B690023A6EB070803
:10FC40008B60B8F1000FDDDD43463A46216A284655
:10FC5000A66AB047002808DCB4F90C3043F0400332
:10FC60004FF0FF30A381BDE8F0810744A8EB000806
:10FC7000E7E738B50B6905460C4613B90025284659
:10FC800038BD18B1036A0BB9F8F70CFEB4F90C30A3
:10FC9000002BF3D0626ED00704D4990502D4A06D76
:10FCA000FFF7A9FE28462146FFF760FF636E054671
:10FCB000DA07E4D4A3899B05E1D4A06DFFF79CFE8D
:10FCC000DDE710B50C46B1F90E10F9F7BDF90028C3
:10FCD000ABBF636DA3891B1823F48053ACBF63656E
:10FCE000A38110BD2DE9F0411F468B8905460C46C6
:10FCF000DB05164605D502230022B1F90E10F9F7EF
:10FD000091F9A3893246B4F90E10284623F48053A2
:10FD1000A3813B46BDE8F041F9F7D2B910B50C46D6
:10FD2000B1F90E10F9F77EF9431CA38915BF606580
:10FD300023F4805343F48053A38118BFA38110BDE3
:10FD4000B1F90E10F9F73CB9F8B50E461446054660
:10FD500018B1036A0BB9F8F7A5FDA369A360A389DD
:10FD60001A0701D5236943B921462846F9F7D2F885
:10FD700018B14FF0FF373846F8BD2368F6B2226954
:10FD80003746981A6369834205DC21462846FFF707
:10FD900070FF0028EDD1A368013BA36023685A1CC3
:10FDA00022601E70431C62699A4204D0A389DB075B
:10FDB000E1D50A2EDFD121462846FFF75AFF002859
:10FDC000D9D0D6E770B50C46B1F90E1096B01546ED
:10FDD00000291E460CDAA389002113F0800F14BFFE
:10FDE00040234FF48063002031602B6016B070BD5B
:10FDF0006A46F9F7F5F80028EDDB019901F4704146
:10FE0000A1F50053594259414FF48063EBE78B89C8
:10FE1000F7B59D0706460C4607D504F14703236056
:10FE200023610123636103B0F0BD01AB6A46FFF7B4
:10FE3000C9FF009F054630463946F8F7BBFE48B972
:10FE4000B4F90C309A05EED423F0030343F0020317
:10FE5000A381E2E7A389206043F08003A381019B93
:10FE6000C4E904075BB1B4F90E103046F9F7CAF8DB
:10FE700028B1A38923F0030343F00103A381A389DD
:10FE80001D43A581CFE71F2938B505460C4604D987
:10FE9000162303604FF0FF3038BDC26B12B152F829
:10FEA00021304BB9284600F016F822460146284674
:10FEB000BDE83840F9F7E2B8012B0AD0591C03D14C
:10FEC000162303600120E7E70021204642F82410B2
:10FED00098470020E0E7FFF74DB8C9B20346024457
:10FEE00010B59342184601D1002003E00478013395
:10FEF0008C42F6D110BDFAF7DFBC00F0A5BA70470E
:10FF0000431E012B03D9031F58425841704701205B
:10FF100070474FF4D8720021FFF764BD70B50446F6
:10FF2000FAF7E6FA0546A8B9A169F1B1238AD3B177
:10FF3000204604F1100200F053FA38BBE16919B30E
:10FF4000638AA3B1204604F1120200F01EFA78B1D0
:10FF5000054603E00023A3612361E36100232846F3
:10FF60006361236270BDA061E8E72082E6E7E36198
:10FF7000216A0029F2D0A28A002AEFD02046E38A23
:10FF8000BDE8704000F0C0B96182F1E76582E561CB
:10FF9000DEE7F9F713BC10B50C461146F9F734FC4F
:10FFA000FAF78AFC012801D1002010BD002CF7D1FE
:10FFB0000520FAE7F8B506460D46F9F729F9D8B94C
:10FFC0004FF6FF734FF0240CEF68C1B28F4208D890
:10FFD0001C4621463046F9F79DFA00F09AFA204671
:10FFE000F8BDAA680CFB0122D4899C4202D2002CE5
:10FFF000EFD023460130E8E70024F0E7C08D7047DA
:020000040801F1
:100000000A7838B505461046FFF77AFF60B14C789C
:100010002046FFF775FF38B12243530704D4284622
:10002000BDE83840F9F7C0BD212038BDFFF7E8BF73
:1000300010B504460878FFF763FF58B14A781046B8
:10004000FFF75EFF30B1042A04D02046BDE810401F
:10005000F9F7C8BD212010BDFFF7EABF00F0CCB80A
:1000600008B5F9F7CDF818B1BDE80840FCF7CABDEE
:1000700008BD70B5044600200E4600F046FAD4F8DC
:10008000F0503DB1002331462046AC46BDE87040FB
:100090001A4660472B46012231462046F9F7AAFE50
:1000A000284670BD38B5044648880D4600F02DFA44
:1000B000D4F8F0302BB929462046BDE83840F9F78E
:1000C000ABBD022038BD00F022BA00F0D2B8FBF779
:1000D00039BBD0F8F000003818BF0120704738B5A0
:1000E00004460D4600F0E3FB0023C4F89050C4F82A
:1000F0008C30BDE8384000F0D5BB38B505460C461D
:1001000000F0D5FBD5F890301C40D5F88C30234357
:10011000C5F88C3000F0C6FB211E18BF012100205D
:10012000490238BD13B50B7804468DF800308B7842
:100130008DF801304B788DF80430CB7869468DF816
:10014000053000F0ABF818B9204601A9F9F776FFA1
:1001500002B010BDFAF77AB83F2B10B502D80024D0
:10016000204610BDB3F5805F9BBF4FF00044B3FA4B
:1001700083F34FF48054DC4098BFA4B2A2421346EC
:1001800028BF2346224600F0BFF80028E7D1E7E762
:1001900000F0FBB8FAF78EBFFAF792BE0346408A2A
:1001A00018B1188A003818BF0120704700F0BAB99A
:1001B0000020704700207047013001D1FBF7C6BD19
:1001C000212070477047D0F8943003F06003402B33
:1001D0000DD0602B03D0203B58425841704749B1A5
:1001E0000B68012B06D9486940F00100704740F2C6
:1001F0000110704700207047F7B504461046D4E957
:1002000054C7DDE908268CEA020587EA06010540A5
:10021000194085EA0C057940C4E95451002523F4BE
:10022000004106EA010320F0010043F4007302409C
:1002300043F00203CDE90055FCF7A8FF94F8243001
:100240009A0713D5D4F854319B050FD54FF4881174
:100250002046FFF752FF94F82430024665F341032D
:1002600084F8243020460B46F9F796FA002003B0B4
:10027000F0BD0346D0F830010860B3F834310020F7
:100280008B80704790F830310C2B14BF90F82B0006
:10029000FF2070474FF48071FEF770B84A7810B5B0
:1002A000012A1AD80B78012B17D890F82540E407BB
:1002B00000D582B9012B10D00B88A0F8F4304B7810
:1002C00033B94FF03A4341F6FF721A63002010BD74
:1002D000F9F7FEF9FAE70E20F9E72120F7E738B53C
:1002E0004FF03A430546DC6A808AC4F30C04A0420E
:1002F00034BF0020012041F66A020821F9F7A8F96D
:10030000A88A001B80B238BD2DE9F041884618F05C
:10031000030706461546194633D1B2F5805F30D83B
:100320009A422ED33F2A28D9B2FA82F40122012020
:10033000C4F11F03DBB29A4092B2AA422CBFC4F1AF
:100340001904C4F11A04E2B2931DDBB2984080B2E2
:10035000A84214D096F8F530ABB9012096F82530B4
:1003600060F3000386F825304046FAF753FCC6F8E0
:100370002080B5823846BDE8F0813A46EAE70020A1
:10038000ECE72127F6E70E27F4E7F8B511F00306AE
:1003900007460D46144621D102B313883F2B1DD9C1
:1003A000B3FA83F3C3F11901C9B2062901D8192B95
:1003B00012D0062928BF062101238A1DD2B29340FC
:1003C0002846238000F08CF823883846FD617B8224
:1003D000FAF732FD3046F8BD3146EDE72126F9E760
:1003E00038B5148811F003054FEAC4041ED13F2C20
:1003F0001CD9B4FA84F4C4F11903DBB2052B01D87B
:10040000192C11D0052B28BF052301240633DBB29C
:1004100004FA03F3C3F3CF04148081610482438799
:10042000FAF70AFD284638BD2B46EEE72125F9E705
:1004300010B5144608460121FBF792FD2046BDE8A1
:1004400010400121FBF78CBD10B50023FAF7D6F858
:10045000044608B9FDF7DAF8204610BD8021FDF703
:100460008DBF10B50446F9F7C3F901462046BDE833
:100470001040F9F7C3B970472DE9F74F01251C4625
:100480009DF83030064601930368174603F00703D2
:1004900006339D4005F1FF380B46A1B1416804EADF
:1004A000080BA5EB0B0A41F00059524509EB0B0173
:1004B00014D952461846FFF7A0FA49467A1B5A4407
:1004C0005044FFF79AFA019B2BB13C4448EA0508D7
:1004D00004EA0804F46003B0BDE8F08F1846F0E7C2
:1004E0004FF03A4301225A6741F6FF72D96418650A
:1004F0001A67704737B5002514460095FFF7BCFF13
:10050000204603B030BDFAF797B9002070470020AD
:100510007047704710F0FD0F14BF4FF0FF30002000
:10052000C0B2704708B5FBF7D3FABDE80840FBF747
:10053000E7BA38B50446FFF7F5FF0546FFF7F2FFC7
:10054000431BA342FAD338BD08B521B19200FFF78F
:1005500054FA002008BD2120FCE700F06F43B3F1FE
:10056000804F02D0B3F1204F02D120F0704070478D
:1005700000F06043B3F1204F08BF20F08050704777
:100580000B0C23F48053B3F5284FF7B50D468FB20B
:10059000064699B216D04AF60103994214D04AF69B
:1005A0000203994212D0B1F5204F14BF0424032452
:1005B000D6F8E0300BB1196851B9D6F8DC3093B9F0
:1005C00028680EE00024F3E70124F1E70224EFE7B6
:1005D000234668463A46FBF719FBDDE90003002B8A
:1005E000EBD103B0F0BD19680029E9D02346684675
:1005F0003A46FBF70BFBDDE90003002BE0D1F0E707
:100600000204C0F3891307D56FEA83536FEA93534B
:1006100013F5007F18B206D0A3F1C8006FF4FF7382
:100620009842B8BF184670470020FCF749B801202F
:10063000FCF746B80E2070477047FDF7F5B9FDF797
:10064000F3B9FDF7F1B9FDF7EFB908B50846FDF7C5
:1006500003FE08BDFDF7E8B900207047014B18689C
:10066000704700BFB092002008B50B4B1B6F03F022
:100670000703013B032B09D8DFE803F00B02050950
:10068000FFF7ECFF04E0054B186801E0FEE70448C3
:1006900008BD0448FCE700BF00800050B89200206D
:1006A00080D54302002D310108B5FFF7DDFF054B72
:1006B0001B6FC3F303330133B0FBF3F0024B18603D
:1006C00008BD00BF00800050AC9200200048704779
:1006D00000B4C40400487047002D3101014B186874
:1006E000704700BFB89200200048704780D5430291
:1006F0001A4B4FF400225A664FF0B4439868C0F387
:1007000004400C2808D8DFE800F0090707070707AE
:1007100022181A071C1E2000002070474FF0B44317
:100720009B6803F04073B3F1807F12D0B3F1007F78
:1007300011D003B170470A4870470A4870470A4809
:1007400070470A4870470A4870470A4870470A4885
:1007500070470A4870470A48ECE700BF0090005015
:1007600000093D000024F400C0EA210180BA8C0198
:100770000048E801005A6202405DC60080841E0005
:1007800040420F00014B1868704700BFB492002030
:1007900008B50A4B1B7853B107280AD8084B03EB5E
:1007A00000131B7B3BB1F2F7E7FD002008BD0548B5
:1007B000FCE70548FAE70548F8E700BF6992002022
:1007C000C00C0020028000F0018000F0078000F0E3
:1007D0000C4B1B7873B110B50C4607280CD869B1C7
:1007E000094B03EB00131B7B53B1F2F7D7FD2070CD
:1007F000002010BD054870470548FAE70448F8E7AF
:100800000448F6E769920020C00C0020028000F046
:10081000018000F0078000F00C4B1B7873B110B51D
:100820000C4607280CD869B1094B03EB00131B7B5E
:1008300053B1F2F7CDFD2060002010BD0548704790
:100840000548FAE70448F8E70448F6E7699200200B
:10085000C00C0020028000F0018000F0078000F052
:10086000B8B1036803F03F00C3F3821213F4E07FD2
:1008700003D0012A0FD1094A00E0094A31B102F53B
:1008800080520123834013600020704702F500521C
:10089000F7E70E2070470E20704700BF68800050B9
:1008A0006480005010B962B6BFF36F8F7047EFF3EA
:1008B000108072B6704780F31188BFF36F8F704756
:1008C000EFF31180302383F3118870474FF4004019
:1008D00070474FF47A70704708B50121FFF7C0FFE9
:1008E00008BD08B50021FFF7BBFF08BD00000000F0
:1008F00000000000000000000000000000000000F8
:10090000F8B500BFF8BC08BC9E467047F8B500BFFC
:10091000F8BC08BC9E4670471E000003A0BB0D003B
:10092000C07A1000001F408240420F00C07A1000C1
:1009300020D613003A1F41A20000000020D6130069
:10094000905817003A1F42A200000000905817006C
:1009500040771B003A9F43B60000000040771B0021
:1009600070CE2000001F408180841E0070CE2000C9
:1009700040AC27003A1F41A10000000040AC270016
:10098000108A2E003A1F42A100000000108A2E009B
:1009900080EE36003A9F43B50000000080EE36003E
:1009A000E09C4100001F408000093D00E09C4100A8
:1009B00080584F003A1F41A00000000080584F00AF
:1009C00020145D003A1F42A00000000020145D00CA
:1009D000C0047700009F43B4C0CF6A00C004770012
:1009E000408995003A9F44B400000000408995007A
:1009F000C00DB4003A9F45B400000000C00DB40023
:100A000000BADB00009F66B4405DC60000BADB00A0
:100A100080730601009F67B40024F4008073060110
:100A200020992C01009F68A8C0EA210120992C017F
:100A3000C0286B013A9F89B800000000C0286B01F4
:100A400060EDB501009F8AB880BA8C0160EDB501F8
:100A500080011302009FABB80048E8018001130237
:100A600080138D02009FCCA880D5430280138D0295
:100A7000805A1303009FEDAC006CDC02805A130314
:100A800020289B03009FEEBC007E560320289B037A
:100A9000C0C95304009FEFBC0090D003C0C95304E9
:100AA00000B4C404009FF0CC00B4C40400020100F0
:100AB000000800B4E80A01080100000FC80A010894
:100AC000000000000000000006FF6CFFA1FFBCFF5B
:100AD000CDFFD8FFE0FFE6FFEAFFEEFFF0FFF3FFF8
:100AE000F4FFF6FFF7FFF7FFC800AEFEB400E8081A
:100AF0007F8DFBFF4E0002036349FFFF2C00AF0117
:100B0000EFE5FFFF1B00FF00E61A00001100A70041
:100B1000DA2800000A0062001528000006003B00E9
:100B2000A821000003000B00A10E00000126000018
:100B300004000000000000000001000000000000B0
:100B40000B0000000C00000003000000000020204B
:100B500000000000020000003C3C3C0000000000DF
:100B60000000000000000000010310010109030063
:100B70001E000000160000001A00000056000000D1
:100B8000110000000000015B150000007C0B010853
:100B9000050000000000000000C20100000200008B
:100BA0000010000000000000000000000000000035
:100BB0000500000000000000802500008002000009
:100BC00000100000000000400000000000000000D5
:100BD000666E692B00000000666E69006E616E0033
:100BE000666E692D00000000000000000000F03F6C
:100BF00000000000000024400000000000005940F8
:100C00000000000000408F40000000000088C3404A
:100C100000000000006AF8400000000080842E41BF
:100C200000000000D01263410000000084D797410B
:100C30000000000065CDCD41696E737400000000B6
:100C40000A0A0A4170706C69636174696F6E20539F
:100C5000746172740A0A0A00940C01080000000012
:100C6000700C01080100000000000000C0175302D2
:100C70000000000080AEA58F00093D0000000000CC
:100C80001400FF7FD09200200000000048110108EE
:100C9000000000000C40020001840000004200003F
:100CA000204002000000000000000000304007006B
:100CB0000000000000000000000000000000000034
:100CC0000000000000400000A007000350400100A9
:100CD000000000005C400200000000000000000076
:100CE000A840010007000000BC4004000000000014
:100CF00000000000000000000000000008410400A7
:100D000000480000FF4C000000490000FF4D0000BB
:100D100020C0011000F8070020C00130FE012801AA
:100D200024C00110FF00000024C0013000130000A7
:100D300028C00800EC80B30343754051A00F00F8B1
:100D400000400000A8AA070000000000000000000A
:100D50000000000054C01000512130000E000DE6CC
:100D60002A000000080B0C0D0D00000088C60200D0
:100D700060050000BA100000000420000418800084
:100D80000B3C2001187C10022FFCE0067F000000C5
:100D90000000000000000000A8C00500BD4B721557
:100DA00011A3180510325476980A000000000000C4
:100DB000CCC00400010000000000000001000A0097
:100DC000010028000800010144070000180001018B
:100DD000000000002000010101A0000040402501AA
:100DE000000050610000000010000000000000043E
:100DF0000FC082000000002000000000000000037F
:100E000000000020000000004902F000400800003F
:100E100002000000120014006FB10000000000008A
:100E20008B0D0000000000001100080000000662A9
:100E300000000000040A142232414A4F0000000062
:100E400000000000000000000000000000000000A2
:100E50000000000000000000000000000000000092
:100E60000000000000000000000000000000000082
:100E700000000000E04001010002000010410201FA
:100E8000331E0500000000001C410E0100B0B58CAF
:100E900000000000FF0483078813C83AFF06660CB1
:100EA000FF0483078813FF03BC200AF0094B52009C
:100EB0000361A040008DF655A022C841893B400047
:100EC000C00300805841020100000000FFFD000047
:100ED00064410D010C010000E853FA0000000040DD
:100EE0000000000000000000000000000000000002
:100EF00000000000010100000000000000000000F0
:100F00000000000000000000A441020100000000F9
:100F100000000000B041020100000000E09537C071
:100F2000BC4103010000000000003C006990060085
:100F3000D041030155555555E5015F80040062001D
:100F4000E041160100000000DE635E36BF6F07005F
:100F50006FEA1600E530CE00B2B9D90E4B84940486
:100F60005A1FA924DE635E36BF6F07006FEA1600C2
:100F7000E530CE00B2B9D90E4B8494045A1FA9248F
:100F800000000080000000004000000000000000A1
:100F90006018004000000000000000003C42010119
:100FA00000000000444203011400000000000000A3
:100FB00008000304684201010000000080420201B1
:100FC0000000000081000000984205013F0000027F
:100FD000FFFF0000FFFF0000FF030000FFFF000015
:100FE000B44201010000000030430A01400020012A
:100FF000A0000000085000011F1F1F1F1F1F1F1B04
:1010000018151311100E0D0C45C1872F000000009C
:101010000000000010800101030000003880020180
:10102000E4461000010000009C8003010000000065
:1010300070780300FFC00200A8800111F0010000D9
:10104000A88001310542CB01AC800111F001000004
:10105000AC800131050A0D00B080020100030002DE
:10106000370000019C000102000C0004D8000302BC
:10107000050040AA88010000C0000000EC00011239
:10108000E00F0000EC0001320C205111F0000102D1
:101090002B0100001001011200FF0F0010010132AE
:1010A000020000315001011200C001005001013264
:1010B000C100A2007401010269811B0C78010112B8
:1010C00000001C00780101321004E0CF8001011201
:1010D0007907000080010132020000008401020251
:1010E0000000000050000000FC4F0103F410010854
:1010F000FFFFFFFF14000000000080000000000060
:10110000B4110108A4110108000000000000000053
:101110000048E80180841E000101F800E446500206
:10112000000000004C110108000000000000000059
:10113000000000006B841E000000000000000000A2
:101140000000000008000000000000000200000095
:10115000C017530206140000802FA60405380000B3
:10116000A00800000000580901040706100A010445
:101170000707C80A00040807800B00040808380C99
:10118000000409086108000000008A08000000004F
:10119000C709010404032C0B01040404920C01048C
:1011A00005040000B4090000B4090000F4010000C7
:1011B00000000000193F01060410010000010106B3
:1011C00000102700000C00000000000000000000DC
:1011D00002020000444D4144525620696E69742059
:1011E0006661696C65643A2025580A003000000089
:1011F0002F55736572732F6D697961626C6F6E2FF5
:1012000053696D706C696369747953747564696F3F
:101210002F76365F776F726B73706163652F5458EA
:101220005F426F6172642F4144432E6300000000EF
:10123000416C6C6F63617465204572726F723A2005
:1012400025580A00476F74205258204C6566742058
:10125000444D41204368616E6E656C3A2025750AE5
:1012600000000000476F742052582052696768746C
:1012700020444D41204368616E6E656C3A202575AF
:101280000A0000004C444D415F4348414E4E454CDE
:101290005F52585F4C454654207374617274204508
:1012A00072726F723A2025580A00000053746172FE
:1012B000746564204C444D415F4348414E4E454C5B
:1012C0005F52585F4C4546540A0000004C444D4163
:1012D0005F4348414E4E454C5F52585F5249474824
:1012E00054207374617274204572726F723A2025B3
:1012F000580A000053746172746564204C444D4177
:101300005F4348414E4E454C5F52585F52494748F3
:10131000540A000057616974696E6720666F722015
:1013200041444320737461727475702062756666FF
:101330006572730A000000004144432073746172B7
:10134000747570206C6566742062756666657220BF
:1013500072656164790A00004144432073746172CC
:10136000747570207269676874206275666665724C
:101370002072656164790A0041444320737461728C
:1013800074757020627566666572732076616C692B
:1013900064617465640A00004445494E49544941FA
:1013A0004C495A494E47204144430A00524553454F
:1013B0005454494E472055534152540A00000000EE
:1013C00052455345542055534152540A00000000E1
:1013D0004445494E495449414C495A4544204C459D
:1013E000465420444D41204348414E4E454C3A20FE
:1013F00025750A004C45465420444D412043484140
:101400004E4E454C3A20257520616C7265616479B9
:101410002066726565640A004445494E4954494155
:101420004C495A454420524947485420444D412094
:101430004348414E4E454C3A2025750A00000000B5
:10144000524947485420444D41204348414E4E455F
:101450004C3A20257520414C524541445920465272
:101460004545440A000000006164635F5F6465698C
:101470006E6974006164635F5F776169745F666F52
:10148000725F737461727475705F76616C696461A8
:1014900074696F6E000000006164635F5F6C646D6F
:1014A000615F696E69745F32000000000400000033
:1014B0000000000040420F000D010100000000008C
:1014C0000000000000000000000501000000000016
:1014D00042616420524742315F54494D4552206376
:1014E000686F6963650A00002F55736572732F6D0D
:1014F000697961626C6F6E2F53696D706C69636995
:10150000747953747564696F2F76365F776F726B79
:1015100073706163652F54585F426F6172642F521C
:1015200047422E630000000042616420524742326D
:101530005F54494D45522063686F6963650A000036
:10154000496E76616C6964205247423120696E644D
:1015500065780A00496E76616C69642052474232B0
:1015600020696E6465780A004E554C4C20504F49F6
:101570004E544552200A00007267625F5F636865DF
:10158000636B5F6C6576656C000000007267625F7C
:101590005F74696D65725F696E69740000000000B8
:1015A000FFFF000000FF0000FF0000004F56455203
:1015B000464C4F572052494748540A004750494F1C
:1015C00020436F6E666967757265204572726F722F
:1015D0003A2025580A000000456E61626C6564205F
:1015E000427574746F6E200A000000004750494F26
:1015F000204465636F6E6669677572652045727217
:101600006F723A2025580A002D2020436F72652002
:101610005370656564203A202575202C2054696339
:101620006B732053696E6365204C61737420536142
:101630007665203A2025750A000000002D20204DF7
:10164000696C6C697365636F6E64732053696E6354
:1016500065204C6173742053617665203A202575AE
:101660000A0000002D20204D6963726F7365636F5F
:101670006E64732053696E6365204C6173742053EC
:10168000617665203A2025750A0000002D2020256E
:1016900073203A2025750A005072696E7420436FDA
:1016A000756E74657273202D2054696D6573746155
:1016B0006D70203A2025750A00000000554E4B4EF3
:1016C0004F574E0056524547494E0000534554412E
:1016D0004D50455200000000494F56444430424F9F
:1016E0004400000041564444424F440044454342B4
:1016F0004F440000445644444C45424F44000000CF
:1017000044564444424F44005359535245510000FB
:101710004C4F434B5550000057444F475F3100003A
:1017200057444F475F300000454D340050494E004C
:10173000504F52004E4F4E4500000000494E495454
:101740000000000052554E4E494E47004552524F40
:101750005200000074696D657374616D705F6F662F
:101760005F6C6173745F636F756E7465725F7361D4
:101770007665000074696D657374616D705F6F6686
:101780005F746869735F636F756E7465725F7361B0
:10179000766500006170705F70726F636573735F70
:1017A000616374696F6E5F72756E73006170705FF4
:1017B00070726F636573735F616374696F6E5F727C
:1017C000756E735F6D61785F74696D655F62657476
:1017D0007765656E5F72756E730000006E756D6281
:1017E00065725F6F665F54585F617474656D707485
:1017F000730000006E756D6265725F6F665F5458AE
:101800005F617474656D70745F7375636365737322
:10181000000000006E756D6265725F6F665F545800
:101820005F617474656D70745F6661696C65640096
:101830006E756D6265725F6F665F54585F73756336
:10184000636573732C0000006E756D6265725F6F67
:10185000665F54585F6661696C5F6661696C656458
:101860005F746F5F73656E64000000006E756D627B
:1018700065725F6F665F54585F6661696C5F616235
:101880006F7274006E756D6265725F6F665F54583B
:101890005F6661696C5F626C6F636B006E756D6231
:1018A00065725F6F665F54585F6661696C5F756EE5
:1018B000646572666C6F77006E756D6265725F6FDE
:1018C000665F54585F6661696C5F6275737900008A
:1018D0006E756D6265725F6F665F54585F666169B1
:1018E0006C5F6D6973736564000000006E756D62F6
:1018F00065725F6F665F54585F72657472795F617D
:101900007474656D707473006E756D6265725F6F6F
:10191000665F54585F72657472795F617474656D47
:1019200070745F7375636365737300006E756D62C9
:1019300065725F6F665F54585F72657472795F613C
:101940007474656D70745F6661696C656400000035
:101950006E756D6265725F6F665F54585F72657415
:1019600072795F7375636365737300006E756D6282
:1019700065725F6F665F54585F72657472795F66F7
:1019800061696C5F6661696C65645F746F5F7365E4
:101990006E6400006E756D6265725F6F665F5458AD
:1019A0005F72657472795F6661696C5F61626F72A4
:1019B000740000006E756D6265725F6F665F5458EB
:1019C0005F72657472795F6661696C5F626C6F6388
:1019D0006B0000006E756D6265725F6F665F5458D4
:1019E0005F72657472795F6661696C5F756E64655C
:1019F00072666C6F770000006E756D6265725F6F66
:101A0000665F54585F72657472795F6661696C5F76
:101A100062757379000000006E756D6265725F6FAC
:101A2000665F54585F72657472795F6661696C5F56
:101A30006D697373656400006E756D6265725F6FCA
:101A4000665F54585F7061636B6574735F70726F2B
:101A50006365737365645F61667465725F73656EF9
:101A600064696E670000000054585F6D6963726FAF
:101A7000735F64656C74615F6D696E0054585F6D6F
:101A80006963726F735F64656C74615F6D61780028
:101A90006E756D6265725F6F665F6D6963726F5FB1
:101AA0007469636B7300000073616D706C65735FC4
:101AB00072656365697665645F6C656674000000D5
:101AC00073616D706C65735F72656365697665647B
:101AD0005F72696768740000617564696F5F6C6547
:101AE00076656C5F6D696E5F6D7600006175646927
:101AF0006F5F6C6576656C5F6D61785F6D76000019
:101B00006C6566745F627566666572735F7772692D
:101B10007474656E0000000072696768745F6275B6
:101B200066666572735F7772697474656E00000033
:101B30006C6566745F627566666572735F636F6E0F
:101B400073756D656400000072696768745F627523
:101B500066666572735F636F6E73756D65640000B2
:101B60007061636B65745F6275666665725F6F76E0
:101B70006572666C6F77730073657175656E63650A
:101B80005F6E756D6265725F61745F7374617274AC
:101B90000000000073657175656E63655F6E756D3D
:101BA0006265725F61745F656E64000052657365A3
:101BB000742C20436865636B696E6720436173759D
:101BC0007365200A0000000052657365742043614C
:101BD000757365203A2025730A000000496E697408
:101BE00069616C697A696E6720425552414D3A0AC3
:101BF000000000004665746368696E6720425552B4
:101C0000414D3A0A00000000526573657420436F2D
:101C1000756E746572733A0A000000002D202573FA
:101C2000203A2025750A000054657374696E672098
:101C30004D6963726F7365636F6E642054696D657F
:101C40007220776974682035307553205761697444
:101C5000203A2043757272656E742025750A000063
:101C60004D6963726F7365636F6E642054696D654F
:101C7000722046696E69736865642054657374697F
:101C80006E670A002D2D2053746F7070696E672087
:101C90004D6963726F7365636F6E64205469636B23
:101CA0002054696D65720A002D2D2046696E697396
:101CB0006865642053746F7070696E67204D696346
:101CC000726F7365636F6E64205469636B2054692F
:101CD0006D65720A000000002D2D2053746172742E
:101CE000696E67204D6963726F7365636F6E642000
:101CF000436F756E742054696D65720A00000000B0
:101D00002F55736572732F6D697961626C6F6E2FD9
:101D100053696D706C696369747953747564696F24
:101D20002F76365F776F726B73706163652F5458CF
:101D30005F426F6172642F6D6963726F7365636F69
:101D40006E64732E63000000546F702056616C75D2
:101D5000653A2025750A00002D2D20537461727498
:101D60006564204D6963726F7365636F6E642043B1
:101D70006F756E742054696D65720A002D2D2053A5
:101D800074617274696E67204D6963726F73656305
:101D90006F6E64205469636B2054696D65720A002C
:101DA0004D6963726F732074696D6572206261732F
:101DB00065207065726970686572616C207370650A
:101DC00065643A2025750A004D6963726F7320744B
:101DD000696D6572206261736520706572697068F3
:101DE0006572616C20737065656420746F6F204C40
:101DF0006F770A004D6963726F732074696D657245
:101E00002062617365207065726970686572616CCB
:101E1000207370656564206973206E6F74206D7522
:101E20006C7469706C65206F6620314D487A0A00C9
:101E30005072657363616C65722043686F73656E81
:101E40003A2025750A0000004E65772050726573B0
:101E500063616C65642053706565643A2025750A7A
:101E60000000000053657420353070657220647581
:101E70007479206379636C652076616C75653A20AE
:101E800025750A002D2D2053746172746564204DF0
:101E90006963726F7365636F6E64205469636B204E
:101EA00054696D65720A00006D6963726F736563D2
:101EB0006F6E64735F5F696E69745F6D6963726F83
:101EC0007365636F6E645F636F756E74000000000E
:101ED0006D6963726F7365636F6E64735F5F696E64
:101EE00069745F6D6963726F7365636F6E64000020
:101EF000256C6C75000000002573000028743A25DD
:101F0000732920005374617274696E67205379736A
:101F10005469636B204465496E69740A00000000CF
:101F200046696E697368205379735469636B204402
:101F300065496E69740A00000A2D20537461727439
:101F40002057444F4720496E69740A002D20456E82
:101F5000642057444F4720496E69740A000000000E
:101F60000A2D205374617274696E67204D69637223
:101F70006F7365636F6E6420496E69740A000000B8
:101F80002D20456E64204D6963726F7365636F6EBB
:101F90006420496E69740A006D6963726F73203A38
:101FA0002025750A000000000A2D20537461727408
:101FB00020436F756E7465727320496E69740A00F0
:101FC0002D20456E6420436F756E746572732049D1
:101FD0006E69740A000000000A2D20537461727447
:101FE00020417564696F2042756666657273204989
:101FF0006E69740A000000002D20456E6420417552
:1020000064696F204275666665727320496E6974F3
:102010000A0000000A2D205374617274205261641A
:10202000696F20496E69740A000000002D20456E1A
:102030006420526164696F20496E69740A0000006F
:102040000A2D2053746172742052474220496E69F0
:10205000740A00002D20456E642052474220496ECC
:1020600069740A000A2D20537461727420427574D9
:10207000746F6E20496E6974202D200A00000000E4
:102080002D20456E6420427574746F6E20496E6910
:10209000740A00000A2D2053746172742041444375
:1020A00020496E6974202D200A0000002D20456E05
:1020B000642041444320496E69740A000A2D20536C
:1020C00074617274696E6720524144494F204465BF
:1020D000696E69740A0000002D20456E642052610B
:1020E00064696F204465696E69740A000A2D205383
:1020F00074617274696E67204D6963726F73656392
:102100006F6E64204465696E69740A002D20456E07
:1021100064204D6963726F7365636F6E64204465FC
:10212000696E69740A0000000A2D2053746172748C
:10213000696E67205379735469636B204465696ED7
:1021400069740A002D20456E6420537973546963C5
:102150006B204465696E69740A0000000A2D2053E3
:1021600074617274696E6720427574746F6E204476
:1021700065696E69740A00002D20456E6420427501
:1021800074746F6E204465696E69740A0000000003
:102190000A2D205374617274696E67205247422081
:1021A0004465696E69740A002D20456E64205247AB
:1021B00042204465696E69740A0000000A2D2053AC
:1021C00074617274696E6720414443204465696E8E
:1021D00069740A002D20456E642041444320446503
:1021E000696E69740A0000000A2A2A496E6974201F
:1021F0005065726970686572616C732053746172A6
:10220000740A00000A2A2A496E69742050657269AE
:1022100070686572616C7320537563636573736670
:10222000756C0A000A2A2A496E6974205065726921
:1022300070686572616C73204661696C65640A0040
:102240004E657874205374617465205265717565AC
:10225000737465643A202573202C2043757272656F
:102260006E743A2025730A004E65772053746174AA
:1022700065203A202573202C2050726576696F7591
:1022800073203A2025730A005374617465203D2041
:102290004E6F6E6500000000466F7263696E6720C6
:1022A0004572726F720A00004261642074696D6544
:1022B000722063686F6963650A0000002F557365BB
:1022C00072732F6D697961626C6F6E2F53696D70D7
:1022D0006C696369747953747564696F2F76365FBE
:1022E000776F726B73706163652F54585F426F61D3
:1022F00072642F74696D65725F68656C7065722EAB
:102300006300000074696D6572735F5F696E697464
:102310005F74696D65725F636D75000074696D65EA
:1023200072735F5F6465696E69745F74696D65720D
:102330005F636D750000000074696D6572735F5FA7
:102340006765745F636D755F747970650000000088
:1023500057444F47204849540A00000057444F470C
:1023600020436C6F636B2069732053657420577230
:102370006F6E673A200A00005241494C5F53657402
:1023800052784669666F206661696C65642C2053DB
:10239000746174757320436F64653A2025580A0090
:1023A0002F55736572732F6D697961626C6F6E2F33
:1023B00053696D706C696369747953747564696F7E
:1023C0002F76365F776F726B73706163652F545829
:1023D0005F426F6172642F726164696F2F72616412
:1023E000696F5F726563656976652E630000000042
:1023F0005241494C5F53657452784669666F204676
:1024000061696C65642E20526571756573746564CD
:10241000203A2025752042797465732C20476F740B
:10242000202575204279746573200A005241494C79
:102430005F53657452784669666F205375636365B0
:1024400073732C2025752042797465730A0000008F
:10245000525820726571756573742073697A6520AE
:10246000746F6F206C617267653A2025750A0000F1
:102470002575202D20476F74205265717565737422
:1024800020466F722053657175656E6365204E75C9
:102490006D626572203A2025750A000072616469D8
:1024A0006F5F726563656976655F5F696E69740009
:1024B00053657420436F6E66696720746F204D6F9B
:1024C0006E6F0A0053657420436F6E6669672074EF
:1024D0006F2053746572656F0A0000002D204578E7
:1024E00070656374656420545820436F756E742062
:1024F000506572205365636F6E64203A2025750A1B
:10250000000000002D2045787065637465642054D8
:10251000582044656C7461203A2025750A0000003B
:102520002D2054582055707065722044656C74617C
:10253000205468726573686F6C64203A2025750AB0
:10254000000000002D205458204C6F776572204405
:10255000656C7461205468726573686F6C64203AAE
:102560002025750A00000000496E697420526164DC
:10257000696F20537461746973746963730A00002E
:10258000526573657420526164696F20537461747D
:102590006973746963730A002D2020526573657432
:1025A000204D61782044656C746120746F3A202559
:1025B000750A00002D20205265736574204D696EE8
:1025C0002044656C746120746F3A2025750A000000
:1025D0002D20204E6577204D61782044656C746114
:1025E0003A2025752020536571203A2025750A0070
:1025F0002D20204E6577204D696E2044656C7461F6
:102600003A2025752020536571203A2025750A004F
:102610002D20204261642054696D657374616D7072
:1026200073204C696D697420526561636865643A12
:10263000200A000020202575202D2D205365713A99
:10264000202575202D2044656C74613A2025752065
:102650002D2054696D657374616D703A2025750A7B
:102660000000000035050000BA050000AF040000BE
:10267000EE0200006A0A0000740B00005F0900000F
:102680007701000042756666657220496E64657860
:1026900020546F6F20486967680A00005772697498
:1026A000652048656164657220546F205458204647
:1026B00049464F204661696C65643A20307825753B
:1026C0003A0A00002F55736572732F6D6979616244
:1026D0006C6F6E2F53696D706C6963697479537494
:1026E0007564696F2F76365F776F726B7370616395
:1026F000652F54585F426F6172642F726164696F15
:102700002F726164696F5F7472616E736D69742E8C
:10271000630000005772697465204C65667420443C
:1027200061746120546F205458204649464F20461A
:1027300061696C65643A20307825753A0A000000BA
:1027400057726974652052696768742044617461C6
:1027500020546F205458204649464F204661696CEA
:1027600065643A20307825753A0A00005241494C98
:102770005F53657454784669666F204661696C657D
:10278000642E20526571756573746564203A202546
:10279000752042797465732C20476F74202575204D
:1027A0004279746573200A005241494C5F53657445
:1027B00054784669666F20537563636573732C2084
:1027C00025752042797465730A0000005241494C16
:1027D0005F5365745478506F77657244626D2066FC
:1027E00061696C65642C2053746174757320436F48
:1027F00064653A2025580A005241494C5F5365747C
:102800005478506F77657244626D205375636365C9
:1028100073730A004F564552464C4F570A0000004A
:10282000506F73742D54582050726F6365737369C1
:102830006E67204E6F7420446F6E650A00000000C2
:10284000554E48414E444C45442054582045525220
:102850004F523A20307825753A0A00007261646957
:102860006F5F7472616E736D69745F5F73656E64C0
:102870005F7061636B657400726164696F5F74722D
:10288000616E736D69745F5F6372656174655F6EBD
:1028900065775F7061636B65745F627566666572AC
:1028A00000000000726164696F5F7472616E736D25
:1028B00069745F5F696E6974002C2066756E63745D
:1028C000696F6E3A2000617373657274696F6E2070
:1028D00022257322206661696C65643A2066696C02
:1028E0006520222573222C206C696E6520256425C5
:1028F0007325730A00232D302B2000686C4C006573
:10290000666745464700303132333435363738391B
:10291000414243444546003031323334353637384E
:10292000396162636465660000000000B001000068
:102930000808002010000000B80900200000000175
:10294000000001010001010120C001B80B000000DE
:102950000000000000000000000000000000000077
:102960000500000000000000000002000000100050
:102970000000000000000000000000000000000057
:10298000090000000000000000000000000000003E
:102990000000000003000000000000000000000034
:1029A0000000100012000000010000000000000004
:1029B0000000000006000000000000000000000011
:1029C0000000000000000000000000000000000007
:1029D00000000000000010000200000001000000E4
:1029E00000000000000000000203030303040404CD
:1029F00004050500000000010101010202020203BA
:102A000003030303040404040400000001010101A2
:102A10000707080803030305040404050505060663
:102A20000607070708030202040404030405050659
:102A30000606060707070202020303030304040451
:102A40000405050505050606060601020202020345
:102A50000303030304040404040505050506060630
:102A60000C0C0C0C0B0B0B0B0B0B0B0B0B0B0B0BB2
:102A70000B0B0B0B0B0B0C0C0C0C0C0C0C0C0C0C9C
:102A80000B0B0B0B0B0B0B0B0304040404050505CC
:102A900005060606060607020202020303030304F4
:102AA00004040404050505050506060602020202E3
:102AB00007070304060704040303030304050603CE
:102AC00003050607080405060403040403030405BC
:102AD0000606030405060708C7BFBEBEBEB5B5B4EB
:102AE000B4ABABDCDCDBDBD2D2D1D1C8C8C8C7BF4A
:102AF000BEBEBEBDB5B5B4B4B4DCDBDBD2D2D2D180
:102B00001B1B16162E2D2D2A292929252424202089
:102B10001F1B1B1B162E2D2D2A2A29292524242074
:102B200020201F1B1B1B2D2DBEB5B5B4B4ABABAB0A
:102B3000AAA2A1A1A1A099999898C7BFBEBEBDB5F0
:102B4000B5B4B4B4ABABABAAAAA2A1A1A19999990F
:102B50000000000003030303030202020202020258
:102B60000303020202020101010101010000000051
:102B70000303030303020202D0C7C6C6C6BDBDBC21
:102B8000BCB3B3B2B2B2A9DBDBDADAD1D1D0D0C7F1
:102B9000C7C6C6C6BDBDBCBCBCB3B3B2DBDBDADAEC
:102BA0001F1F2D2B221E2E2E323232312D26243085
:102BB0003028231F1B2B26222E322E2E31312D287A
:102BC0002424302C27231E1AC8C8C8C8C8C8C8C89F
:102BD000C8C8C8C800B801B802B800B003040408E7
:102BE0000805040008007C0031003B001B000000C9
:102BF0004C3900007C030000CC3C000004000000C5
:102C00001C3E00000400000054340000F8040000E2
:102C1000C83C000004000000183E00000300000053
:102C20000000000054340000D03C0000010000000F
:102C3000203E000037000000CD3B0000553400006E
:102C4000010000000006800F704794490968414365
:102C5000880B7047924800680104C80F704730B570
:102C6000002090490A680023FA24A401521C6568D8
:102C7000AA4200D322681578AD06AD0E9D400543EB
:102C800028009B1D1E2BF1D30A6030BD84480168CB
:102C9000090408D584490A68824B1A604A68C261EF
:102CA0008868B14908607047F3B583B01700C00663
:102CB000000E00901038912833D2FFF7CBFF002888
:102CC0002FD00026794C01250398FFF7BBFF002881
:102CD00002D0022803D003E02068284000D001265B
:102CE0000197734F04980C21615E40180E21615EBC
:102CF0004018FFF7AAFF019940183860049800991E
:102D00004018FFF7A2FF019940187860C0208001A9
:102D100068490860300368490860FCF703FF93487E
:102D2000057005B0F0BDFEB5644B654DC020800454
:102D30000290F020000501901869022805D2286849
:102D40000199014002988142F0D089480068C01C76
:102D50008849014388480160884A894C0421A06859
:102D6000084204D0187D8006C10F490023E00226E6
:102D7000304022D01869042805D22F6801983840C5
:102D8000029FB842F6D0187D0007000F072814D123
:102D9000587D022811DD987D8006800E02280CDB0C
:102DA000D87D009007460F4207D0C00700D50A2102
:102DB000374200D0891D00290BD172486E49086046
:102DC00000201860802189026F4B1960106020611B
:102DD000F7BD481C1E69864205D22F68019E3E4001
:102DE000029FBE42F6D06948405C00902061009886
:102DF000C000F821014002D08020C004186064485F
:102E00000668012E00D149005960216800291DD1B2
:102E100059490B682026A65F36039B059B0D33435B
:102E20000B6001261660022191600099890909D181
:102E30000068002801D1182000E01A20225E0098C6
:102E4000FFF732FF207A000700D42660F7BD4A481A
:102E50004C4901600021194A1160802292024A4BBC
:102E60001A60464A11604B4A026142613F48017054
:102E70007047062048490860002048490860F02152
:102E80000901474A116080214900464A11600849FA
:102E9000404A0A604A60354908707047A83E000001
:102EA000C04101A81C3E0000883E0000A43E000076
:102EB000C84101A8C06101A8C05101A8C44000A830
:102EC0000C0002A830B581B00400A00314D530482E
:102ED0000068002801D1162000E00C20FEF7C0FA9F
:102EE0003148806E0007C10F30480170082030491A
:102EF0000860C003244908602E4D2868000406D5E8
:102F0000FFF7ADFEE861FFF7AAFE17490860A007CA
:102F100027D58020C0021C490860FCF726FE002847
:102F20001FD0254A1068C0B2002802D00621234BCA
:102F30001960810915D01C490B68012BFBD9496820
:102F40000905090D091DC900114B1B68012B00D192
:102F50004908002B01D1182300E01A23D25EFFF7A5
:102F6000A3FE01B030BD00005C4201A8563E000047
:102F7000204000A800F0FF3FB84101A8044003A88A
:102F80009C3E0000FFF3FF3F106001A8D84000A85E
:102F90006C3F0000FFFF0300006401A8504000A840
:102FA0000C6000A80C5000A81C4000A8D03C0000F9
:102FB000846000A8C04101A8A03E0000005401A800
:102FC00070B50822814B1A60FB239B011B68DC0350
:102FD00002D50020088070BD0C880019401E0078C2
:102FE0007B4DA870641C0C8045076D0F052D05D81E
:102FF000784E3668F60603D5022D0DD0032070BD3D
:103000009604AE401E4001D1082070BD052D03D1AD
:10301000104201D1641E0C80A9484860002070BD98
:10302000F3B582B008886C490978491CC9B281425D
:1030300004D202990918491E097800E00021644A67
:10304000517093785B075B0F01933023019C052C33
:1030500028D1194233D19478E5081E242C40CD079D
:1030600002D5250001242C430125A14EE6402E4027
:1030700073D0019F9F4EE641402426403E434C06BC
:1030800002D5340020262643947889080D40A708ED
:103090000C2139402943C02525400D4320212943D7
:1030A00096705170FB2189010C6855780221232606
:1030B0002E4008D0660302D52B40202B01D00520DE
:1030C00082E0424B196093789B0601D4202203E0F2
:1030D0009278120702D540223C4B1A603C4A927803
:1030E0006B461A70C022844B1E680E4001D11542F7
:1030F00012D06E46377827263E40232E03D1E602B3
:1031000007D4012606E0252E03D0212E04D1260364
:1031100002D504262D4F3E601B6819402026019FD2
:10312000002F1CD11E4027D0294B5B781A40402A23
:1031300013D00C221A40042A0FD02A073BD40122B4
:10314000002902D0E100CB0F5A4069460978CB072D
:10315000DB0F1A422FD021012AD4072034E0022F9E
:10316000E2D11E4008D00029DED1CC232B4003D170
:103170006B461B785B0601D5032025E0A30311D520
:103180009C4E73691B051B0D5B1C3668F60205D54A
:10319000994E36683607B60F9B1B5B1E9BB2052BFC
:1031A00004D1C1E7029B1B78052BBDD006200BE0A4
:1031B0008021064A1160E90702D4401C0399088067
:1031C000AB4803994860002004B0F0BD4C1002A841
:1031D000183E0000480002A8343E0000F2B58749BE
:1031E0004978CA0705D4009A12888018401E0378CF
:1031F00000E00023FB229201106802249D4D2E68FE
:10320000F60611D512695340DBB2002B03D16E686C
:10321000D30973402340002B03D0020204D40A20B8
:10322000F2BDE206944E3260744A1E02C0230B4087
:103230003343914E336093785E07760F022E06D1AA
:103240006D682C4003D1002000990880F2BDA025B4
:103250000D409E08102737402F433D090E0702D42A
:103260002E0010253543CC240C401A262E400A2E61
:1032700004D1CC2C02D02E00FD2535407F4EEE40EF
:10328000F60705D4000416D5412B10D1082912D118
:103290007B48E84011210140214320200843107061
:1032A0000D210140009808D000F0AAF8F2BD0B2BC8
:1032B00001D10029ECD00720F2BD00F01FF8F2BDCB
:1032C000B534000038B50C006E490B781A09533933
:1032D0009500491925881B071B0FEB1A9A1A8018AD
:1032E000FEF75CFD010002D1200000F007F832BDBE
:1032F000F300A3E3981440684C0002A8F8B504005A
:10330000614805683D4F3878D026304202D00D2103
:10331000014005D008205D490860EF20FEF7FBFC66
:1033200039782000314204D00909397000F068F87A
:10333000F2BD0521294020D00288FB218901CA6005
:10334000534BEC0705D5521C0280690607D4514B3C
:1033500005E043242C40422C03D1521C02804360E0
:103360000DE01022494B1A604B4A09688B00DB0FB5
:1033700019011163802109031160002101800020DF
:10338000F2BD0A888018401E0078830601D4121D01
:103390000A801822024004D0088852088018C01EF3
:1033A000088039480068C00702D50888401C08809A
:1033B0003848486000207047334A1368DB0708D557
:1033C0001268920705D40A888018401E00780428E5
:1033D0000DD110202D4A10602F48FB229201126857
:1033E0009300DB0F1A0102638022120302600020A7
:1033F000088070470C4000A8080001A8183E000093
:1034000031B581B02549002000900822244B1D7859
:1034100002230C24254202D10022224903E02C4041
:10342000082C00D10222EC0703D50C001E216140BC
:1034300000931D4207D014490968090601D51A49AD
:1034400001E00021C943019B184C21601849FF2469
:103450008C70009C15012543CD7008701888009968
:1034600040188018188013485860002036BD0000AE
:1034700071360000480002A8481002A80D0F0C0D7C
:10348000071708504B3F00004C0002A84C2002A830
:10349000173800004D3800001C1002A8DE1B250163
:1034A000183E00002084100000FCFF01F43E0000E4
:1034B000483F000059370000183E0000213400004A
:1034C0003934000039340000393400003934000048
:1034D000393400000000000000000000000000007F
:1034E0000000000039340000393400003934000095
:1034F0002D2B0000393400005F2C00006F2C0000E1
:103500009B2D0000FD2D0000872E00000D300000D7
:10351000B12E0000BD3000000D2F00005D2F000017
:10352000D52F0000753200006D330000312C0000F3
:103530001F280000CD23000039340000C9280000F6
:1035400039340000052A0000C92900003934000080
:1035500039340000452A00003934000039340000B5
:1035600039340000393400003934000039340000A7
:103570001F1200001512000090488068000200D45D
:10358000704780B580208002AB490860CF2000F0F2
:1035900051FA01BDF8B58A4800688A4C802292032E
:1035A0002260FB26B601316809051DD5110BA02349
:1035B000034001D0216017E002403FD18027824ABA
:1035C0001760824A1760084038D07C4D287A40073F
:1035D00005D501207E49086000027E4908602878F0
:1035E000002801D0062801DB0020F2BD00F07AFBA4
:1035F000716889684E682978052907D1B905A160E5
:103600006E60B668CC218901724A116000F073FBCC
:10361000012E00DA0226BC2080058849086094202B
:1036200080058749086068480021C94301647142E8
:10363000416484490F6040210160D5E78248016000
:10364000FFF79AFF0120F2BD5D480168890504D5A6
:10365000C06E0004000F022801D000207047012036
:10366000704738B580245848046000F03BFB0500E3
:103670007648006800F068F9280000F03CFBFFF78E
:103680007BFF4E48007A000705D5A0004D49086031
:1036900000F03AFC31BD60036B490860B14804603A
:1036A00031BDFEB50500CC20800169494860012686
:1036B00068480660FFF7C8FF00287DD03F4C20789F
:1036C000002879D031020195052802D02A460A4007
:1036D00072D1CC27BF015E4A17608D4A12688123E0
:1036E0001B02134001D0032301E053075B0F0228A4
:1036F00005D1022B5ED3080136490860F7BD4D01A4
:10370000032804D1022B55D932480560F7BD04289F
:1037100002D111404ED0F7BD05284BD101980028A9
:1037200048D0C005C10F684641700198C004C10F60
:103730006846017000F0D6FA0290606869464978E0
:10374000002903D006688021204A11602C04864994
:103750006A461278002A0CD0C2680B68D21A834BD2
:103760001B68234001D0066800E04668964200DDF1
:103770001600684640786A461278024308D0086806
:103780004242B01E824202DA7042886000E00026A7
:10379000029800F0B0FA0198800501D596480460BF
:1037A0000198054001D095480460002E02D00948D8
:1037B0000760F7BDFFF755FFF7BD0000203E000092
:1037C000440002A8442002A80CC001A890E001A86F
:1037D000C4D000A8145001A838B5802488480460DB
:1037E00001201C490860874D2878052802D0600018
:1037F00085490860FFF728FF002812D013480068A9
:10380000000A80214140A868000EC9B2814208D256
:103810003F4800684007400F022802D2FFF721FF0F
:1038200031BD7A480168C0220A4002D1C06F2040F1
:1038300001D00448046031BD1C1002A808E001A8B2
:1038400008D001A894D001A8441002A818C000A86C
:10385000106001A8C4E000A8F1B582B00F00A0205C
:10386000384003D0802080006A494DE000F03AFAE9
:10387000009067480468F80202D5A06800690290C9
:1038800000F0ABFB80210903606800F07DF9267829
:103890000020761C6178B14200D2002618217143C5
:1038A00065180C3529780829F3DA2670A560554982
:1038B0002A780A70BA0507D5554800688068C0683C
:1038C000FA0201D40322904388600127384003D1D3
:1038D00000F0A0FC01F004F9F904686900F054F963
:1038E0003C2000F0A7F8F0B200F0A4F860884A4944
:1038F00001406180009800F0FEF9380545490860F4
:10390000464807603802464908600298FEBD00003C
:10391000184001A810B543480068800501D4FE2076
:1039200010BDC02080034049086000F0DBF9384931
:1039300009688A78D20702D589688C7800E00C780B
:1039400000F0D9F9200010BD314909688A688B78E8
:10395000DB0704D5927818235A438A180C329060FA
:1039600070470000100002A848C001A84C0002A83F
:10397000F1B582B02D4F3C680026200F000702D120
:10398000E00102902AE001F0ABF800F0ABF9019001
:1039900080210903606800F0F7F825786D1C6078D5
:1039A000A84200D20025E80020180C3000900068E2
:1039B0000290802109030098406800F0E5F83D205E
:1039C00000F038F8E8B200F035F825700098A060F3
:1039D000019800F090F902A801F0DCF814480068A2
:1039E000800407D5F86901F0CCFD0299081802900F
:1039F00000D502960298FEBD4C1002A84C2002A8E9
:103A000094E001A8203E0000146001A814C001A8A1
:103A1000C43E0000442002A8FEFF0000C0E000A851
:103A2000106001A8440002A8441002A8C83E00008B
:103A3000FC0302A849490968002901D548490860E2
:103A40007047F3B581B0474FB968474C4A0057D526
:103A50000125090100D521250100444A1068566856
:103A600022689206920E94463A6893008022134090
:103A700062461343802252001A4300920A0023D068
:103A8000890601D5012008E0F021014007D16946EF
:103A9000097A0C220A4002D0022000F04AF8344988
:103AA000096809040AD53968090701D5022605E025
:103AB0003968490301D5002600E003264835009AFD
:103AC0002C490968890003E0009A2A49896B090991
:103AD0004023194011430207120F032A05D122681F
:103AE000120904231A403243160080225200002E8D
:103AF00002D01643266608352166024322662566F3
:103B0000E06D4407640F00F0D7F8A0070BD0052C38
:103B100009D0B868000406D400F0E4F80221164A7F
:103B2000116000F0E8F800F0D0F8002000F001F893
:103B3000F7BD0E490A68F0239A430001104308605C
:103B4000C0B270478020C0020C490968890701D1C2
:103B50000B4900E00B49086070470000500002A8C4
:103B6000884000A8480002A8284000A8683F00003C
:103B7000684101A8184001A8D4D40350844000A88B
:103B8000486000A8485000A880B56F4A116001F055
:103B900023FDFFF7D7FF01BDFEB5FB25AD0128785A
:103BA000000604D5287F002801D0182400E0462410
:103BB00000F098F802906548C0684005C20DD52A0B
:103BC00001D2D52204E0D1204000824200D9020077
:103BD000100001005E4B01932B6B5B011DD55D4B0B
:103BE00000931D1D5C4E367806277E43AA530025A0
:103BF000019B1B7CEB40DB070CD5009B06266E432C
:103C00009B199B888FB2BB4200D2190086B29E429C
:103C100000D218006D1C022DEAD389B209190904DB
:103C20004E4B0B40001BC005C00D184347490860B0
:103C3000C02000064A4908604548017D00290CD093
:103C40004849D52A02D98023DB050B60D1235B00CC
:103C50009A4202D280231B060B600021424B19605E
:103C60004188002900D10280029800F044F800F059
:103C700071FDF7BD80B53D483D4908603D48C168CC
:103C80000902090A19225143416005210160FFF729
:103C900083FF01BD80B5FB2080010178090604D5B2
:103CA000007F002801D0FFF777FF32480068C0038B
:103CB00001D5FFF771FF01BD8020C00222490860D5
:103CC0002D4800684007FBD470478020C0022B4974
:103CD0000860704701E02A4908602A4909680140E4
:103CE000F9D17047284800682021284A1160102126
:103CF000274A116070473021014002D1102023492A
:103D0000086070472048006830210140102901D127
:103D100001207047002070471E4801210160C160EA
:103D2000704701201C49086070471C480078062134
:103D3000014007D01A480068022803D0032801D0A8
:103D40000120704700207047441002A87C400050BA
:103D5000743F0000443E0000403E00000000FF01B0
:103D6000A0600050A450005018E000E07F1A060147
:103D7000540002A810E000E0440002A8442002A879
:103D8000282002A8280002A8600002A8602002A83B
:103D9000601002A8789001A884A001A8A43E0000A9
:103DA0006C3F0000F8B5634880214902C1610221DF
:103DB000614A51600021614AD162614A1180032148
:103DC0005D4A1160022101605E4DCC01A86820406F
:103DD00010D05A480068F0210905014090200005E4
:103DE000814207D0022058490860012001F018FCE8
:103DF00056480460202056490860802055490860D4
:103E0000CC208001544908600124544804602E6885
:103E10003004070F52480068C505ED0D103DC02065
:103E20002843C0B2FFF706FE4448C06B800309D5A3
:103E3000092F07D0FFF779FF002801D003F0F9F828
:103E400001F028FA3007000F0090464806680098F5
:103E5000032803D0022806D1032F37D000F05EFAE2
:103E60000098032803D0062F30D1062D2ED03E48CF
:103E70000068C00B204001D001F004FD3B48006801
:103E8000000108D5052D06D10125394804606005DB
:103E9000FFF720FF00E000253100380000F078FA3D
:103EA0000600002D06D000F01FFC324804600220FE
:103EB0003149086060052F49486580092F4908602D
:103EC000FFF733FF002801D003F0A1F81A482104BE
:103ED0000162002F08D10221416000201749C86308
:103EE000C020C0001C4948643000F2BD80B5FFF717
:103EF000E3FEFB2080010078800602D402202049E6
:103F00000860FFF7E2FE01BD02201E49086070470D
:103F1000802000061C49096801400AD0C10D1B4AD7
:103F20001278920701D51A4A00E01A4A11601A491C
:103F3000086070472C1002A8282002A80C0002A8D4
:103F4000503E0000B00002A86C1102A8B82002A8E0
:103F500094E001A80CC001A8146001A8C4E000A866
:103F600004ED00E0B44000A800E200E0F03E0000F4
:103F7000645000A8646000A82C4000A880E200E023
:103F8000081002A8082002A8440002A8703E000001
:103F9000FC1302A8FC2302A8442002A85A48006887
:103FA000800700D4704770B5944801210422BB4BB0
:103FB0000C02E025ED0086682E4002D01C601A61DC
:103FC00019610068054002D01C609A60996070BD5C
:103FD000BF48012181600160704710B50120884908
:103FE0008A680240FCD1BB4A042313610C68044078
:103FF000FCD193600002106010BD82490868012264
:10400000104200D1704710B5E023DB000340FF24CD
:10401000A41CA34204D3C04B1B689B0600D5486870
:10402000024001D000F044F910BDFEB50700764E05
:1040300030683F2188437549097801433160FFF7B3
:10404000DCFF734880214903954C0825954A126886
:10405000D20504D525600322B262016006E0C822C1
:10406000B2620622904B1A60904A1160009789094B
:10407000C16000980068984FB968814201D20191EF
:1040800000E001900199401A009908600121009810
:1040900000F0FAFB060000980068019940180099AA
:1040A0000860FFF77BFF8D4800683860002E13D151
:1040B000002060627B480168C90501D4102161625B
:1040C0000068284001D0256000E0656095480068E0
:1040D000400001D5680260623000FEBDFB20800117
:1040E000017809060DD5007F00280AD08A4841686A
:1040F000C90606D40068A0210140481E8041C00FB7
:104100007047002070470000500002A880B5FFF7FC
:10411000E5FF002803D00021042001F047FC01BD89
:10412000F1B581488149C860EE20C004086080482C
:1041300080490860FFF7D2FF002803D00021042047
:1041400001F034FC7C4C8020C001206008277B48B3
:1041500087650125754845641D2078498862784E39
:104160009B204000B061072001F05AFA02207349F9
:1041700088624C490A68D20603D57049714A0A60C0
:1041800008E00F220968394002D03100103101E007
:10419000310014310A606C490968002900D4B76104
:1041A000E32109013160C021C900684A1268F8237F
:1041B000DB01134001D1F16201E05C4A9165216CA1
:1041C000294008D0616BC90705D4614909680840D6
:1041D00001D101F009FC0020C0435E490860606B1A
:1041E000054001D1FFF7DAFE009801F007FA606B95
:1041F0008001FCD4606A58490860F1BD900102A8B2
:10420000940102A8783F00002C8001A8523E0000D3
:10421000981002A870B5FB2080010178090606D528
:10422000007F002803D00021052001F0BFFB4B4890
:1042300001683F2291434A4A12780A4302603E488D
:1042400048490122436B134001D10A638A629722D5
:1042500052000A6010220A60434AE2231B0193665F
:10426000424BCB610021424B196080235B00072445
:1042700008210C4D2E680E4005D094672C68234011
:1042800006D1916704E0D4672C68234000D1D16740
:104290000323136011630903016070BD881102A834
:1042A000601102A8FC0302A80C9001A8982002A8A3
:1042B000F02109012F4A116001402F4801602020A0
:1042C0002E4908602E4909680840BF4908607047B8
:1042D000902102A8882102A8A03F0000340002A873
:1042E0002848294982680A4002D1C268114001D099
:1042F0000F49016012480821A64A13680B4000D0FC
:1043000081611178C90602D58C2109010160142050
:10431000AE490860E9E10000440002A804480549EC
:1043200008607047EC0002A8000FFF00242102A8DB
:1043300001200000706201A8100002A8C01002A8AD
:10434000501102A8BD03000028C000A8A88001A841
:10435000283E0000B46000A89C3F00002C8001A80B
:10436000533E0000682102A8E82002A810100000B7
:10437000C00002A8586001A8585001A8482002A80F
:10438000184001A8704201A800800080704700001A
:10439000F8B586B005000C008D480068400102D5D4
:1043A0002000402404438B48C66AFFF79BFC05901D
:1043B000B00503D588480068FFF7C6FA00200190D1
:1043C00001237006C00F0290844A9168002090601B
:1043D000B8204000824E30606608B8203040127825
:1043E000F0261640402E02D10200402010430D2D31
:1043F00002D10A00042111434A0704D50200142007
:10440000104310229443774A12686D462B70D205F0
:1044100006D580225200744B1A600200012010431E
:10442000029A002A11D10C220240082A0DD0020063
:10443000684B9B6BDD0601D41025AA439B0601D473
:1044400020239A43B12313404FD06A461278002AA2
:104450004ED0A34A956B966D01236D076D0FAD1D70
:10446000AB40F504ED0C5B1B9BB2082B09D28020FE
:104470000623584D2B6043029A4D2B6000236D4656
:104480002B708123034036D00823029D002D00D1DC
:1044900013620D000821294310239C4304231D05AA
:1044A000954E3560DD04954E35606D462D78002DB6
:1044B0001ED0062B25D3464DEE6CF60621D5904E28
:1044C0003668360E01966D69ADB28D4EF66B3606C6
:1044D00003D02E0080256D01354315612D12156125
:1044E000404A1268D50592D40BE008227C4B1A6230
:1044F0000491009032E000BF27A34506ED0E5B5DFE
:10450000D3E7049100903348026B7D490968744DEC
:104510002E686F463E81282616401E43930CDB0111
:1045200033431600120E3240102632401A438900DF
:1045300040231940114302AA9170406B000A02A95E
:10454000C870FFF7E7F902A90871019848716D4832
:104550000068C8800298E8660398E8660598FFF747
:10456000CAFB0825600601D563488560FFF7DDFBBF
:10457000002805D064480078002801D06348056011
:104580000498C1B20098C0B2FFF75BFA200007B0F0
:10459000F0BD0000F84F0000030107060301070605
:1045A00005010606050106060302070603020706C3
:1045B0000502060605020606081A03D254490968D0
:1045C0004018401C70470000481002A8703F0000CF
:1045D000084000A8180002A81CC000A8683F0000FE
:1045E000B46000A81C0100AA1C2100AAF8B5494F1C
:1045F000494E0F24012549494948806BC0061BD507
:10460000012008704748006847490968FFF7D4FF50
:10461000316F4018012858DB01F08EFA43490968D0
:10462000090B0C40022C4ED16905414A1160102142
:1046300039643B490D6046E03948006CC0001FD525
:104640003C480068E021890501403ED0374D28688C
:104650002103014080208001814236D1FFF742FBD7
:10466000354A36490968C90502D5354909681160D6
:104670002968090B21400229F3D0FFF73CFBF1BD6B
:1046800030480068002820D001220A7000F0B6FFF0
:1046900000281AD101F050FA24490968090B0C408E
:1046A000022C10D102213278D20705D5264A126891
:1046B0000A4001D01A4A1560CA031D4B1A603960BE
:1046C0000021204A116001F03BFAF1BD80208004F6
:1046D0001E4908607047802040041C4908607047EC
:1046E000540000AA141100AA00BF19480168490724
:1046F00001D0FF2141617047441002A84C5001A82D
:10470000184001A8448001A8D03C0000845000A8B3
:1047100038C001A8082002A8703E0000553E0000E5
:10472000100002A81CC101A820C001A8B00002A866
:104730001C1002A84C4001A8800000AA084000A854
:10474000904000A82C3E0000F03E00003C2002A853
:104750000C4000A83D480068000217D53C4801689D
:104760000BA2008ACA384009105C081840B2082819
:1047700001DB401F02E0002800D5401D35490A68D2
:10478000354B134000068011184308607047000045
:1047900002010000FFFEFD00FF2807D0032805D21C
:1047A0002E490978C140C807C00F704700207047E4
:1047B000F0B5802000020821294A11600A23012156
:1047C000284A01249C40044329A5ED5C25439560BB
:1047D000F025254E3560224D28A6F65C022737438A
:1047E0002F6004262E60214D2D680D4006D1CD028C
:1047F0006D1E03D0966C3603FAD401E00220F0BDA2
:10480000956CD66C6D036D0BAE4200D220005B1E22
:10481000D7D50823144C23609060AC4B1B685B0118
:1048200012D5AB4C63785D1C01262E4066701D00CE
:104830000626754365191268AA80E8802370074828
:1048400002789940114301700020F0BD500002A889
:10485000643F0000F80302A8FFFFE3FF843F00006D
:10486000889001A8448001A888A001A8140002A88B
:1048700000000001010204081020200050505040A8
:104880004040403020202000F1B584B0914C924847
:104890004068C00516D5606AE021C900084088421A
:1048A00010D1AA48006E0004000F8C490A68D20695
:1048B00001D5072804D00968C90603D40B2801D103
:1048C000002001E1FFF784FBA1484069400101D4C9
:1048D00001251CE09F48826B00207D49C3B206255C
:1048E0006B43CB189B8895B2AB4204D0401CC3B23B
:1048F000022BF3D3FF200870012595484069400141
:1049000005D50878FFF748FF002800D00025924819
:104910005021405C000608D58D480078002804D05E
:104920008B484078002800D10125E06902906A4850
:104930000068E061894E04980068316D4718012FC6
:1049400016DB00F0D2FD3060C001381A01280FDB01
:10495000FFF743FB00F0C4F804980068316D40187D
:1049600000F04CFE002803D00021049A116010E0F2
:104970007B4FC020C00038602068072832D0052156
:104980000840052808D021600C2000F049FE0028CE
:1049900002D00299E16197E0724EFF207A30706296
:1049A0000420B062FFF719FB02203060E020C00451
:1049B0006D494860802080047860022038600120C2
:1049C00000F02EFE802080007062022000F028FEA1
:1049D0008020C00070620820B062022000F020FE3B
:1049E0000220B062614EE0204000F0615A48007839
:1049F000C00705D5802000065D490860400830608A
:104A0000042000F00DFE019000284BD102205649F1
:104A1000086080027064C001706410204D49086015
:104A20000120B0674C4F4948006840061ED44848F2
:104A30004069400113D526480078694608706846E9
:104A40000078FFF7A9FE002809D0214869460978B7
:104A5000062251434018C0883E49086406E0012000
:104A60003873FFF7A5FE019000281BD101203949BA
:104A700008600020C867022000F0D2FD3C4E4020B4
:104A8000F061C030F0613878C00705D5C02000065D
:104A900030603048006CF881022000F0C1FD8120B8
:104AA000C0027064002D05D028480068800101D440
:104AB000FFF7F0F8E069E0214903014002982D4A30
:104AC00002400A43E261019805B0F0BDF03E0000EB
:104AD000403E00005C0102A8F80302A8B04301A810
:104AE00070B5FFF775FAFFF778FA234C2348006892
:104AF000C00509D5E06F000B0F210F220240072AE5
:104B000023D001400B2920D00225124805601C4EFD
:104B10000820B062C0017062012000F081FD28020F
:104B2000706235600620B06216487062E020400076
:104B3000154908600C4805600021144A1160C02125
:104B4000C900016020681249086070BD500002A8C9
:104B5000DC3E00000C8001A8703E00008C3F00008D
:104B6000981002A85C1102A8982002A8109001A831
:104B700010A001A8FFFFE3FF340002A8FC0302A875
:104B80005C2102A8F96100002CA001A85C0102A828
:104B9000943F000070B50600FFF71FFA2848C021B7
:104BA000C900284A1268F823DB01134001D1C16112
:104BB00001E0254A1160254980225200244B1C68DF
:104BC000144003D008240460032001E0AC2040001E
:104BD00088641868024001D10A2008601D488021BD
:104BE000490301608909C1601B4C6069AF21C9019B
:104BF00045183068854200D30500401B3060002115
:104C00003000FFF741FE31684919316013490968E6
:104C1000216070BD80200001114908600001114928
:104C20000860704710B50400FFF75CF80E490A6889
:104C30000E4B13401C430C60FFF75DF810BD0000E5
:104C4000601102A8AC8001A87C2102A80C8001A8F8
:104C5000FC0302A8981002A8903F0000340002A8AC
:104C6000441002A8685000A83040005AFFF8FFFF27
:104C7000F1B584B0E020C000FFF7D4FFB048006871
:104C80000190B048006BAF21C9014018AE490978C6
:104C9000C90708D40499884205D2081A00F0AEFC6E
:104CA000002800D016E2A94C6068C00700D511E2C8
:104CB0000425A748C562A803A6498862A248006DDA
:104CC0000090A06B8607B60F032E03D01020A049DA
:104CD000C86223E00846E9038162E16B890601D5D9
:104CE000012053E00099090610D5E26B02210A4029
:104CF0000CD1994A05231360E36B10273B401943FD
:104D0000116000211160A16B090A1160C562E06B9E
:104D1000002803D5E8038E4988620026A06B28404E
:104D200004D0A06BC000A901084003E0854880685A
:104D3000C10701D5FFF7BCFA01200099014008D056
:104D4000BE49B2018918096AC904C90C491EBC4A86
:104D500011600021BB4A13681B0403D5926F002A1F
:104D600000D40121C0208000B74A50653202764B42
:104D70001B78DB0701D4002901D0010000E01100FD
:104D8000B24B1960B04988655A600020216C9422AA
:104D900092050A40110000D001216A4611706E028E
:104DA0006F036946097801432CD0CB480078C021B5
:104DB0000140402902D1FFF799F801E0FFF7A4F87C
:104DC000202020606846007800281AD0A06B284078
:104DD00009D028035F4988620220C049086000F0BA
:104DE000A1FA002805D05A48C5625A488662BB48D5
:104DF000076055485021405C000602D568045449BC
:104E0000086067E16068C007FBD4E8035149C862E5
:104E1000FEF752FF8A48406E216C394008D1C00627
:104E200006D5FEF75FFF0221AD4A1160FEF763FF72
:104E3000FEF74BFFA8022060C0200006A949C86009
:104E4000A803A9490860A06B4007C10F684601701C
:104E50000198C00700D4CDE000F06EFE0290FEF78E
:104E60005BFF206C40040DD400BF00BF00BF00BF3B
:104E700000BF00BF00BF00BF00BF00BF8020000612
:104E80009A490860FEF74DFF029800F059FEEE20A7
:104E9000C004AD49086093484662954903220A64FC
:104EA0007F224A644222019BDB0501D40A6000E0B4
:104EB00002600646A020B06008208B490866A3481F
:104EC0000560206CC0025BD5A14841680A0B0F2326
:104ED00013401A01D21A09090F250D4051190F3933
:104EE00001D1002200E04A1E82A55B00EB5A01932B
:104EF000102945D313490D88E72D41D395235B0035
:104F00009D42019B9C4608D895235B005B1B1B09B7
:104F100065465D43AB0A5D4205E08E4BEB181B090D
:104F200065465D43AD0A6DB252190B6B9C46CB6B67
:104F30005D4363465B190B63B32A0FD3B32210E0C2
:104F4000FC0302A8743F0000703E0000100002A89D
:104F50001C2002A81C1002A8E40000AA0F2A00D2FC
:104F60000F227D485043C00C7C49784B1960411C8E
:104F700009030301C01A1018401C00010843B06661
:104F8000714D7748A864C0208001F060564875498B
:104F9000416775498167F020000168657809B06153
:104FA0000A2000F03DFB82204002B066C4200006CB
:104FB000F060C02040016D490860012000F030FB26
:104FC0000120F060062000F02BFBF760082000F0C5
:104FD00027FB7802F0604008F0604008F060C000F5
:104FE000F0604000A864032000F01AFB78005749E5
:104FF000086004E05E4A4021002001F015F800201E
:10500000C0431149086000F070FA9B4E401DC0017A
:10501000316B47188020C00198494D6F0540984971
:1050200008600498874214D2316B401A00F0E6FA07
:1050300000280DD0934805604CE000BF0C0000AA8A
:10504000204000A8684101A8B46000A8085100A849
:10505000049F8D482349C860012000F0E1FA606A8E
:10506000F0628020400020490860380000F0C6FA55
:10507000864F3878C00703D58C204005FEF72AFEFE
:1050800068460078002806D17C4800687867802050
:10509000C0037F4908607B4805602B48022181647A
:1050A000C02189018164606A7062684600780028C6
:1050B0000AD0012000F0B4FA5020385C000603D575
:1050C0008020000396490860206CC00202D5204869
:1050D0000068306305B0F0BDF03E0000685000A8E5
:1050E000D4E40350601102A8B81002A8045009507B
:1050F000600102A800000000000400080008010C84
:1051000001100218021C0324042C04300534000092
:1051100080B55E490978C90701D5002803D0C020B1
:105120008000FFF77FFDFEF7DDFD954900220A6054
:105130000A22CA61FEF7DFFD9248C02189020160A0
:105140009149416001BD0000242102A8C82102A8A4
:10515000F83F0000D6FEFFFF89880000F0F0000055
:1051600004040000020300000004FF00B05101A885
:10517000050700008548806B800300D47047F8B5B0
:1051800083480068009000240020012600993140E7
:1051900001D0C02080017F4902220A6008640827EC
:1051A0007D4807607D480068C00403D47C480068DF
:1051B0003840FBD07B4D34486865042000F030FA5D
:1051C0008820C00468650098304027D0F0056865E5
:1051D00080006865012000F023FA6E65F0036865C1
:1051E0004002686500F0A8FC0600FEF795FD6748E0
:1051F000006C40040DD400BF00BF00BF00BF00BF63
:1052000000BF00BF00BF00BF00BF8020000666498E
:105210000860FEF786FD300000F092FC634E0098B7
:10522000C00501D5376000E034607460C02000061E
:105230006865C00C5E490860012000F0F1F9F020BB
:105240000001E8665B480099C90502D503210160A9
:1052500000E00460862040025749086057486865AE
:105260002F60A020286534647464B8024749086040
:10527000000153490860F1BD743F000020C001A83F
:1052800094E001A894D001A802400000703E000004
:105290001C1002A8F8B54B4800680D2707400424ED
:1052A000002F00D104274848102566030821474AEB
:1052B000474B1B682340126814D04260394004D029
:1052C0000220FEF736FC434806603C4007D04248C7
:1052D0000068054340480560B0083E490860022068
:1052E0003E4915E00260394005D00220FEF721FC5E
:1052F000A002384908603C4006D0374801680D4399
:1053000005607009334908603448066030032C4951
:105310000860FFF72FFF00210020FEF792FBF1BD90
:105320001C2002A810B580202D490A6802400AD02E
:105330002C4B1A680624144005D15C6E2A4A224080
:105340001B6D9C0101D5002010BD096808400DD0DF
:105350002648824203D1180501D5012010BD2448FA
:105360000068C107C90F481E8041C00F10BD214809
:1053700003210164A821C16310210160704700006E
:10538000D80000AA442002A804000080100002A84F
:10539000FC0302A82C1102A8106001A8D84001A8A3
:1053A000104001A8182102A804600950600102A859
:1053B000B06101A8548001A8C82102A804340000EB
:1053C000482002A8B44000A8E83E00001CC101A883
:1053D000480002A8441002A8683F0000685000A8D6
:1053E000440002A814C001A81F1F0000010C000007
:1053F00030C101A8082002A86C48006801210842B9
:1054000009D16B4A12686B4B000C1840F032914086
:105410000B40984201D00220704700207047F8B539
:1054200007000F386A461080604CE0680A0004D11B
:105430006B461B8882B29A423AD200226B461A808F
:10544000012502263A0013D02268324007D00029F5
:105450002ED059480088401C574908800020390048
:10546000216156490E6080B2B84201D369460D8071
:105470005348456000E030BF2068304003D1FFF75B
:10548000BBFF0028F7D04D484560390010D0216897
:10549000314005D048490A886B461B88D2180A80DB
:1054A000066000202061E068B84201D244480660EE
:1054B000FFF7A2FFF2BD38B5050000F03DFB040088
:1054C000012199204543A8093E4A126880181238E4
:1054D00080B2FFF7A4FF05008020C0013A490860B0
:1054E000200000F02DFB280032BD334803883549E9
:1054F000096802889342F9D1100408187047FEB574
:105500001238070C6946088000F016FB0190274C02
:10551000294D2888B8421ADA01202C490860274E04
:1055200030BF02202168014006D030604003264988
:1055300008602888401C2880FFF75EFF002802D101
:105540002988B942ECDB0121716000280DD128883F
:10555000B8420AD1E06869460988884205D200212C
:1055600068460088FFF75BFF01E0FFF745FF040096
:105570008020C00114490860019800F0E1FA200081
:10558000FEBD10B512490A680E4B1B680C689442A8
:10559000FAD0DB014033141A02D288692418641C43
:1055A0000C4800684443181B10BD0000280002A8E6
:1055B00004ED00E0FF3F0000503E0000282002A85C
:1055C000281002A8340002A880E200E02C1002A8F3
:1055D00020C001A8B43F0000F0B502E00A601C60E2
:1055E0002E607EC84F1C07D05F1C04D06F1CF5D105
:1055F0000A601C60F0BD0A60F0BD000010B5C4096F
:10560000FFF773FF201A312806DAC000183801D4DA
:10561000C01EFDD5002010BD2000FFF770FF10BD9B
:10562000C32148436F3801D41E38FDD50020704790
:1056300080B5FEF77EFA01208C49086001BD38B5BF
:105640008B490C6808258B490D60FFF7F1FF2C4052
:1056500001D08948056031BD80B5EB2000F001F82C
:1056600001BD30B585490B6818401022134211D096
:10567000834BFB24A4012468224008D0B04A14685C
:105680002402FF252D0225401D6300241460802282
:1056900052031A60086030BDF3B5010016001C000B
:1056A00000250095A748019A330000270BE0BC466F
:1056B0004F5D4743AE009E597E40575D474337409C
:1056C000664637436D1CA542F1D3390939438A0830
:1056D0000A43510811430840C10901430F208A0BB6
:1056E0000A4302405040F6BDF1B582B00E000020E2
:1056F00093490860FD25AD01EF7AA87A01900F214A
:10570000394000910ED00B468F4A90490298FFF71E
:10571000C3FF019901408A4801608D4841438D488B
:10572000084001D1012400E04401380915D03200BD
:105730003B0929000298009E6D7A75194019FFF700
:10574000ABFF0199091101407D4802680B01134329
:105750000360002901D0480044437F48006820408E
:1057600001D10420FEBD0020FEBD80B50A0000214D
:1057700011807A4952888018FFF7B6FF02BDF0B554
:105780000F22774B5C7905780F202040C540200917
:10579000284001259C79C4402C4001D10320F0BD54
:1057A000FB24A4012468254008D06E4D9E68470064
:1057B000F65B761E2E608026B601EE60DD78DE791F
:1057C000C640F00711D5E0060FD5002D0DD0664874
:1057D00048600888488008881C7800192A4080188A
:1057E0005A7880182A09801800E0002008800020DC
:1057F000F0BD10B55D4801685D4A0820014200D047
:105800009061C90602D58C210901116059495A4A93
:105810005A4B1B681B040CD54B685C0402D5C303B0
:10582000136006E0C024A4011C4043029C4200D047
:1058300010600B68034005D0514B1B689B0F9B0702
:1058400000D01060FB2080010078C023034002D10B
:1058500080204005106008682021084010604948F9
:105860000068C00101D4FFF7F7FE10BD2C4000A86E
:105870004C4000A84C6000A84C5000A8703F0000AD
:105880001C1002A8F8B5404F38687E6806403F48B3
:1058900030403F4908608024A4033E4DF00228D5E3
:1058A000FB208001016801200A0605D53A490968F4
:1058B000A9602870022014E0014202D03749A96093
:1058C0000FE00020C9060CD52749A960344A917819
:1058D0000B071B0F12789A1809095118A980E88044
:1058E000A888A880A888002801D0264301E0FFF7F7
:1058F000B3FE264023D0264E74603460A88800286A
:105900000BD0396A814208D3291D2648AA689047DE
:105910000100F3D0FFF78CFEF1BD01000CD0FC219B
:105920008902F16120490203CA6134604C603A6A1D
:10593000824204D30C60F1BDEB20FFF792FEF1BD73
:10594000303E000001010101F83E0000383F000038
:105950001111000021840000F43E0000183F0000F7
:10596000483F0000204000A8B3220000F84F00008C
:10597000502102A8184001A8481002A8684101A8B7
:105980004C4201A8D04000A8B44000A8FFFFDFFFB0
:10599000B46000A8343E0000C83C0000C7220000EC
:1059A000493F0000D84000A8B45000A870B50500D9
:1059B0000C0000F0C1F80600FEF7AEF92002054326
:1059C00006480560022006490860FEF7AAF9300083
:1059D00000F0B6F801200349087070BD048009503A
:1059E00040900950543E0000FEB5C020C004334929
:1059F0000860334833494865334888653348402454
:105A0000046044601020FFF70BFE002854D1FF20F3
:105A100000052F4908602F482F4908602F48294961
:105A20000860A5032A4805602D4807680820FFF78D
:105A3000F7FD002840D108262A4806600120FFF71C
:105A4000EFFD2748806801902748066027481D49D8
:105A500008601F4805600820FFF7E2FD00282BD1F1
:105A6000204806600120FFF7DBFD1D48806800909C
:105A70001D480660134D1E4828600199009800F0EB
:105A80003FF88606B60E0198C10B0098C00B00F0D7
:105A900037F80002FC218901014031432960104898
:105AA000076060030A4908601248046044601249B4
:105AB0000164124941640020FEBD000020E000A8FE
:105AC000571400004C0102A8FF3FFF3F601102A8DD
:105AD000B42002A80000380EB41002A83030000034
:105AE000104101A8105101A8106101A81010000078
:105AF00020200000602102A8F703F000FF3F000013
:105B000010B54904CA104004C310991A00209A180D
:105B1000D30F9A18521052188B115B0E5B18DB11C1
:105B2000D2182023541A01D422001843CC0F611834
:105B300049105B08F6D110BDEFF3108072B67047C4
:105B4000002800D162B6704710B5C2001823134078
:105B5000FF249C40E2438907090E9940030004D4C6
:105B600074489B089B00C01806E0734B0007000FA9
:105B7000083880088000181803681A401143016033
:105B800010BD80B573225421002000F04DFA01BDF4
:105B900010B5FFF7D1FF694901220A60684B694CD3
:105BA0002360694C23600323684C2360684C2360A6
:105BB000684B1A60684B1A60684B80241C601A603E
:105BC000674A1A6011228A63FFF7BAFF3F206549CE
:105BD000096801400A1D402A00D2081D624A10705F
:105BE000A548017010BD80B501001120FFF7ACFF82
:105BF00001BDFFF7A1FF05000024012160B2FFF7FE
:105C0000A3FF641C0E2CF8D301210F20FFF79CFF8B
:105C100001211320FFF798FF01211720FFF794FFC0
:105C200003210120C043FFF78FFF01211E20FFF752
:105C30008BFF4E484E49086002204E490860012003
:105C40009B49086047044C4C20693840FCD02068D0
:105C5000800101D4FEF70EF82800FFF771FF4748D6
:105C60000068400311D4FF2226325321002000F0A7
:105C7000DBF90AE000281CD0FEF734F819E02069AF
:105C80003840FCD02800FFF75BFF206E0004000FB7
:105C9000022801D1FEF7AAFCFFF74EFF0500774E60
:105CA000FEF730F800287078E4D0002801D1FEF724
:105CB00022F801202F493278002A05D17D4A126846
:105CC000920600D4086030BF0022327002220A60BF
:105CD00077490860D3E77848016842680A408048FD
:105CE000104018490860800700D4704710B57D48FF
:105CF0000188491C0180FB24A4012078000617D5E7
:105D000079490A680F20120B0240032A10D1774A02
:105D100012685207520F032A0AD80968090B084073
:105D2000032805D10D20FFF78AFCE08A401CE082A1
:105D300010BD000000E400E01CED00E0040002A83B
:105D40000000FF3F282002A82C1002A840E002A873
:105D500044C002A804C001A8044001A8145001A82E
:105D6000200060062C8001A8523E0000FFFF9B40EF
:105D700000E100E0602002A8500002A8F80702A895
:105D8000F8B55B4C20686568054090480560594847
:105D9000284007D0FDF7C9FF002803D02800564946
:105DA000096888470121022289480078C00701D587
:105DB000022300E001232B408648002B10D0864BA5
:105DC0001A60864A12680A4007D10268F0231B0550
:105DD0001340902212059342F3D00902804A1160C9
:105DE00080210D4220D0A26AF823DB0113401BD092
:105DF000C0221201934217D880231B06894E3360BC
:105E0000A76AF826F6013E40374F3F683F043F0F30
:105E1000022F01D0032F03D1002E01D09642EFD3E1
:105E2000904A1360694A11608F49097806290DDA92
:105E3000CC20800128401DD0FFF77EFE0400280002
:105E4000FDF72FFC2000FFF77BFEF1BD806B800586
:105E500010D58648284005D0FEF798FA2800FDF7AF
:105E600020FCF1BDA80205D58020400157490860FB
:105E70007F490860F1BD0000533E0000553E000020
:105E800010B57C48016844680C407B480460802160
:105E90000C4205D04160794801600020FDF701FC0B
:105EA000600403D5802040057549086010BD0000DE
:105EB000601002A8F40302A8280002A838B57148AF
:105EC000016844680C40E00707D5FFF735FE050080
:105ED000FDF782FC2800FFF733FE6B48046031BDFC
:105EE000FFFF00C0503E0000B00002A8184001A80B
:105EF000104001A802000600CC3C0000FEB5634C37
:105F0000206C676C074001252F4216D02E06604892
:105F1000066020685F490D60002802D00021FDF76F
:105F200033FE5D480068A021C90188428041C0431A
:105F3000C00F5A4948705A480660FDF7D3FE0190D9
:105F4000022007403ED06168CEB20F0A55490822B0
:105F5000494B4403012E24D0022E31D1012F22D1EE
:105F6000514EF6780096504E37780126BE404F4F7E
:105F70003E604D4E3678760590277F04F71903264C
:105F80003E434B4F3E601C604A4B1C600B68009CBC
:105F90001B194B65444909788D4047490D604749B5
:105FA0000DE00090DFE7002F0AD1454E3560002557
:105FB0004D655C601C60C104424B196042490A6037
:105FC000344908600198FDF796FEF7BD106001A8FE
:105FD000703E00000C0002A86C1102A8B44000A89A
:105FE000B82002A870B5FDF77DFE0400FFF7A4FD00
:105FF0002F490A68D2070FD52A4A566D1368334DC8
:106000002E60CE686E604968E9818021C904204E07
:106010003160297B59185165FFF792FD2000FDF78B
:106020006AFE70BDE06101A8002800D0704770B51D
:106030000C00FDF757FE0500FFF77EFD0600FDF79B
:106040006BFE234804600121224A1160026C0A4061
:10605000FCD1FDF766FE3000FFF772FD2800FDF76A
:106060004AFE70BDE05101A8203E0000001040062D
:10607000145001A890C001A890E001A80CC001A88C
:1060800004ED00E0C0C000A8C0E000A800C002A865
:10609000441002A840E002A8404000A8553E00007D
:1060A000442002A818800A50693E000068A00A50E7
:1060B00060C101A894D001A868900A50F42302A8F6
:1060C00060E101A880E200E0F41302A8603E000055
:1060D000008009504090095080B5FDF726FE002849
:1060E00001D000F0B3FE01BD80B5FDF75BFEC348F3
:1060F000006800030AD4FEF711F9FFF73BF8FEF73A
:1061000089F80120FFF704F8FEF7EAFC80208005FB
:10611000FDF7E0FD01BD80B5FDF744FE80204002A3
:10612000FDF7D8FD01BDFEB505208D4908608D48FD
:1061300006680124264201D1FDF74AFFFDF732FE31
:106140009C49086800909C4849680160B105CA0FE5
:1061500069460A710025264210D000959749496882
:1061600001609648026896490B68981A9A4202D3D1
:106170008B69C018401CA24B9842F5D3A14805601A
:1061800068460079002804D031000098FDF764FBD0
:10619000009000279B480068204003D16846FDF727
:1061A00044FF0700FDF79AFF002840D08348407C59
:1061B00000283CD19449814DEE680A6933689A42BF
:1061C00000D00120914A9446914A13780622534305
:1061D0006246D35AB4460200182672436646B21885
:1061E0005360009A0192EA68012343401820434318
:1061F000D61830680861B0680860A248F16801608C
:10620000316901627069A049086001A8FDF70DFFBE
:10621000002806D17D497E4A127806235A43895ABE
:106220007160390007000F4301D16C7401E0002F49
:1062300002D10098FDF774FF9E48046002209E4939
:106240000860C820C004BC4908606004FDF742FD36
:10625000F7BDF8B5994C8025EF02FDF73FFF002808
:1062600008D097480078002804D13800FDF732FDA7
:106270002560F1BD206CC00506D580200006206099
:1062800000BF00BF40082060FEF72AF8FDF78AFD36
:10629000FDF780F90600A948A9490860FFF71CFF2F
:1062A0003800FDF717FD002E00D025600120A5491C
:1062B0000870F1BDF8B50120FFF795FCA24CA3488A
:1062C00000682060FDF76EFD7820205C052101400C
:1062D00002D0FDF70BFE01E0FDF716FE774D022719
:1062E000A06F384001D0012028601020C043984999
:1062F00008600026EE6397480660FDF716FD00284B
:1063000002D000F0F0FD00E06663FDF7D5FC924896
:106310000068296C090407D4000705D5FDF7E2FCE5
:106320008E490F60FDF7E7FCFDF7CFFCFFF761FA40
:10633000B804FDF7CFFC0020FFF755FCF1BD80B598
:10634000FDF730FD2D480068000303D4FDF762FF20
:10635000FEF7C6FB80204003FDF7BCFC01BD00003A
:106360005C1102A8440002A838B5FDF71BFD534C90
:106370002025FEF7D7FF002806D0606B000704D564
:10638000FEF7F5FFFEF746FC2560FDF743FFFEF73D
:10639000A7FB734800780C210140042902D1FDF7C6
:1063A000A5FD01E0FDF7B0FD6804FDF793FC40207A
:1063B000206031BDB83F00002C3E0000CC3E000004
:1063C00020C001A81CB5052066490860FDF7EAFC5D
:1063D000FEF7CDFF6448006800906846FEF7DAFBE0
:1063E0000400FFF779FE002C02D10098FEF740FC74
:1063F00080204004FDF76EFC13BD00000C0002A8D5
:1064000001FF0000283E0000348001A8463E000045
:10641000403E0000F8B5FDF7C5FC544CA56A50207D
:10642000284002D0FDF762FD01E0FDF76DFD234F2E
:10643000FEF778FF00281BD1B86B40071DD4786B9E
:10644000E0214901014018D1A80611D4FDF734FC20
:10645000A56A474E354207D0FF20C0432D18A562DC
:1064600080200005A9490860FDF72FFC2E4002D0CE
:106470000120386001E00020206080208004FDF7CA
:1064800029FCF1BD1C4101A8284000A880B5FDF7FA
:1064900089FC9F480068C00501D5FDF7BBFE0120BF
:1064A000FEF736FEFEF71CFB8020C004FDF712FC51
:1064B00001BD0000442002A8305201A8100002A82B
:1064C000DD3E000010B526480468FDF76BFC9149DD
:1064D000096809032AD40321C00601D5214001E03F
:1064E000A0080140012902D1FDF700FD0BE02001C9
:1064F00007D50E20FFF79CF887480421016008218A
:106500000160FDF701FDFDF778FD844C20698449A9
:106510000860FFF7E1FD2068002807D0400012283E
:1065200002D2FFF77DF801E0FEF7C5FF802080036F
:10653000FDF7D0FB10BD0000106001A87001200025
:10654000B46000A8553E0000783E000008C000A8D6
:10655000482002A8303E0000844000A8D4E4035044
:10656000F03E00005C1102A8CC3F0000C83E0000D5
:1065700000FFFF00FEB500246A490C730120694644
:1065800008700294FDF70EFC0600624F38680003A5
:1065900000D5B5E003209F4908649F480268FF20AA
:1065A00080019E4910255F4B1B78DB0720D5120721
:1065B000120F022A03D09A4A12682A4004D1594A7B
:1065C0005268584B5B7801E08A680B688E6A096AEA
:1065D0000091911B14225143DBB2C918009A891A09
:1065E00009014068081801D5019453E0019051E079
:1065F00013071B0F032B03D01204120F062A3AD1E4
:106600008968426802923A6C920701D580680290CC
:106610000800FEF7B6FF0299401801D5019400E08A
:106620000190B86B0107C80F03213F4A12680A4066
:10663000022A1AD12E4018D03A4A126DD30512D52B
:10664000FE6B984B1E409E4202D172490D640CE0D5
:1066500092050AD43A6C2823134006D16B461C706D
:106660002A4A116001E06A46147002906846067872
:10667000002E03D10FE0006801900126FEF752FEC4
:10668000002808D0FEF773FE0298002802D0FEF71B
:10669000C1FA00E0002602205E490860002E10D0FA
:1066A000214800780C210140042902D0F86B0540F4
:1066B00002D0FDF71BFC01E0FDF726FC20207860EE
:1066C0001EE018480078C00705D555480068054009
:1066D00001D1FDF71DFCFDF79DFD802000060B4953
:1066E00008600020C0437049086001A8FEF752FA14
:1066F0000400FFF7F1FC002C02D10198FEF7B8FA74
:1067000080200004FDF7E6FAF7BD0000481002A85B
:10671000680102A80C0002A880E200E0AC3F000083
:106720002C3E0000703E0000F03E0000FEB500244C
:106730005E490C730094FDF735FBFFF7CDFC5C4D13
:10674000E86E5C4E0007000F07280BD16868002830
:1067500008D40020FEF7DCFC306857490860FDF7DC
:10676000D5FC52E001201027696849070DD4534930
:106770000968014009D001024C4A126D0A4208D052
:10678000520502D42A68114001D1009001E04C4822
:10679000076046480078C00705D5214800683840A2
:1067A00001D0FDF7B5FB474801680320009A002A95
:1067B00001D0890900E00909084001900020FEF796
:1067C000A7FC0198002805D16868074002D1FDF7B1
:1067D0009BFB01E0FDF78AFB00200099002903D113
:1067E00039480068FEF7CDFE7169401801D5009464
:1067F00000E000906846FDF718FC002805D10098DD
:10680000FDF78EFCB0692C49086080200005FDF77B
:1068100061FAF7BD082002A8B00002A804C101A8CF
:10682000B04301A8F8B5FDF7BDFA002400252748BC
:10683000466B80277F05300606D5300709D5FEF761
:1068400096FDFEF7E7F929E001251C48006828407D
:1068500019D00020FEF75CFC0220064002D01C4943
:106860000C60C8611B480468002D03D02000FDF7B0
:106870007FF80400FEF77BFD2000FEF7F9F93800F1
:10688000FDF728FAF1BD0F480078C02101404029EA
:1068900002D1FDF72BFB01E0FDF736FB20200B4971
:1068A0000860ECE710000010B46000A8703E000023
:1068B000440002A8BC3F00002C3E0000B44000A8E9
:1068C000481002A8F03E00001CC101A8100002A858
:1068D000180000AAD83F0000FFF75AF90248034900
:1068E0004860FFF786F900BF3B270000000000006A
:1068F00080B5EFF305800B2801D23A2100E0292171
:0C690000FF2216320020FFF78FFBFEE79D
:08690C007CA0FE7F01000000E9
:0C69140020690108A0920020850000000E
:106920000000000000000000FFFF0000C0EA21019D
:10693000C0EA210100800000C01753020400E40CEB
:106940000A000000B8940020580C01080000000064
:10695000FFFFFFFFFFFFFFFFDC920020740E00200F
:10696000380C010802000000514F00080000000030
:106970000000000000000000000000000B0000000C
:10698000FFFFFFFF5417010874170108941701084F
:10699000AC170108DC170108F417010814180108E6
:1069A00030180108481801086C18010884180108FB
:1069B0009C180108B8180108D0180108EC18010843
:1069C000081901082C190108501901086C1901084F
:1069D00094190108B4190108D4190108F81901081B
:1069E000181A0108381A0108681A01087C1A0108E7
:1069F000901A0108A81A0108C01A0108D81A01083B
:106A0000EC1A0108001B0108181B0108301B0108C3
:106A1000481B0108601B0108781B0108941B010832
:106A2000BC160108C4160108CC160108D8160108C6
:106A3000E4160108EC160108F41601080017010815
:106A40000817010810170108181701082017010876
:106A5000281701082C17010830170108030000004F
:106A6000341701083C170108441701084C170108A6
:106A70000A00000074260108000000000300000066
:106A8000148E00200894002000000000148E0020C6
:106A90007C8E0020E48E002000000000000000003A
:106AA00000000000000000000000000000000000E6
:106AB00000000000000000000000000000000000D6
:106AC00000000000000000000000000000000000C6
:106AD00000000000FFFE000828290108FFFFFFFF5B
:106AE000B5010108B1010108FFFFFFFFFFFFFFFF34
:106AF000C501010877040108FFFFFFFF49050108F0
:106B0000FFFFFFFFFFFFFFFFFFFFFFFFFFFFFFFF95
:106B1000CB260000FFFFFFFF0002FFFF0C0000007C
:106B200000002801FF0C01FF0F00000065090008AC
:046B30003D09000813
:0400000508000A499C
:00000001FF
